,id,book_id,title,authors,decade_year
0,1,2767052,"The Hunger Games (The Hunger Games, #1)",author_suzanne_collins,decade_2000s
1,2,3,"Harry Potter and the Sorcerer's Stone (Harry Potter, #1)",author_jk_rowling author_mary_grandpr,decade_1990s
2,3,41865,"Twilight (Twilight, #1)",author_stephenie_meyer,decade_2000s
3,4,2657,To Kill a Mockingbird,author_harper_lee,decade_1960s
4,5,4671,The Great Gatsby,author_f_scott_fitzgerald,decade_1920s
5,6,11870085,The Fault in Our Stars,author_john_green,decade_2010s
6,7,5907,The Hobbit,author_jrr_tolkien,decade_1930s
7,8,5107,The Catcher in the Rye,author_jd_salinger,decade_1950s
8,9,960,"Angels & Demons  (Robert Langdon, #1)",author_dan_brown,decade_2000s
9,10,1885,Pride and Prejudice,author_jane_austen,decade_1810s
10,11,77203,The Kite Runner,author_khaled_hosseini,decade_2000s
11,12,13335037,"Divergent (Divergent, #1)",author_veronica_roth,decade_2010s
12,13,5470,1984,author_george_orwell author_erich_fromm author_cell_ster,decade_1940s
13,14,7613,Animal Farm,author_george_orwell,decade_1940s
14,15,48855,The Diary of a Young Girl,author_anne_frank author_eleanor_roosevelt author_bm_mooyaartdoubleday,decade_1940s
15,16,2429135,"The Girl with the Dragon Tattoo (Millennium, #1)",author_stieg_larsson author_reg_keeland,decade_2000s
16,17,6148028,"Catching Fire (The Hunger Games, #2)",author_suzanne_collins,decade_2000s
17,18,5,"Harry Potter and the Prisoner of Azkaban (Harry Potter, #3)",author_jk_rowling author_mary_grandpr author_rufus_beck,decade_1990s
18,19,34,"The Fellowship of the Ring (The Lord of the Rings, #1)",author_jrr_tolkien,decade_1950s
19,20,7260188,"Mockingjay (The Hunger Games, #3)",author_suzanne_collins,decade_2010s
20,21,2,"Harry Potter and the Order of the Phoenix (Harry Potter, #5)",author_jk_rowling author_mary_grandpr,decade_2000s
21,22,12232938,The Lovely Bones,author_alice_sebold,decade_2000s
22,23,15881,"Harry Potter and the Chamber of Secrets (Harry Potter, #2)",author_jk_rowling author_mary_grandpr,decade_1990s
23,24,6,"Harry Potter and the Goblet of Fire (Harry Potter, #4)",author_jk_rowling author_mary_grandpr,decade_2000s
24,25,136251,"Harry Potter and the Deathly Hallows (Harry Potter, #7)",author_jk_rowling author_mary_grandpr,decade_2000s
25,26,968,"The Da Vinci Code (Robert Langdon, #2)",author_dan_brown,decade_2000s
26,27,1,"Harry Potter and the Half-Blood Prince (Harry Potter, #6)",author_jk_rowling author_mary_grandpr,decade_2000s
27,28,7624,Lord of the Flies,author_william_golding,decade_1950s
28,29,18135,Romeo and Juliet,author_william_shakespeare author_robert___________jackson,decade_1590s
29,30,8442457,Gone Girl,author_gillian_flynn,decade_2010s
30,31,4667024,The Help,author_kathryn_stockett,decade_2000s
31,32,890,Of Mice and Men,author_john_steinbeck,decade_1930s
32,33,930,Memoirs of a Geisha,author_arthur_golden,decade_1990s
33,34,10818853,"Fifty Shades of Grey (Fifty Shades, #1)",author_el_james,decade_2010s
34,35,865,The Alchemist,author_paulo_coelho author_alan_r_clarke,decade_1980s
35,36,3636,"The Giver (The Giver, #1)",author_lois_lowry,decade_1990s
36,37,100915,"The Lion, the Witch, and the Wardrobe (Chronicles of Narnia, #1)",author_cs_lewis,decade_1950s
37,38,14050,The Time Traveler's Wife,author_audrey_niffenegger,decade_2000s
38,39,13496,"A Game of Thrones (A Song of Ice and Fire, #1)",author_george_rr_martin,decade_1990s
39,40,19501,"Eat, Pray, Love",author_elizabeth_gilbert,decade_2000s
40,41,28187,"The Lightning Thief (Percy Jackson and the Olympians, #1)",author_rick_riordan,decade_2000s
41,42,1934,"Little Women (Little Women, #1)",author_louisa_may_alcott,decade_1860s
42,43,10210,Jane Eyre,author_charlotte_bront author_michael_mason,decade_1840s
43,44,15931,"The Notebook (The Notebook, #1)",author_nicholas_sparks,decade_1990s
45,46,43641,Water for Elephants,author_sara_gruen,decade_2000s
46,47,19063,The Book Thief,author_markus_zusak,decade_2000s
48,49,49041,"New Moon (Twilight, #2)",author_stephenie_meyer,decade_2000s
49,50,30119,Where the Sidewalk Ends,author_shel_silverstein,decade_1970s
50,51,256683,"City of Bones (The Mortal Instruments, #1)",author_cassandra_clare,decade_2000s
51,52,428263,"Eclipse (Twilight, #3)",author_stephenie_meyer,decade_2000s
52,53,113436,"Eragon (The Inheritance Cycle, #1)",author_christopher_paolini,decade_2000s
53,54,11,"The Hitchhiker's Guide to the Galaxy (Hitchhiker's Guide to the Galaxy, #1)",author_douglas_adams,decade_1970s
54,55,5129,Brave New World,author_aldous_huxley,decade_1930s
55,56,1162543,"Breaking Dawn (Twilight, #4)",author_stephenie_meyer,decade_2000s
56,57,37435,The Secret Life of Bees,author_sue_monk_kidd,decade_2000s
57,58,2956,The Adventures of Huckleberry Finn,author_mark_twain author_john_seelye author_guy_cardwell,decade_1880s
58,59,24178,Charlotte's Web,author_eb_white author_garth_williams author_rosemary_wells,decade_1950s
59,60,1618,The Curious Incident of the Dog in the Night-Time,author_mark_haddon,decade_2000s
60,61,22557272,The Girl on the Train,author_paula_hawkins,decade_2010s
61,62,119322,"The Golden Compass (His Dark Materials, #1)",author_philip_pullman,decade_1990s
62,63,6185,Wuthering Heights,author_emily_bront author_richard_j_dunn,decade_1840s
63,64,10917,My Sister's Keeper,author_jodi_picoult,decade_2000s
64,65,4981,Slaughterhouse-Five,author_kurt_vonnegut_jr,decade_1960s
65,66,18405,Gone with the Wind,author_margaret_mitchell,decade_1930s
66,67,128029,A Thousand Splendid Suns,author_khaled_hosseini,decade_2000s
67,68,22628,The Perks of Being a Wallflower,author_stephen_chbosky,decade_1990s
68,69,11735983,"Insurgent (Divergent, #2)",author_veronica_roth,decade_2010s
69,70,375802,"Ender's Game (Ender's Saga, #1)",author_orson_scott_card,decade_1980s
70,71,18490,Frankenstein,author_mary_wollstonecraft_shelley author_percy_bysshe_shelley author_maurice_hindle,decade_1810s
71,72,11588,The Shining (The Shining #1),author_stephen_king,decade_1970s
72,73,1656001,"The Host (The Host, #1)",author_stephenie_meyer,decade_2000s
73,74,99561,Looking for Alaska,author_john_green,decade_2000s
74,75,227443,"Bridget Jones's Diary (Bridget Jones, #1)",author_helen_fielding,decade_1990s
75,76,14935,Sense and Sensibility,author_jane_austen author_tony_tanner author_ros_ballaster,decade_1810s
76,77,38709,"Holes (Holes, #1)",author_louis_sachar author_louis_sachar,decade_1990s
77,78,5139,"The Devil Wears Prada (The Devil Wears Prada, #1)",author_lauren_weisberger,decade_2000s
78,79,1381,The Odyssey,author_homer author_robert_fagles author_ev_rieu author_frdric_mugler author_bernard_knox,decade_0s
79,80,157993,The Little Prince,author_antoine_de_saintexupry author_richard_howard author_dom_marcos_barbosa author_melina_karakosta,decade_1940s
80,81,7445,The Glass Castle,author_jeannette_walls,decade_2000s
81,82,1845,Into the Wild,author_jon_krakauer,decade_1990s
82,83,1953,A Tale of Two Cities,author_charles_dickens author_richard_maxwell author_hablot_knight_browne,decade_1850s
84,85,370493,The Giving Tree,author_shel_silverstein,decade_1960s
85,86,32542,A Time to Kill,author_john_grisham,decade_1980s
86,87,1617,Night (The Night Trilogy #1),author_elie_wiesel author_marion_wiesel,decade_1950s
87,88,6442769,Paper Towns,author_john_green,decade_2000s
88,89,21787,The Princess Bride ,author_william_goldman,decade_1970s
89,90,231804,The Outsiders,author_se_hinton,decade_1960s
90,91,6186357,"The Maze Runner (Maze Runner, #1)",author_james_dashner,decade_2000s
91,92,1202,"Freakonomics: A Rogue Economist Explores the Hidden Side of Everything (Freakonomics, #1)",author_steven_d_levitt author_stephen_j_dubner,decade_2000s
92,93,2998,The Secret Garden,author_frances_hodgson_burnett,decade_1910s
93,94,320,One Hundred Years of Solitude,author_gabriel_garca_mrquez author_gregory_rabassa,decade_1960s
94,95,5297,The Picture of Dorian Gray,author_oscar_wilde author_jeffrey_eugenides,decade_1890s
95,96,13536860,"Fifty Shades Freed (Fifty Shades, #3)",author_el_james,decade_2010s
96,97,17245,Dracula,author_bram_stoker author_nina_auerbach author_david_j_skal,decade_1890s
97,98,5060378,"The Girl Who Played with Fire (Millennium, #2)",author_stieg_larsson author_reg_keeland,decade_2000s
98,99,11857408,"Fifty Shades Darker (Fifty Shades, #2)",author_el_james,decade_2010s
99,100,7244,The Poisonwood Bible,author_barbara_kingsolver,decade_1990s
100,101,4137,Me Talk Pretty One Day,author_david_sedaris,decade_2000s
101,102,19543,Where the Wild Things Are,author_maurice_sendak,decade_1960s
102,103,7126,The Count of Monte Cristo,author_alexandre_dumas author_robin_buss,decade_1840s
103,104,6288,The Road,author_cormac_mccarthy,decade_2000s
104,105,18710190,"Allegiant (Divergent, #3)",author_veronica_roth,decade_2010s
105,106,9418327,Bossypants,author_tina_fey,decade_2010s
106,107,3473,A Walk to Remember,author_nicholas_sparks,decade_1990s
107,108,9416,"Confessions of a Shopaholic (Shopaholic, #1)",author_sophie_kinsella,decade_2000s
108,109,24280,Les Misérables,author_victor_hugo author_lee_fahnestock author_norman_macafee,decade_1860s
109,110,10572,"A Clash of Kings  (A Song of Ice and Fire, #2)",author_george_rr_martin,decade_1990s
110,111,10441,The Memory Keeper's Daughter,author_kim_edwards,decade_2000s
111,112,15507958,"Me Before You (Me Before You, #1)",author_jojo_moyes,decade_2010s
112,113,168668,Catch-22,author_joseph_heller,decade_1960s
113,114,6900,Tuesdays with Morrie,author_mitch_albom author_saulius_dagys,decade_1990s
114,115,2187,Middlesex,author_jeffrey_eugenides,decade_2000s
115,116,24583,The Adventures of Tom Sawyer,author_mark_twain author_guy_cardwell author_john_seelye,decade_1870s
116,117,18131,"A Wrinkle in Time (A Wrinkle in Time Quintet, #1)",author_madeleine_lengle,decade_1960s
117,118,7763,The Joy Luck Club,author_amy_tan,decade_1980s
118,119,38447,The Handmaid's Tale,author_margaret_atwood,decade_1980s
119,120,452306,"The Sisterhood of the Traveling Pants (Sisterhood, #1)",author_ann_brashares,decade_2000s
120,121,7604,Lolita,author_vladimir_nabokov author_craig_raine,decade_1950s
121,122,37442,"Wicked: The Life and Times of the Wicked Witch of the West (The Wicked Years, #1)",author_gregory_maguire author_douglas_smith,decade_1990s
122,123,5358,"The Firm (Penguin Readers, Level 5)",author_john_grisham,decade_1990s
123,124,7937843,Room,author_emma_donoghue,decade_2010s
124,125,1420,Hamlet,author_william_shakespeare author_richard_andrews author_rex_gibson,decade_1600s
125,126,234225,Dune (Dune Chronicles #1),author_frank_herbert,decade_1960s
126,127,2612,The Tipping Point: How Little Things Can Make a Big Difference,author_malcolm_gladwell,decade_2000s
127,128,11084145,Steve Jobs,author_walter_isaacson,decade_2010s
128,129,332613,One Flew Over the Cuckoo's Nest,author_ken_kesey,decade_1960s
129,130,2165,The Old Man and the Sea,author_ernest_hemingway,decade_1950s
130,131,4395,The Grapes of Wrath,author_john_steinbeck,decade_1930s
132,133,8127,"Anne of Green Gables (Anne of Green Gables, #1)",author_lm_montgomery,decade_1900s
133,134,3777732,"City of Glass (The Mortal Instruments, #3)",author_cassandra_clare,decade_2000s
134,135,62291,"A Storm of Swords (A Song of Ice and Fire, #3)",author_george_rr_martin,decade_2000s
135,136,137791,Divine Secrets of the Ya-Ya Sisterhood,author_rebecca_wells,decade_1990s
136,137,10964,"Outlander (Outlander, #1)",author_diana_gabaldon,decade_1990s
137,138,12296,The Scarlet Letter,author_nathaniel_hawthorne author_thomas_e_connolly author_nina_baym,decade_1850s
138,139,9460487,"Miss Peregrine’s Home for Peculiar Children (Miss Peregrine’s Peculiar Children, #1)",author_ransom_riggs,decade_2010s
139,140,6892870,"The Girl Who Kicked the Hornet's Nest (Millennium, #3)",author_stieg_larsson author_reg_keeland,decade_2000s
140,141,18007564,The Martian,author_andy_weir,decade_2010s
141,142,5043,"The Pillars of the Earth (The Kingsbridge Series, #1)",author_ken_follett,decade_1980s
142,143,18143977,All the Light We Cannot See,author_anthony_doerr,decade_2010s
143,144,8664353,"Unbroken: A World War II Story of Survival, Resilience, and Redemption",author_laura_hillenbrand,decade_2010s
144,145,976,Deception Point,author_dan_brown,decade_2000s
145,146,17333223,The Goldfinch,author_donna_tartt,decade_2010s
146,147,1217100,Thirteen Reasons Why,author_jay_asher,decade_2000s
147,148,2865,Girl with a Pearl Earring,author_tracy_chevalier,decade_1990s
148,149,4374400,"If I Stay (If I Stay, #1)",author_gayle_forman,decade_2000s
149,150,4989,The Red Tent,author_anita_diamant,decade_1990s
150,151,28186,"The Sea of Monsters (Percy Jackson and the Olympians, #2)",author_rick_riordan,decade_2000s
151,152,5526,Dear John,author_nicholas_sparks,decade_2000s
152,153,1582996,"City of Ashes (The Mortal Instruments, #2)",author_cassandra_clare,decade_2000s
153,154,8852,Macbeth,author_william_shakespeare,decade_1600s
154,155,15241,"The Two Towers (The Lord of the Rings, #2)",author_jrr_tolkien,decade_1950s
155,156,42156,"Something Borrowed (Darcy & Rachel, #1)",author_emily_giffin,decade_2000s
156,157,23772,Green Eggs and Ham,author_dr_seuss author__,decade_1960s
157,158,6310,"Charlie and the Chocolate Factory (Charlie Bucket, #1)",author_roald_dahl author_quentin_blake,decade_1960s
158,159,2120932,"The Battle of the Labyrinth (Percy Jackson and the Olympians, #4)",author_rick_riordan,decade_2000s
159,160,2623,Great Expectations,author_charles_dickens,decade_1860s
160,161,18512,"The Return of the King (The Lord of the Rings, #3)",author_jrr_tolkien,decade_1950s
161,162,49552,The Stranger,author_albert_camus author_matthew____ward,decade_1940s
162,163,7736182,"The Lost Hero (The Heroes of Olympus, #1)",author_rick_riordan,decade_2010s
163,164,15745753,Eleanor & Park,author_rainbow_rowell,decade_2010s
164,165,13497,"A Feast for Crows (A Song of Ice and Fire, #4)",author_george_rr_martin,decade_2000s
165,166,7735333,"Matched (Matched, #1)",author_ally_condie,decade_2010s
166,167,4407,"American Gods (American Gods, #1)",author_neil_gaiman,decade_2000s
167,168,149267,The Stand,author_stephen_king author_bernie_wrightson,decade_1970s
168,169,6400090,The Last Song,author_nicholas_sparks,decade_2000s
169,170,11125,Digital Fortress,author_dan_brown,decade_1990s
170,171,6969,Emma,author_jane_austen author_fiona_stafford,decade_1810s
171,172,15823480,Anna Karenina,author_leo_tolstoy author_louise_maude author_leo_tolstoj author_aylmer_maude,decade_1870s
172,173,227463,A Clockwork Orange,author_anthony_burgess,decade_1960s
173,174,1812457,The Shack,author_william_paul_young,decade_2000s
174,175,4502507,"The Last Olympian (Percy Jackson and the Olympians, #5)",author_rick_riordan,decade_2000s
175,176,18342,It,author_stephen_king,decade_1980s
176,177,7144,Crime and Punishment,author_fyodor_dostoyevsky author_david_mcduff,decade_1860s
177,178,6514,The Bell Jar,author_sylvia_plath,decade_1960s
178,179,252577,"Angela's Ashes (Frank McCourt, #1)",author_frank_mccourt,decade_1990s
179,180,52036,Siddhartha,author_hermann_hesse author_hilda_rosner,decade_1920s
180,181,168642,In Cold Blood,author_truman_capote,decade_1960s
181,182,6304335,"Beautiful Creatures (Caster Chronicles, #1)",author_kami_garcia author_margaret_stohl,decade_2000s
182,183,7171637,"Clockwork Angel (The Infernal Devices, #1)",author_cassandra_clare,decade_2010s
183,184,39988,Matilda,author_roald_dahl author_quentin_blake,decade_1980s
184,185,9361589,The Night Circus,author_erin_morgenstern,decade_2010s
185,186,37470,"The Other Boleyn Girl (The Plantagenet and Tudor Novels, #9)",author_philippa_gregory,decade_2000s
186,187,24770,"Uglies (Uglies, #1)",author_scott_westerfeld,decade_2000s
187,188,10664113,"A Dance with Dragons (A Song of Ice and Fire, #5)",author_george_rr_martin,decade_2010s
188,189,33,"The Lord of the Rings (The Lord of the Rings, #1-3)",author_jrr_tolkien,decade_1950s
189,190,12262741,Wild: From Lost to Found on the Pacific Crest Trail,author_cheryl_strayed,decade_2010s
190,191,472331,Watchmen,author_alan_moore author_dave_gibbons author_john_higgins,decade_1980s
191,192,186074,"The Name of the Wind (The Kingkiller Chronicle, #1)",author_patrick_rothfuss,decade_2000s
192,193,3228917,Outliers: The Story of Success,author_malcolm_gladwell,decade_2000s
193,194,153747,"Moby-Dick or, The Whale",author_herman_melville author_andrew_delbanco author_tom_quirk,decade_1850s
194,195,2728527,The Guernsey Literary and Potato Peel Pie Society,author_mary_ann_shaffer author_annie_barrows,decade_2000s
195,196,5759,Fight Club,author_chuck_palahniuk,decade_1990s
196,197,301082,"Dead Until Dark (Sookie Stackhouse, #1)",author_charlaine_harris,decade_2000s
197,198,11486,The Color Purple,author_alice_walker,decade_1980s
198,199,12691,Marley and Me: Life and Love With the World's Worst Dog,author_john_grogan,decade_2000s
199,200,16299,And Then There Were None,author_agatha_christie,decade_1930s
200,201,6411961,"The Lost Symbol (Robert Langdon, #3)",author_dan_brown,decade_2000s
201,202,6339664,"Hush, Hush (Hush, Hush, #1)",author_becca_fitzpatrick,decade_2000s
202,203,11505797,"Beautiful Disaster (Beautiful, #1)",author_jamie_mcguire,decade_2010s
204,205,43763,"Interview with the Vampire (The Vampire Chronicles, #1)",author_anne_rice,decade_1970s
205,206,10507293,"The Selection (The Selection, #1)",author_kiera_cass,decade_2010s
206,207,6853,"One for the Money (Stephanie Plum, #1)",author_janet_evanovich,decade_1990s
207,208,6493208,The Immortal Life of Henrietta Lacks,author_rebecca_skloot,decade_2010s
208,209,23807,"The Silence of the Lambs  (Hannibal Lecter, #2)",author_thomas_harris,decade_1980s
209,210,345627,"Vampire Academy (Vampire Academy, #1)",author_richelle_mead,decade_2000s
210,211,40102,Blink: The Power of Thinking Without Thinking,author_malcolm_gladwell,decade_2000s
211,212,6867,Atonement,author_ian_mcewan,decade_2000s
212,213,485894,The Metamorphosis,author_franz_kafka author_stanley_corngold,decade_1910s
213,214,561456,"The Titan's Curse (Percy Jackson and the Olympians, #3)",author_rick_riordan,decade_2000s
214,215,9969571,Ready Player One,author_ernest_cline,decade_2010s
215,216,3153910,The Art of Racing in the Rain,author_garth_stein,decade_2000s
216,217,21996,"The Devil in the White City: Murder, Magic, and Madness at the Fair That Changed America",author_erik_larson author_tony_goldwyn,decade_2000s
217,218,13572249,"Bared to You (Crossfire, #1)",author_sylvia_day,decade_2010s
218,219,11127,"The Chronicles of Narnia (Chronicles of Narnia, #1-7)",author_cs_lewis author_pauline_baynes,decade_1950s
219,220,3609760,Twilight: The Complete Illustrated Movie Companion,author_mark_cotta_vaz,decade_2000s
220,221,60748,"A Child Called ""It"" (Dave Pelzer #1)",author_dave_pelzer,decade_1990s
221,222,7869,"The Bourne Identity (Jason Bourne, #1)",author_robert_ludlum,decade_1980s
222,223,249747,"Artemis Fowl (Artemis Fowl, #1)",author_eoin_colfer,decade_2000s
223,224,6487308,"Fallen (Fallen, #1)",author_lauren_kate,decade_2000s
224,225,4406,East of Eden,author_john_steinbeck,decade_1950s
225,226,5886881,Dark Places,author_gillian_flynn,decade_2000s
226,227,5359,The Client,author_john_grisham,decade_1990s
227,228,228333,"The Nanny Diaries (Nanny, #1)",author_emma_mclaughlin author_nicola_kraus,decade_2000s
228,229,24213,Alice's Adventures in Wonderland & Through the Looking-Glass,author_lewis_carroll author_john_tenniel author_martin_gardner,decade_1860s
229,230,2156,Persuasion,author_jane_austen author_james_kinsley author_deidre_shauna_lynch,decade_1810s
230,231,556602,Sarah's Key,author_tatiana_de_rosnay,decade_2000s
231,232,43615,"The Gunslinger (The Dark Tower, #1)",author_stephen_king,decade_1980s
232,233,9712,Love in the Time of Cholera,author_gabriel_garca_mrquez author_edith_grossman,decade_1980s
233,234,439288,Speak,author_laurie_halse_anderson,decade_1990s
234,235,17802724,The Husband's Secret,author_liane_moriarty,decade_2010s
235,236,1898,Into Thin Air: A Personal Account of the Mount Everest Disaster,author_jon_krakauer,decade_1990s
237,238,242006,Running with Scissors,author_augusten_burroughs,decade_2000s
238,239,8908,World War Z: An Oral History of the Zombie War,author_max_brooks,decade_2000s
239,240,17212231,"Inferno (Robert Langdon, #4)",author_dan_brown,decade_2010s
240,241,47281,Number the Stars,author_lois_lowry,decade_1980s
241,242,13145,"Along Came a Spider (Alex Cross, #1)",author_james_patterson,decade_1990s
242,243,10614,Misery,author_stephen_king,decade_1980s
243,244,66559,Sharp Objects,author_gillian_flynn,decade_2000s
244,245,2839,Bridge to Terabithia,author_katherine_paterson,decade_1970s
245,246,30183,"Marked (House of Night, #1)",author_pc_cast author_kristin_cast,decade_2000s
246,247,36072,The 7 Habits of Highly Effective People: Powerful Lessons in Personal Change,author_stephen_r_covey,decade_1980s
247,248,1622,A Midsummer Night's Dream,author_william_shakespeare author_barbara_a_mowat author_paul_werstine author_catherine_belsey,decade_1590s
248,249,4588,Extremely Loud and Incredibly Close,author_jonathan_safran_foer,decade_2000s
249,250,11387515,Wonder,author_rj_palacio,decade_2010s
250,251,233093,The Cat in the Hat,author_dr_seuss,decade_1950s
251,252,11235712,"Cinder (The Lunar Chronicles, #1)",author_marissa_meyer,decade_2010s
252,253,16160797,"The Cuckoo's Calling (Cormoran Strike, #1)",author_robert_galbraith author_jk_rowling,decade_2010s
253,254,6068551,"Shiver (The Wolves of Mercy Falls, #1)",author_maggie_stiefvater,decade_2000s
254,255,662,Atlas Shrugged,author_ayn_rand author_leonard_peikoff,decade_1950s
255,256,49436,Three Cups of Tea: One Man's Mission to Promote Peace ... One School at a Time,author_greg_mortenson author_david_oliver_relin,decade_2000s
256,257,13023,Alice in Wonderland,author_jane_carruth author_lewis_carroll author_rene_cloke,decade_1860s
257,258,1232,"The Shadow of the Wind (The Cemetery of Forgotten Books,  #1)",author_carlos_ruiz_zafn author_lucia_graves,decade_2000s
258,259,7631105,"The Scorch Trials (Maze Runner, #2)",author_james_dashner,decade_2010s
259,260,4865,How to Win Friends and Influence People,author_dale_carnegie,decade_1930s
260,261,480479,Under the Tuscan Sun,author_frances_mayes,decade_1990s
261,262,19486412,Big Little Lies,author_liane_moriarty,decade_2010s
262,263,24337,Ella Enchanted,author_gail_carson_levine,decade_1990s
263,264,3876,The Sun Also Rises,author_ernest_hemingway,decade_1920s
264,265,14891,A Tree Grows in Brooklyn,author_betty__smith,decade_1940s
265,266,13148,"Kiss the Girls (Alex Cross, #2)",author_james_patterson,decade_1990s
266,267,21853621,The Nightingale,author_kristin_hannah,decade_2010s
267,268,6334,Never Let Me Go,author_kazuo_ishiguro,decade_2000s
268,269,366522,P.S. I Love You,author_cecelia_ahern,decade_2000s
269,270,12873,Rebecca,author_daphne_du_maurier author_sally_beauman,decade_1930s
270,271,18373,Flowers for Algernon,author_daniel_keyes,decade_1960s
271,272,6952,Like Water for Chocolate,author_laura_esquivel author_thomas__christensen author_carol_christensen,decade_1980s
272,273,1103,Snow Flower and the Secret Fan,author_lisa_see,decade_2000s
273,274,22034,The Godfather,author_mario_puzo author_robert_thompson author_peter_bart,decade_1960s
274,275,49750,An Abundance of Katherines,author_john_green,decade_2000s
275,276,29579,Foundation (Foundation #1),author_isaac_asimov,decade_1950s
276,277,15783514,The Ocean at the End of the Lane,author_neil_gaiman,decade_2010s
277,278,30118,A Light in the Attic,author_shel_silverstein,decade_1980s
278,279,29056083,"Harry Potter and the Cursed Child - Parts One and Two (Harry Potter, #8)",author_john_tiffany author_jack_thorne author_jk_rowling,decade_2010s
279,280,11614718,"Delirium (Delirium, #1)",author_lauren_oliver,decade_2010s
280,281,32499,The Pelican Brief,author_john_grisham,decade_1990s
281,282,17061,Coraline,author_neil_gaiman,decade_2000s
282,283,12067,"Good Omens: The Nice and Accurate Prophecies of Agnes Nutter, Witch",author_terry_pratchett author_neil_gaiman,decade_1990s
283,284,70401,On the Road,author_jack_kerouac,decade_1950s
284,285,16181775,"The Rosie Project (Don Tillman, #1)",author_graeme_simsion,decade_2010s
285,286,3063499,The Lucky One,author_nicholas_sparks,decade_2000s
286,287,2122,The Fountainhead,author_ayn_rand author_leonard_peikoff,decade_1940s
288,289,76620,"Watership Down (Watership Down, #1)",author_richard_adams,decade_1970s
289,290,10335308,Is Everyone Hanging Out Without Me? (And Other Concerns),author_mindy_kaling,decade_2010s
290,291,3591262,Cutting for Stone,author_abraham_verghese,decade_2000s
291,292,140225,"The Voyage of the Dawn Treader (Chronicles of Narnia, #3)",author_cs_lewis author_pauline_baynes,decade_1950s
292,293,295,Treasure Island,author_robert_louis_stevenson,decade_1880s
293,294,9520360,"The Son of Neptune (The Heroes of Olympus, #2)",author_rick_riordan,decade_2010s
294,295,10644930,11/22/63,author_stephen_king,decade_2010s
295,296,4948,The Very Hungry Caterpillar Board Book,author_eric_carle,decade_1960s
296,297,135479,Cat's Cradle,author_kurt_vonnegut_jr,decade_1960s
297,298,2493,The Time Machine,author_hg_wells author_greg_bear author_carlo_pagetti,decade_1890s
298,299,7933292,Heaven is for Real: A Little Boy's Astounding Story of His Trip to Heaven and Back,author_todd_burpo author_lynn_vincent,decade_2010s
299,300,39999,The Boy in the Striped Pajamas,author_john_boyne,decade_2000s
300,301,4900,Heart of Darkness,author_joseph_conrad,decade_1890s
301,302,7812659,Safe Haven,author_nicholas_sparks,decade_2010s
302,303,52529,"The Secret (The Secret, #1)",author_rhonda_byrne,decade_2000s
303,304,227711,I Know This Much Is True,author_wally_lamb,decade_1990s
304,305,10583,Pet Sematary,author_stephen_king,decade_1980s
305,306,5203,She's Come Undone,author_wally_lamb,decade_1990s
306,307,1215032,"The Wise Man's Fear (The Kingkiller Chronicle, #2)",author_patrick_rothfuss,decade_2010s
307,308,33724,Can You Keep a Secret?,author_sophie_kinsella,decade_2000s
308,309,6752378,"City of Fallen Angels (The Mortal Instruments, #4)",author_cassandra_clare,decade_2010s
309,310,14748,"Good in Bed (Cannie Shapiro, #1)",author_jennifer_weiner,decade_2000s
310,311,3412,The Thorn Birds,author_colleen_mccullough,decade_1970s
311,312,2213661,The Graveyard Book,author_neil_gaiman author_dave_mckean,decade_2000s
312,313,13158800,The Light Between Oceans,author_ml_stedman,decade_2010s
313,314,28194,"Inkheart (Inkworld, #1)",author_cornelia_funke author_anthea_bell,decade_2000s
314,315,4894,Who Moved My Cheese?,author_spencer_johnson author_kenneth_h_blanchard,decade_1990s
315,316,9791,A Walk in the Woods,author_bill_bryson,decade_1990s
316,317,13214,I Know Why the Caged Bird Sings,author_maya_angelou,decade_1960s
317,318,15818107,Orphan Train,author_christina_baker_kline,decade_2010s
318,319,8755776,"City of Lost Souls (The Mortal Instruments, #5)",author_cassandra_clare,decade_2010s
319,320,13526165,"Where'd You Go, Bernadette",author_maria_semple,decade_2010s
321,322,14497,Neverwhere,author_neil_gaiman,decade_1990s
322,323,9717,The Unbearable Lightness of Being,author_milan_kundera author_michael_henry_heim,decade_1980s
323,324,16068905,Fangirl,author_rainbow_rowell,decade_2010s
324,325,4473,A Prayer for Owen Meany,author_john_irving,decade_1980s
325,326,32234,White Oleander,author_janet_fitch,decade_1990s
326,327,9275658,"Legend (Legend, #1)",author_marie_lu,decade_2010s
327,328,14866,Nineteen Minutes,author_jodi_picoult,decade_2000s
328,329,2318271,The Last Lecture,author_randy_pausch author_jeffrey_zaslow,decade_2000s
329,330,228665,"The Eye of the World (Wheel of Time, #1)",author_robert_jordan,decade_1990s
330,331,10916,The Pact,author_jodi_picoult,decade_1990s
331,332,65605,"The Magician's Nephew (Chronicles of Narnia, #6)",author_cs_lewis,decade_1950s
332,333,2153405,Still Alice,author_lisa_genova,decade_2000s
333,334,13596809,"Reflected in You (Crossfire, #2)",author_sylvia_day,decade_2010s
334,335,6689,James and the Giant Peach,author_roald_dahl author_quentin_blake,decade_1960s
335,336,13137,"1st to Die (Women's Murder Club, #1)",author_james_patterson,decade_2000s
336,337,13,The Ultimate Hitchhiker's Guide to the Galaxy,author_douglas_adams,decade_1990s
337,338,6280118,One Day,author_david_nicholls,decade_2000s
338,339,32929,Goodnight Moon,author_margaret_wise_brown author_clement_hurd,decade_1940s
339,340,7747374,"I Am Number Four (Lorien Legacies, #1)",author_pittacus_lore,decade_2010s
340,341,1371,The Iliad,author_homer author_robert_fagles author_frdric_mugler author_bernard_knox,decade_0s
341,342,13497818,The Casual Vacancy,author_jk_rowling,decade_2010s
342,343,24192,The Runaway Jury,author_john_grisham,decade_1990s
343,344,4138,Naked,author_david_sedaris,decade_1990s
344,345,45978,"Eldest (The Inheritance Cycle, #2)",author_christopher_paolini,decade_2000s
345,346,236093,"The Wonderful Wizard of Oz (Oz, #1)",author_l_frank_baum author_ww_denslow,decade_1900s
346,347,121749,"Prince Caspian (Chronicles of Narnia, #2)",author_cs_lewis,decade_1950s
347,348,16143347,We Were Liars,author_e_lockhart,decade_2010s
348,349,11590,'Salem's Lot,author_stephen_king,decade_1970s
349,350,7745,Fear and Loathing in Las Vegas,author_hunter_s_thompson author_ralph_steadman,decade_1970s
350,351,10025305,"Clockwork Prince (The Infernal Devices, #2)",author_cassandra_clare,decade_2010s
351,352,20910157,Yes Please,author_amy_poehler,decade_2010s
352,353,12996,Othello,author_william_shakespeare,decade_1600s
353,354,6149,Beloved,author_toni_morrison,decade_1980s
354,355,3236307,"Graceling (Graceling Realm, #1)",author_kristin_cashore,decade_2000s
355,356,78411,"The Bad Beginning (A Series of Unfortunate Events, #1)",author_lemony_snicket author_brett_helquist,decade_1990s
356,357,355697,All Quiet on the Western Front,author_erich_maria_remarque author_aw_wheen,decade_1920s
357,358,191139,"Oh, The Places You'll Go!",author_dr_seuss,decade_1990s
358,359,16115612,And the Mountains Echoed,author_khaled_hosseini,decade_2010s
359,360,7082,Do Androids Dream of Electric Sheep?,author_philip_k_dick author_roger_zelazny,decade_1960s
360,361,18254,Oliver Twist,author_charles_dickens author_george_cruikshank author_philip_horne,decade_1830s
361,362,11149,The Screwtape Letters,author_cs_lewis,decade_1940s
362,363,6936382,"Anna and the French Kiss (Anna and the French Kiss, #1)",author_stephanie_perkins,decade_2010s
363,364,113946,How the Grinch Stole Christmas!,author_dr_seuss,decade_1950s
364,365,5805,V for Vendetta,author_alan_moore author_david___lloyd,decade_1990s
365,366,2203,John Adams,author_david_mccullough,decade_2000s
366,367,14995,"Odd Thomas (Odd Thomas, #1)",author_dean_koontz,decade_2000s
367,368,119324,"The Subtle Knife (His Dark Materials, #2)",author_philip_pullman,decade_1990s
368,369,22232,"Stargirl (Stargirl, #1)",author_jerry_spinelli,decade_2000s
369,370,7090447,"The Red Pyramid (Kane Chronicles, #1)",author_rick_riordan,decade_2010s
370,371,350,Stranger in a Strange Land,author_robert_a_heinlein,decade_1960s
371,372,10176,Dress Your Family in Corduroy and Denim,author_david_sedaris,decade_2000s
372,373,6319,The BFG,author_roald_dahl author_quentin_blake,decade_1980s
373,374,21,A Short History of Nearly Everything,author_bill_bryson,decade_2000s
374,375,1852,The Call of the Wild,author_jack_london,decade_1900s
375,376,7864437,"The Death Cure (Maze Runner, #3)",author_james_dashner,decade_2010s
376,377,16793,Stardust,author_neil_gaiman,decade_1990s
377,378,33917,The Namesake,author_jhumpa_lahiri,decade_2000s
378,379,8667848,"A Discovery of Witches (All Souls Trilogy, #1)",author_deborah_harkness,decade_2010s
379,380,11297,Norwegian Wood,author_haruki_murakami author_jay_rubin,decade_1980s
380,381,5168,Where the Heart Is,author_billie_letts,decade_1990s
381,382,6567017,"Will Grayson, Will Grayson",author_john_green author_david_levithan,decade_2010s
382,383,1241,A Million Little Pieces,author_james_frey,decade_2000s
383,384,2282133,"Frostbite (Vampire Academy, #2)",author_richelle_mead,decade_2000s
384,385,8520610,Quiet: The Power of Introverts in a World That Can't Stop Talking,author_susan_cain,decade_2010s
385,386,233818,"Island of the Blue Dolphins (Island of the Blue Dolphins, #1)",author_scott_odell,decade_1960s
386,387,17250,The Crucible,author_arthur_miller author_christopher_bigsby,decade_1950s
387,388,50,"Hatchet (Brian's Saga, #1)",author_gary_paulsen,decade_1980s
388,389,68428,"The Final Empire (Mistborn, #1)",author_brandon_sanderson,decade_2000s
389,390,51496,The Strange Case of Dr. Jekyll and Mr. Hyde,author_robert_louis_stevenson author_vladimir_nabokov author_mervyn_peake author_dan_chaon,decade_1880s
390,391,7784,The Lorax,author_dr_seuss,decade_1970s
391,392,389627,"Diary of a Wimpy Kid (Diary of a Wimpy Kid, #1)",author_jeff_kinney,decade_2000s
392,393,7896527,"Throne of Glass (Throne of Glass, #1)",author_sarah_j_maas,decade_2010s
393,394,2802316,"Shadow Kiss (Vampire Academy, #3)",author_richelle_mead,decade_2000s
394,395,46170,For Whom the Bell Tolls,author_ernest_hemingway,decade_1940s
395,396,3367956,Hotel on the Corner of Bitter and Sweet,author_jamie_ford,decade_2000s
396,397,343,Perfume: The Story of a Murderer,author_patrick_sskind author_john_e_woods,decade_1980s
397,398,1097,Fast Food Nation: The Dark Side of the All-American Meal,author_eric_schlosser,decade_2000s
398,399,3950967,The Tales of Beedle the Bard,author_jk_rowling,decade_2000s
399,400,22328,Neuromancer,author_william_gibson,decade_1980s
400,401,10799,A Farewell to Arms,author_ernest_hemingway,decade_1920s
401,402,391729,The Tell-Tale Heart and Other Writings,author_edgar_allan_poe,decade_1840s
402,403,10534,The Art of War,author_sun_tzu author_thomas_cleary,decade_0s
403,404,11367726,Defending Jacob,author_william_landay,decade_2010s
404,405,4980,Breakfast of Champions,author_kurt_vonnegut_jr,decade_1970s
405,406,627206,The New Drawing on the Right Side of the Brain,author_betty_edwards,decade_1970s
406,407,5826,Bel Canto,author_ann_patchett,decade_2000s
407,408,1842,"Guns, Germs, and Steel: The Fates of Human Societies",author_jared_diamond,decade_1990s
409,410,37781,"Things Fall Apart (The African Trilogy, #1)",author_chinua_achebe,decade_1950s
410,411,33722,The Undomestic Goddess,author_sophie_kinsella,decade_2000s
411,412,567795,The Five Love Languages: How to Express Heartfelt Commitment to Your Mate,author_gary_chapman,decade_1990s
413,414,6948436,Little Bee,author_chris_cleave,decade_2000s
414,415,3975774,"Evermore (The Immortals, #1)",author_alyson_noel,decade_2000s
415,416,6327,The Witches,author_roald_dahl author_quentin_blake,decade_1980s
416,417,40440,The Thirteenth Tale,author_diane_setterfield,decade_2000s
417,418,6479259,"Spirit Bound (Vampire Academy, #5)",author_richelle_mead,decade_2010s
418,419,5996153,"Blood Promise (Vampire Academy, #4)",author_richelle_mead,decade_2000s
419,420,3478,Message in a Bottle,author_nicholas_sparks,decade_1990s
420,421,8683812,The Paris Wife,author_paula_mclain,decade_2010s
421,422,862041,"Harry Potter Boxset (Harry Potter, #1-7)",author_jk_rowling,decade_1990s
422,423,16248068,"The Elite (The Selection, #2)",author_kiera_cass,decade_2010s
423,424,119073,The Name of the Rose,author_umberto_eco author_william_weaver author_sen_barrett,decade_1980s
424,425,46799,Go Ask Alice,author_beatrice_sparks author_anonymous,decade_1970s
425,426,310612,A Confederacy of Dunces,author_john_kennedy_toole author_walker_percy,decade_1980s
426,427,92303,The Importance of Being Earnest,author_oscar_wilde,decade_1890s
427,428,12127750,"The Mark of Athena (The Heroes of Olympus, #3)",author_rick_riordan,decade_2010s
428,429,34497,"The Color of Magic (Discworld, #1; Rincewind #1)",author_terry_pratchett,decade_1980s
429,430,4929,Kafka on the Shore,author_haruki_murakami author_philip_gabriel,decade_2000s
430,431,28877,"Red Dragon (Hannibal Lecter, #1)",author_thomas_harris,decade_1980s
431,432,41804,"I, Robot (Robot #0.1)",author_isaac_asimov,decade_1950s
432,433,42899,"Dark Lover (Black Dagger Brotherhood, #1)",author_jr_ward,decade_2000s
433,434,7791997,"Crescendo (Hush, Hush, #2)",author_becca_fitzpatrick,decade_2010s
434,435,6482837,Before I Fall,author_lauren_oliver,decade_2010s
435,436,9777,The God of Small Things,author_arundhati_roy,decade_1990s
436,437,18079776,The Invention of Wings,author_sue_monk_kidd,decade_2010s
437,438,6469165,What Alice Forgot,author_liane_moriarty,decade_2000s
438,439,3869,A Brief History of Time,author_stephen_hawking author_cao_chi author_phm_vn_thiu,decade_1980s
439,440,7315573,"Fall of Giants (The Century Trilogy, #1)",author_ken_follett,decade_2010s
440,441,6320534,Under the Dome,author_stephen_king,decade_2000s
441,442,830,Snow Crash,author_neal_stephenson,decade_1990s
442,443,51738,Just Listen,author_sarah_dessen,decade_2000s
443,444,99107,"Winnie-the-Pooh (Winnie-the-Pooh, #1)",author_aa_milne author_ernest_h_shepard,decade_1920s
444,445,9736930,Before I Go to Sleep,author_sj_watson,decade_2010s
445,446,102868,A Study in Scarlet,author_arthur_conan_doyle,decade_1880s
446,447,2248573,"Brisingr (The Inheritance Cycle, #3)",author_christopher_paolini,decade_2000s
447,448,56495,The Purpose Driven Life: What on Earth Am I Here for?,author_rick_warren,decade_2000s
448,449,676924,"Betrayed (House of Night, #2)",author_pc_cast author_kristin_cast,decade_2000s
449,450,47212,"Storm Front (The Dresden Files, #1)",author_jim_butcher,decade_2000s
450,451,50398,Northanger Abbey,author_jane_austen author_alfred_macadam,decade_1810s
451,452,16101128,"The 5th Wave (The 5th Wave, #1)",author_rick_yancey,decade_2010s
452,453,10920,Cold Mountain,author_charles_frazier,decade_1990s
453,454,767680,If You Give a Mouse a Cookie,author_laura_joffe_numeroff author_felicia_bond,decade_1980s
454,455,42155,"Something Blue (Darcy & Rachel, #2)",author_emily_giffin,decade_2000s
455,456,12220,A Streetcar Named Desire,author_tennessee_williams,decade_1940s
456,457,10692,The Historian,author_elizabeth_kostova,decade_2000s
457,458,20170404,Station Eleven,author_emily_st_john_mandel,decade_2010s
458,459,18774964,A Man Called Ove,author_fredrik_backman author_henning_koch,decade_2010s
459,460,18335634,"Clockwork Princess (The Infernal Devices, #3)",author_cassandra_clare,decade_2010s
460,461,1078,"The Good Earth (House of Earth, #1)",author_pearl_s_buck,decade_1930s
461,462,2784,Ways of Seeing,author_john_berger,decade_1970s
462,463,5364,"Dragonfly in Amber (Outlander, #2)",author_diana_gabaldon,decade_1990s
463,464,1923820,Holy Bible: King James Version,author_anonymous,decade_1610s
465,466,659469,The Hobbit: Graphic Novel,author_chuck_dixon author_jrr_tolkien author_david_wenzel author_sean_deming,decade_1980s
466,467,297673,The Brief Wondrous Life of Oscar Wao,author_junot_daz,decade_2000s
467,468,37415,Their Eyes Were Watching God,author_zora_neale_hurston,decade_1930s
468,469,41899,Fantastic Beasts and Where to Find Them,author_newt_scamander author_jk_rowling author_albus_dumbledore,decade_2000s
469,470,17851885,I Am Malala: The Story of the Girl Who Stood Up for Education and Was Shot by the Taliban,author_malala_yousafzai author_christina_lamb,decade_2010s
470,471,45032,Mansfield Park,author_jane_austen author_kathryn_sutherland author_tony_tanner author_claire_lamont,decade_1810s
471,472,4069,Man's Search for Meaning,author_viktor_e_frankl,decade_1940s
472,473,237209,"In the Woods (Dublin Murder Squad, #1)",author_tana_french,decade_2000s
473,474,14743,The God Delusion,author_richard_dawkins,decade_2000s
474,475,8492825,"Where She Went (If I Stay, #2)",author_gayle_forman,decade_2010s
475,476,7069,The World According to Garp,author_john_irving,decade_1970s
476,477,78129,"Killing Floor (Jack Reacher, #1)",author_lee_child,decade_1990s
477,478,2932,Robinson Crusoe,author_daniel_defoe author_gerald_mccann author_virginia_woolf,decade_1710s
478,479,28862,The Prince,author_niccol_machiavelli author_adolph_caso author_rufus_goodwin author_benjamin_martinez,decade_1510s
479,480,18122,"The Amber Spyglass (His Dark Materials, #3)",author_philip_pullman,decade_2000s
480,481,43889,"Wizard's First Rule (Sword of Truth, #1)",author_terry_goodkind,decade_1990s
481,482,6837103,The Kitchen House,author_kathleen_grissom,decade_2010s
482,483,5113,Franny and Zooey,author_jd_salinger,decade_1960s
483,484,29059,Choke,author_chuck_palahniuk,decade_2000s
484,485,4934,The Brothers Karamazov,author_fyodor_dostoyevsky author_richard_pevear author_larissa_volokhonsky,decade_1880s
485,486,307791,"The City of Ember (Book of Ember, #1)",author_jeanne_duprau,decade_2000s
487,488,11566,The Green Mile,author_stephen_king,decade_1990s
488,489,2547,The Prophet,author_kahlil_gibran,decade_1920s
489,490,15196,"Maus I: A Survivor's Tale: My Father Bleeds History (Maus, #1)",author_art_spiegelman,decade_1980s
490,491,2866718,"Untamed (House of Night, #4)",author_pc_cast author_kristin_cast,decade_2000s
491,492,7967,"Speaker for the Dead (Ender's Saga, #2)",author_orson_scott_card,decade_1980s
492,493,11138,Mere Christianity,author_cs_lewis,decade_1950s
493,494,29044,The Secret History,author_donna_tartt,decade_1990s
494,495,4953,A Heartbreaking Work of Staggering Genius,author_dave_eggers,decade_2000s
495,496,1295,"The Clan of the Cave Bear (Earth's Children, #1)",author_jean_m_auel,decade_1980s
496,497,3685,Black Beauty,author_anna_sewell,decade_1870s
497,498,656,War and Peace,author_leo_tolstoy author_henry_gifford author_aylmer_maude author_louise_maude,decade_1860s
498,499,28676,American Psycho,author_bret_easton_ellis,decade_1990s
499,500,38980,"The Princess Diaries (The Princess Diaries, #1)",author_meg_cabot,decade_2000s
500,501,7061,"The No. 1 Ladies' Detective Agency  (No. 1 Ladies' Detective Agency, #1)",author_alexander_mccall_smith,decade_1990s
501,502,138398,"The Walking Dead, Vol. 01: Days Gone Bye",author_robert_kirkman author_tony_moore,decade_2000s
502,503,70535,"2001: A Space Odyssey (Space Odyssey, #1)",author_arthur_c_clarke,decade_1960s
503,504,11422,Redeeming Love,author_francine_rivers,decade_1990s
504,505,27523,"Left Behind (Left Behind, #1)",author_tim_lahaye author_jerry_b_jenkins,decade_1990s
505,506,18635016,"The One (The Selection, #3)",author_kiera_cass,decade_2010s
506,507,7938275,"The Hunger Games Trilogy Boxset (The Hunger Games, #1-3)",author_suzanne_collins,decade_2010s
507,508,1869,Nickel and Dimed: On (Not) Getting By in America,author_barbara_ehrenreich,decade_2000s
508,509,1358844,Remember Me?,author_sophie_kinsella,decade_2000s
509,510,233649,"The Great Hunt (Wheel of Time, #2)",author_robert_jordan,decade_1990s
510,511,6534,"Postmortem (Kay Scarpetta, #1)",author_patricia_cornwell,decade_1990s
511,512,23919,The Complete Stories and Poems,author_edgar_allan_poe,decade_1840s
512,513,561909,The Hiding Place: The Triumphant True Story of Corrie Ten Boom,author_corrie_ten_boom author_john_sherrill author_elizabeth_sherrill,decade_1970s
513,514,3590,The Adventures of Sherlock Holmes,author_arthur_conan_doyle,decade_1890s
514,515,16735,The Prince of Tides,author_pat_conroy,decade_1980s
515,516,3985,The Amazing Adventures of Kavalier & Clay,author_michael_chabon,decade_2000s
516,517,4268157,"Perfect Chemistry (Perfect Chemistry, #1)",author_simone_elkeles,decade_2000s
517,518,34268,Peter Pan,author_jm_barrie author_michael_hague,decade_1900s
518,519,24768,"Pretties (Uglies, #2)",author_scott_westerfeld,decade_2000s
519,520,11275,The Wind-Up Bird Chronicle,author_haruki_murakami author_jay_rubin,decade_1990s
520,521,79885,"The Lincoln Lawyer (Mickey Haller, #1; Harry Bosch Universe, #16)",author_michael_connelly,decade_2000s
521,522,49628,Cloud Atlas,author_david_mitchell,decade_2000s
522,523,133518,The Things They Carried,author_tim_obrien,decade_1990s
523,524,114683,Wall and Piece,author_banksy,decade_1980s
524,525,9593911,"Pandemonium (Delirium, #2)",author_lauren_oliver,decade_2010s
525,526,17231,"Darkly Dreaming Dexter (Dexter, #1)",author_jeff_lindsay,decade_2000s
526,527,110494,"Living Dead in Dallas (Sookie Stackhouse, #2)",author_charlaine_harris,decade_2000s
527,528,34897,"The Dragon Reborn (Wheel of Time, #3)",author_robert_jordan,decade_1990s
528,529,7733,Gulliver's Travels,author_jonathan_swift author_robert_demaria_jr,decade_1720s
529,530,12957,Much Ado About Nothing,author_william_shakespeare author_barbara_a_mowat author_paul_werstine author_gail_kern_paster author_robert__________jackson,decade_1590s
530,531,52357,Beowulf,author_unknown author_seamus_heaney,decade_970s
531,532,59980,Batman: Year One,author_frank_miller author_david_mazzucchelli author_richmond_lewis author_dennis_oneil,decade_1980s
532,533,24817626,Go Set a Watchman,author_harper_lee,decade_2010s
533,534,1044355,When You Are Engulfed in Flames,author_david_sedaris,decade_2000s
534,535,8490112,"Daughter of Smoke & Bone (Daughter of Smoke & Bone, #1)",author_laini_taylor,decade_2010s
535,536,17878931,"Red Queen (Red Queen, #1)",author_victoria_aveyard,decade_2010s
536,537,12609433,The Power of Habit: Why We Do What We Do in Life and Business,author_charles_duhigg,decade_2010s
537,538,386187,Midnight in the Garden of Good and Evil,author_john_berendt,decade_1990s
538,539,15717943,"Hopeless (Hopeless, #1)",author_colleen_hoover,decade_2010s
539,540,3008,A Little Princess,author_frances_hodgson_burnett author_nancy_bond,decade_1900s
540,541,51737,The Truth About Forever,author_sarah_dessen,decade_2000s
541,542,84119,"The Horse and His Boy (Chronicles of Narnia, #5)",author_cs_lewis,decade_1950s
542,543,6527740,"Last Sacrifice (Vampire Academy, #6)",author_richelle_mead,decade_2010s
543,544,77767,"Little House on the Prairie (Little House, #2)",author_laura_ingalls_wilder author_garth_williams,decade_1930s
544,545,144974,The Velveteen Rabbit,author_margery_williams_bianco author_william___nicholson,decade_1920s
545,546,629,Zen and the Art of Motorcycle Maintenance: An Inquiry Into Values,author_robert_m_pirsig,decade_1970s
546,547,8909,The War of the Worlds,author_hg_wells author_arthur_c_clarke,decade_1890s
547,548,162085,"Pretty Little Liars (Pretty Little Liars, #1)",author_sara_shepard,decade_2000s
548,549,231850,Corduroy,author_don_freeman,decade_1940s
549,550,3109,The Omnivore's Dilemma: A Natural History of Four Meals,author_michael_pollan,decade_2000s
550,551,15790842,Life After Life,author_kate_atkinson,decade_2010s
551,552,3462,The Rescue,author_nicholas_sparks,decade_2000s
553,554,10987,"Voyager (Outlander, #3)",author_diana_gabaldon,decade_1990s
554,555,117251,"Hamlet: Screenplay, Introduction And Film Diary",author_kenneth_branagh author_william_shakespeare,decade_1990s
556,557,10956,The Virgin Suicides,author_jeffrey_eugenides,decade_1990s
557,558,140077,"Dead to the World (Sookie Stackhouse, #4)",author_charlaine_harris,decade_2000s
558,559,32261,Tess of the D'Urbervilles,author_thomas_hardy author_tim_dolin author_margaret_r_higonnet,decade_1890s
559,560,2175,Madame Bovary,author_gustave_flaubert author_margaret_mauldon author_malcolm_bowie author_mark_overstall,decade_1850s
560,561,378,The Phantom Tollbooth,author_norton_juster author_jules_feiffer,decade_1960s
561,562,7235533,"The Way of Kings (The Stormlight Archive, #1)",author_brandon_sanderson,decade_2010s
562,563,140082,"Club Dead (Sookie Stackhouse, #3)",author_charlaine_harris,decade_2000s
563,564,248704,It's Kind of a Funny Story,author_ned_vizzini,decade_2000s
564,565,68429,"The Well of Ascension (Mistborn, #2)",author_brandon_sanderson,decade_2000s
565,566,25041504,"After You (Me Before You, #2)",author_jojo_moyes,decade_2010s
566,567,10032672,The Language of Flowers,author_vanessa_diffenbaugh,decade_2010s
567,568,59960,"Batman: The Dark Knight Returns (The Dark Knight Saga, #1)",author_frank_miller author_klaus_janson author_lynn_varley,decade_1980s
568,569,13152,"The Angel Experiment (Maximum Ride, #1)",author_james_patterson,decade_2000s
569,570,285092,High Fidelity,author_nick_hornby,decade_1990s
570,571,15925,The Guardian,author_nicholas_sparks,decade_2000s
571,572,46756,"Oryx and Crake (MaddAddam, #1)",author_margaret_atwood,decade_2000s
572,573,1274,"Men Are from Mars, Women Are from Venus",author_john_gray,decade_1990s
573,574,33313,Kitchen Confidential: Adventures in the Culinary Underbelly,author_anthony_bourdain,decade_2000s
574,575,7669,Timeline,author_michael_crichton,decade_1990s
575,576,19380,Candide,author_voltaire,decade_1750s
576,577,84981,Tuck Everlasting,author_natalie_babbitt,decade_1970s
578,579,197084,Are You My Mother?,author_pd_eastman,decade_1960s
579,580,222078,The Story of Art,author_eh_gombrich,decade_1950s
580,581,13206760,"Scarlet (The Lunar Chronicles, #2)",author_marissa_meyer,decade_2010s
581,582,69571,"Rich Dad, Poor Dad",author_robert_t_kiyosaki,decade_1990s
582,583,10637766,"Silence (Hush, Hush, #3)",author_becca_fitzpatrick,decade_2010s
583,584,6101718,The Magicians (The Magicians #1),author_lev_grossman,decade_2000s
584,585,13615,"Death Note, Vol. 1: Boredom (Death Note, #1)",author_tsugumi_ohba author_takeshi_obata,decade_2000s
585,586,3682,"A Great and Terrible Beauty (Gemma Doyle, #1)",author_libba_bray,decade_2000s
586,587,256566,Everything Is Illuminated,author_jonathan_safran_foer,decade_2000s
587,588,15769,"The Bourne Supremacy (Jason Bourne, #2)",author_robert_ludlum,decade_1980s
588,589,16056408,"Easy (Contours of the Heart, #1)",author_tammara_webber,decade_2010s
589,590,58696,David Copperfield,author_charles_dickens author_jeremy_tambling,decade_1840s
590,591,693208,The Absolutely True Diary of a Part-Time Indian,author_sherman_alexie author_ellen_forney,decade_2000s
591,592,117833,The Master and Margarita,author_mikhail_bulgakov author_katherine_tiernan_oconnor author_diana_burgin author_ellendea_proffer,decade_1960s
592,593,13642,"A Wizard of Earthsea (Earthsea Cycle, #1)",author_ursula_k_le_guin,decade_1960s
593,594,357664,Because of Winn-Dixie,author_kate_dicamillo author_chris_sheban,decade_2000s
594,595,5148,A Separate Peace,author_john_knowles,decade_1950s
595,596,5349,The Rainmaker,author_john_grisham,decade_1990s
596,597,3836,Don Quixote,author_miguel_de_cervantes_saavedra author_roberto_gonzlez_echevarra author_john_rutherford,decade_1600s
597,598,45107,"Assassin's Apprentice (Farseer Trilogy, #1)",author_robin_hobb,decade_1990s
598,599,8695,"The Restaurant at the End of the Universe (Hitchhiker's Guide, #2)",author_douglas_adams,decade_1980s
599,600,7740152,"Torment (Fallen, #2)",author_lauren_kate,decade_2010s
600,601,19321,The Tale of Peter Rabbit,author_beatrix_potter,decade_1900s
601,602,65641,"The Silver Chair (Chronicles of Narnia, #4)",author_cs_lewis author_pauline_baynes,decade_1950s
602,603,2767793,"The Hero of Ages (Mistborn, #3)",author_brandon_sanderson,decade_2000s
603,604,68783,"Girl, Interrupted",author_susanna_kaysen,decade_1990s
605,606,71728,Jonathan Livingston Seagull,author_richard_bach author_russell_munson,decade_1970s
606,607,8755785,"City of Heavenly Fire (The Mortal Instruments, #6)",author_cassandra_clare,decade_2010s
607,608,310259,Love You Forever,author_robert_munsch author_sheila_mcgraw,decade_1980s
608,609,10567,Cell,author_stephen_king,decade_2000s
609,610,16158542,The Boys in the Boat: Nine Americans and Their Epic Quest for Gold at the 1936 Berlin Olympics,author_daniel_james_brown,decade_2010s
610,611,7332,The Silmarillion (Middle-Earth Universe),author_jrr_tolkien author_christopher_tolkien author_ted_nasmith,decade_1970s
611,612,5094,"The Drawing of the Three (The Dark Tower, #2)",author_stephen_king,decade_1980s
612,613,3407877,The Forgotten Garden,author_kate_morton,decade_2000s
613,614,17690,The Trial,author_franz_kafka author_edwin_muir author_willa_muir author_max_brod,decade_1920s
614,615,22205,This Lullaby,author_sarah_dessen,decade_2000s
615,616,14864,Plain Truth,author_jodi_picoult,decade_2000s
616,617,6314763,Orange Is the New Black,author_piper_kerman,decade_2010s
617,618,8921,The Hound of the Baskervilles,author_arthur_conan_doyle author_anne_perry,decade_1900s
618,619,11468377,"Thinking, Fast and Slow",author_daniel_kahneman,decade_2010s
619,620,402045,"The Mists of Avalon (Avalon, #1)",author_marion_zimmer_bradley,decade_1980s
620,621,37732,"Are You There God? It's Me, Margaret",author_judy_blume,decade_1970s
621,622,15926,Nights in Rodanthe,author_nicholas_sparks,decade_2000s
622,623,18775247,"Mr. Mercedes (Bill Hodges Trilogy, #1)",author_stephen_king,decade_2010s
623,624,140075,"All Together Dead (Sookie Stackhouse, #7)",author_charlaine_harris,decade_2000s
624,625,5166,Midwives,author_chris_bohjalian,decade_1990s
625,626,420282,The Polar Express,author_chris_van_allsburg,decade_1980s
626,627,125507,The True Story of the 3 Little Pigs,author_jon_scieszka author_lane_smith,decade_1980s
627,628,32682,"Patriot Games (Jack Ryan Universe, #2)",author_tom_clancy,decade_1980s
628,629,1431,Veronika Decides to Die,author_paulo_coelho author_margaret_jull_costa,decade_1990s
629,630,16071764,"Lean In: Women, Work, and the Will to Lead",author_sheryl_sandberg author_nell_scovell,decade_2010s
630,631,170210,"Dead as a Doornail (Sookie Stackhouse, #5)",author_charlaine_harris,decade_2000s
631,632,10429045,"Shatter Me (Shatter Me, #1)",author_tahereh_mafi,decade_2010s
632,633,17214,Starship Troopers,author_robert_a_heinlein,decade_1950s
633,634,12033455,I've Got Your Number,author_sophie_kinsella,decade_2010s
634,635,10959,Sophie's World,author_jostein_gaarder author_paulette_mller,decade_1990s
635,636,11260526,"The Twilight Saga Breaking Dawn Part 1: The Official Illustrated Movie Companion (The Twilight Saga: The Official Illustrated Movie Companion, #4)",author_mark_cotta_vaz,decade_2010s
636,637,76778,The Martian Chronicles,author_ray_bradbury,decade_1950s
637,638,7331435,A Visit from the Goon Squad,author_jennifer_egan,decade_2010s
638,639,93,Heidi,author_johanna_spyri author_angelo__rinaldi author_beverly_cleary,decade_1880s
640,641,84369,"The Last Battle (Chronicles of Narnia, #7)",author_cs_lewis,decade_1950s
641,642,5064,"World Without End (The Kingsbridge Series, #2)",author_ken_follett,decade_2000s
642,643,1326258,"Chosen (House of Night, #3)",author_pc_cast author_kristin_cast,decade_2000s
643,644,13372690,"Slammed (Slammed, #1)",author_colleen_hoover,decade_2010s
644,645,544891,"Beastly (Beastly, #1; Kendra Chronicles, #1)",author_alex_flinn,decade_2000s
645,646,2696,The Canterbury Tales,author_geoffrey_chaucer author_nevill_coghill,decade_1390s
646,647,42149,Baby Proof,author_emily_giffin,decade_2000s
647,648,7664041,"Inheritance (The Inheritance Cycle, #4)",author_christopher_paolini,decade_2010s
648,649,10357575,1Q84,author_haruki_murakami author_jay_rubin author_philip_gabriel,decade_2000s
649,650,46787,Uncle Tom's Cabin,author_harriet_beecher_stowe,decade_1850s
650,651,480204,The Phantom of the Opera,author_gaston_leroux author_alexander_teixeira_de_mattos,decade_1900s
651,652,140079,"Definitely Dead (Sookie Stackhouse, #6)",author_charlaine_harris,decade_2000s
652,653,2526,Blindness,author_jos_saramago author_giovanni_pontiero,decade_1990s
653,654,7905092,Freedom,author_jonathan_franzen,decade_2010s
654,655,15812814,"Crossed (Matched, #2)",author_ally_condie,decade_2010s
655,656,852470,"I'd Tell You I Love You, But Then I'd Have to Kill You (Gallagher Girls, #1)",author_ally_carter,decade_2000s
656,657,1768603,The White Tiger,author_aravind_adiga,decade_2000s
657,658,3805,The Corrections,author_jonathan_franzen,decade_2000s
658,659,88061,Dreams from My Father: A Story of Race and Inheritance,author_barack_obama,decade_1990s
659,660,7672,Congo,author_michael_crichton,decade_1980s
660,661,46677,"Alexander and the Terrible, Horrible, No Good, Very Bad Day",author_judith_viorst author_ray_cruz,decade_1970s
661,662,5439,Interpreter of Maladies,author_jhumpa_lahiri,decade_1990s
662,663,2767,A People's History of the United States,author_howard_zinn,decade_1980s
663,664,251688,Breakfast at Tiffany's,author_truman_capote,decade_1950s
664,665,6690798,"The Passage (The Passage, #1)",author_justin_cronin,decade_2010s
665,666,2744,Anansi Boys,author_neil_gaiman,decade_2000s
666,667,5664985,Along for the Ride,author_sarah_dessen,decade_2000s
667,668,18693763,Everything I Never Told You,author_celeste_ng,decade_2010s
668,669,9328,The House of the Spirits,author_isabel_allende author_magda_bogin,decade_1980s
669,670,11573,The Dead Zone,author_stephen_king,decade_1970s
670,671,16343,"The Mysterious Affair at Styles (Hercule Poirot, #1)",author_agatha_christie author__,decade_1920s
671,672,16304,"Murder on the Orient Express (Hercule Poirot, #10)",author_agatha_christie,decade_1930s
672,673,15796700,Americanah,author_chimamanda_ngozi_adichie,decade_2010s
673,674,7494,Suzanne's Diary for Nicholas,author_james_patterson,decade_2000s
674,675,233667,Firestarter,author_stephen_king,decade_1980s
675,676,15731779,"Entwined with You (Crossfire, #3)",author_sylvia_day,decade_2010s
676,677,6289283,"Born to Run: A Hidden Tribe, Superathletes, and the Greatest Race the World Has Never Seen",author_christopher_mcdougall,decade_2000s
677,678,18293427,The Storied Life of A.J. Fikry,author_gabrielle_zevin,decade_2010s
678,679,475339,Madeline,author_ludwig_bemelmans,decade_1930s
679,680,1005,Think and Grow Rich: The Landmark Bestseller - Now Revised and Updated for the 21st Century,author_napoleon_hill,decade_1930s
680,681,8337,"Little House in the Big Woods (Little House, #1)",author_laura_ingalls_wilder author_garth_williams,decade_1930s
681,682,14201,Jonathan Strange & Mr Norrell,author_susanna_clarke,decade_2000s
682,683,3463,A Bend in the Road,author_nicholas_sparks,decade_2000s
683,684,12127810,"The House of Hades (The Heroes of Olympus, #4)",author_rick_riordan,decade_2010s
684,685,2536134,"Gone (Gone, #1)",author_michael__grant,decade_2000s
685,686,3466,"The Wedding (The Notebook, #2)",author_nicholas_sparks,decade_2000s
686,687,1067,1776,author_david_mccullough,decade_2000s
687,688,10847,Under the Banner of Heaven: A Story of Violent Faith,author_jon_krakauer,decade_2000s
688,689,11447921,Beautiful Ruins,author_jess_walter,decade_2010s
689,690,9742,The Audacity of Hope: Thoughts on Reclaiming the American Dream,author_barack_obama,decade_2000s
690,691,10569,On Writing: A Memoir of the Craft,author_stephen_king,decade_1990s
691,692,1472878,"Firefly Lane (Firefly Lane, #1)",author_kristin_hannah,decade_2000s
692,693,455373,Sphere,author_michael_crichton,decade_1980s
693,694,2120652,Love the One You're With,author_emily_giffin,decade_2000s
694,695,18214414,"The Silkworm (Cormoran Strike, #2)",author_robert_galbraith author_jk_rowling,decade_2010s
695,696,43814,"The Vampire Lestat (The Vampire Chronicles, #2)",author_anne_rice,decade_1980s
696,697,9118135,State of Wonder,author_ann_patchett,decade_2010s
697,698,13539044,The Silver Linings Playbook,author_matthew_quick,decade_2000s
698,699,33507,Twenty Thousand Leagues Under the Sea,author_jules_verne author_anthony_bonner,decade_1860s
699,700,16181,"The Constant Princess (The Plantagenet and Tudor Novels, #6)",author_philippa_gregory,decade_2000s
700,701,14942,Mrs. Dalloway,author_virginia_woolf author_maureen_howard,decade_1920s
701,702,13486632,The Hundred-Year-Old Man Who Climbed Out of the Window and Disappeared,author_jonas_jonasson author_rod_bradbury,decade_2000s
702,703,10589,Bag of Bones,author_stephen_king,decade_1990s
703,704,4687,The Cider House Rules,author_john_irving,decade_1980s
704,705,10605,Thinner,author_richard_bachman author_stephen_king,decade_1980s
705,706,54479,Around the World in Eighty Days,author_jules_verne author_michael_glencross author_brian_w_aldiss,decade_1870s
706,707,53496,Walk Two Moons,author_sharon_creech,decade_1990s
707,708,1430,Eleven Minutes,author_paulo_coelho author_margaret_jull_costa,decade_2000s
708,709,4009,Nine Stories,author_jd_salinger,decade_1950s
709,710,13747,"Julie and Julia: 365 Days, 524 Recipes, 1 Tiny Apartment Kitchen: How One Girl Risked Her Marriage, Her Job, and Her Sanity to Master the Art of Living",author_julie_powell,decade_2000s
710,711,764347,"Unwind (Unwind, #1)",author_neal_shusterman,decade_2000s
711,712,10988,"Drums of Autumn (Outlander, #4)",author_diana_gabaldon,decade_1990s
712,713,13414446,"Prodigy (Legend, #2)",author_marie_lu,decade_2010s
713,714,12938,King Lear,author_william_shakespeare,decade_1600s
714,715,12898,Death of a Salesman,author_arthur_miller,decade_1940s
715,716,531350,The Choice,author_nicholas_sparks,decade_2000s
716,717,11742691,The Hunger Games: Official Illustrated Movie Companion,author_kate_egan,decade_2010s
717,718,10975,The Sound and the Fury,author_william_faulkner,decade_1920s
718,719,76334,A New Earth: Awakening to Your Life's Purpose,author_eckhart_tolle,decade_2000s
719,720,2880,"Bleach, Volume 01",author_tite_kubo,decade_2000s
720,721,17571564,"Hyperbole and a Half: Unfortunate Situations, Flawed Coping Mechanisms, Mayhem, and Other Things That Happened",author_allie_brosh,decade_2010s
721,722,9539,"The Shadow Rising (Wheel of Time, #4)",author_robert_jordan,decade_1990s
722,723,33600,Shantaram,author_gregory_david_roberts,decade_2000s
723,724,2233407,"From Dead to Worse (Sookie Stackhouse, #8)",author_charlaine_harris,decade_2000s
724,725,34084,"The Waste Lands (The Dark Tower, #3)",author_stephen_king author_ned_dameron,decade_1990s
725,726,2373,"The Bone Collector (Lincoln Rhyme, #1)",author_jeffery_deaver,decade_1990s
726,727,101299,The Reader,author_bernhard_schlink author_carol_brown_janeway,decade_1990s
727,728,759611,"Brown Bear, Brown Bear, What Do You See?",author_bill_martin_jr author_eric_carle,decade_1960s
728,729,77566,"Hyperion (Hyperion Cantos, #1)",author_dan_simmons,decade_1980s
729,730,5308,The Pearl,author_john_steinbeck,decade_1940s
730,731,179780,The Exorcist,author_william_peter_blatty,decade_1970s
731,732,7937462,"The Short Second Life of Bree Tanner: An Eclipse Novella (Twilight, #3.5)",author_stephenie_meyer,decade_2000s
732,733,77142,Snow Falling on Cedars,author_david_guterson,decade_1990s
733,734,546018,Roots: The Saga of an American Family,author_alex_haley,decade_1970s
734,735,96358,Batman: The Killing Joke,author_alan_moore author_brian_bolland author_tim_sale,decade_1980s
735,736,16981,Invisible Man,author_ralph_ellison,decade_1950s
736,737,43015,A Long Way Gone: Memoirs of a Boy Soldier,author_ishmael_beah,decade_2000s
738,739,39662,Different Seasons,author_stephen_king,decade_1980s
741,742,13453029,"Wool Omnibus (Silo, #1)",author_hugh_howey,decade_2010s
742,743,28881,"Lamb: The Gospel According to Biff, Christ's Childhood Pal",author_christopher_moore,decade_2000s
743,744,6708,The Power of Now: A Guide to Spiritual Enlightenment,author_eckhart_tolle,decade_1990s
744,745,12868761,Let's Pretend This Never Happened: A Mostly True Memoir,author_jenny__lawson,decade_2010s
745,746,127455,"The Lies of Locke Lamora (Gentleman Bastard, #1)",author_scott_lynch,decade_2000s
746,747,518848,"Sabriel (Abhorsen,  #1)",author_garth_nix,decade_1990s
747,748,5161066,"Dead and Gone (Sookie Stackhouse, #9)",author_charlaine_harris,decade_2000s
748,749,15753740,The Storyteller,author_jodi_picoult,decade_2010s
749,750,12578077,"Obsidian (Lux, #1)",author_jennifer_l_armentrout,decade_2010s
750,751,8694,"Life, the Universe and Everything (Hitchhiker's Guide, #3)",author_douglas_adams,decade_1980s
751,752,17167166,"Crown of Midnight (Throne of Glass, #2)",author_sarah_j_maas,decade_2010s
752,753,29800,"Scott Pilgrim, Volume 1: Scott Pilgrim's Precious Little Life",author_bryan_lee_omalley,decade_2000s
753,754,6366437,Half Broke Horses,author_jeannette_walls,decade_2000s
754,755,386372,"Mort (Death, #1; Discworld, #4)",author_terry_pratchett,decade_1980s
755,756,6644117,"The Iron King (The Iron Fey, #1)",author_julie_kagawa,decade_2010s
756,757,256008,Lonesome Dove,author_larry_mcmurtry,decade_1980s
757,758,32145,Stiff: The Curious Lives of Human Cadavers,author_mary_roach,decade_2000s
758,759,8709527,"Bloodlines (Bloodlines, #1)",author_richelle_mead,decade_2010s
759,760,9532,"Ender's Shadow (Ender's Shadow, #1)",author_orson_scott_card,decade_1990s
760,761,6063187,Twenties Girl,author_sophie_kinsella,decade_2000s
761,762,375013,Schindler's List,author_thomas_keneally,decade_1980s
762,763,11337,The Bluest Eye,author_toni_morrison,decade_1970s
763,764,5971165,"The White Queen (The Plantagenet and Tudor Novels, #2)",author_philippa_gregory,decade_2000s
764,765,92057,The Autobiography of Malcolm X,author_malcolm_x author_alex_haley,decade_1960s
765,766,23754,Preludes & Nocturnes (The Sandman #1),author_neil_gaiman author_sam_kieth author_mike_dringenberg author_malcolm_jones_iii author_todd_klein author_karen__berger,decade_1980s
766,767,110737,Seabiscuit: An American Legend,author_laura_hillenbrand,decade_1990s
767,768,21686,Shutter Island,author_dennis_lehane,decade_2000s
768,769,188572,The Complete Sherlock Holmes,author_arthur_conan_doyle,decade_1890s
769,770,13006,Julius Caesar,author_william_shakespeare author_roma_gill,decade_1590s
770,771,9938498,"In the Garden of Beasts: Love, Terror, and an American Family in Hitler's Berlin",author_erik_larson,decade_2010s
771,772,30289,The Republic,author_plato author_desmond_lee,decade_0s
772,773,47021,The Taming of the Shrew,author_william_shakespeare,decade_1590s
773,774,13206828,"Cress (The Lunar Chronicles, #3)",author_marissa_meyer,decade_2010s
774,775,341879,Just Kids,author_patti_smith,decade_2010s
775,776,567616,The Art Book,author_phaidon_press,decade_1990s
776,777,227941,Jemima J,author_jane_green,decade_2000s
777,778,30597,The Hunchback of Notre-Dame,author_victor_hugo author_walter_j_cobb,decade_1830s
778,779,5211,A Fine Balance,author_rohinton_mistry,decade_1990s
779,780,77727,Calvin and Hobbes,author_bill_watterson author_gb_trudeau,decade_1980s
780,781,24765,"Specials (Uglies, #3)",author_scott_westerfeld,decade_2000s
781,782,58345,The Awakening,author_kate_chopin,decade_1890s
782,783,4134071,"Hunted (House of Night, #5)",author_pc_cast author_kristin_cast,decade_2000s
783,784,10929,For One More Day,author_mitch_albom,decade_2000s
784,785,32669,"Clear and Present Danger (Jack Ryan Universe, #6)",author_tom_clancy,decade_1980s
785,786,30120,Falling Up,author_shel_silverstein,decade_1990s
788,789,29581,Foundation and Empire (Foundation #2),author_isaac_asimov,decade_1950s
790,791,6614960,House Rules,author_jodi_picoult,decade_2010s
791,792,22917,The Complete Grimm's Fairy Tales,author_jacob_grimm author_wilhelm_grimm author_josef_scharl author_padraic_colum author_joseph_campbell author_margaret_raine_hunt author_james_stern,decade_1810s
792,793,3980,From the Mixed-Up Files of Mrs. Basil E. Frankweiler,author_el_konigsburg,decade_1960s
793,794,16130549,"Doctor Sleep (The Shining, #2)",author_stephen_king,decade_2010s
794,795,4271,About a Boy,author_nick_hornby,decade_1990s
795,796,15760001,"On Dublin Street (On Dublin Street, #1)",author_samantha_young,decade_2010s
796,797,3206011,Crazy Love: Overwhelmed by a Relentless God,author_francis_chan author_danae_yankoski author_chris_tomlin,decade_2000s
799,800,821611,The Story of My Life,author_helen_keller,decade_1900s
800,801,6224935,This is Where I Leave You,author_jonathan_tropper,decade_2000s
801,802,7108001,Abraham Lincoln: Vampire Hunter,author_seth_grahamesmith,decade_2010s
802,803,271199,"Fruits Basket, Vol. 1",author_natsuki_takaya author_alethea_nibley author_athena_nibley,decade_1990s
803,804,12985,The Tempest,author_william_shakespeare,decade_1620s
804,805,6917952,"Burned (House of Night, #7)",author_pc_cast author_kristin_cast,decade_2010s
805,806,5096,"Wizard and Glass (The Dark Tower, #4)",author_stephen_king author_dave_mckean,decade_1990s
806,807,18302455,The Circle,author_dave_eggers,decade_2010s
807,808,9673436,The Invention of Hugo Cabret,author_brian_selznick,decade_2000s
808,809,5479,Brave New World / Brave New World Revisited,author_aldous_huxley author_christopher_hitchens,decade_1930s
809,810,1087204,"Ouran High School Host Club, Vol. 1 (Ouran High School Host Club, #1)",author_bisco_hatori,decade_2000s
810,811,18812405,The Good Girl,author_mary_kubica,decade_2010s
811,812,16070903,"Fallen Too Far (Rosemary Beach, #1; Too Far, #1)",author_abbi_glines,decade_2010s
812,813,18081809,Landline,author_rainbow_rowell,decade_2010s
813,814,6262365,"Tempted (House of Night, #6)",author_pc_cast author_kristin_cast,decade_2000s
814,815,12497,No Country for Old Men,author_cormac_mccarthy,decade_2000s
815,816,6101138,"Wolf Hall (Thomas Cromwell, #1)",author_hilary_mantel,decade_2000s
816,817,6294,"Howl's Moving Castle (Howl's Moving Castle, #1)",author_diana_wynne_jones,decade_1980s
818,819,16902,Walden,author_henry_david_thoreau,decade_1850s
819,820,28921,The Remains of the Day,author_kazuo_ishiguro,decade_1980s
820,821,10766509,The Best of Me,author_nicholas_sparks,decade_2010s
821,822,10746542,The Sense of an Ending,author_julian_barnes,decade_2010s
822,823,64863,"A is for Alibi (Kinsey Millhone, #1)",author_sue_grafton,decade_1980s
823,824,1554,"Oedipus Rex  (The Theban Plays, #1)",author_sophocles author_je_thomas,decade_0s
824,825,5960325,Shanghai Girls (Shanghai Girls #1),author_lisa_see,decade_2000s
825,826,5659,The Wind in the Willows,author_kenneth_grahame author_gillian_avery,decade_1900s
826,827,15749186,"To All the Boys I've Loved Before (To All the Boys I've Loved Before, #1)",author_jenny_han,decade_2010s
827,828,9516,"Persepolis: The Story of a Childhood (Persepolis, #1)",author_marjane_satrapi author_mattias_ripa,decade_2000s
828,829,3087,A Room with a View,author_em_forster,decade_1900s
829,830,6931356,The DUFF: Designated Ugly Fat Friend,author_kody_keplinger,decade_2010s
830,831,1295102,Lock and Key,author_sarah_dessen,decade_2000s
831,832,268602,"Naked in Death (In Death, #1)",author_jd_robb,decade_1990s
832,833,5355,The Chamber,author_john_grisham,decade_1990s
833,834,4502877,"Midnight Sun (Twilight, #1.5)",author_stephenie_meyer,decade_2000s
834,835,204042,"Naruto, Vol. 01: The Tests of the Ninja (Naruto, #1)",author_masashi_kishimoto author_katy_bridges,decade_1990s
835,836,13227454,"The Unlikely Pilgrimage of Harold Fry (Harold Fry, #1)",author_rachel_joyce,decade_2010s
836,837,13262783,"Every Day (Every Day, #1)",author_david_levithan,decade_2010s
837,838,8648,"Xenocide (Ender's Saga, #3)",author_orson_scott_card,decade_1990s
838,839,24128,The Merchant of Venice,author_william_shakespeare author_robert__________jackson author_barbara_a_mowat author_paul_werstine,decade_1590s
839,840,402093,"Shōgun (Asian Saga, #1)",author_james_clavell,decade_1970s
840,841,42900,"Lover Awakened (Black Dagger Brotherhood, #3)",author_jr_ward,decade_2000s
841,842,16096824,"A Court of Thorns and Roses (A Court of Thorns and Roses, #1)",author_sarah_j_maas,decade_2010s
843,844,293595,Chicka Chicka Boom Boom,author_bill_martin_jr author_john_archambault author_lois_ehlert,decade_1980s
844,845,6393631,Smile,author_raina_telgemeier,decade_2000s
845,846,5472,Animal Farm / 1984,author_george_orwell author_christopher_hitchens,decade_1950s
846,847,5161,"The Deep End of the Ocean (Cappadora Family, #1)",author_jacquelyn_mitchard,decade_1990s
847,848,12555,The Bonesetter's Daughter,author_amy_tan,decade_2000s
848,849,402013,"Angus, Thongs and Full-Frontal Snogging (Confessions of Georgia Nicolson, #1)",author_louise_rennison,decade_1990s
849,850,13538873,"Mr. Penumbra's 24-Hour Bookstore (Mr. Penumbra's 24-Hour Bookstore, #1)",author_robin_sloan,decade_2010s
850,851,43448,"Flowers in the Attic (Dollanganger, #1)",author_vc_andrews,decade_1970s
851,852,25899336,When Breath Becomes Air,author_paul_kalanithi author_abraham_verghese,decade_2010s
852,853,139463,Maniac Magee,author_jerry_spinelli,decade_1990s
853,854,22290,Invisible Monsters,author_chuck_palahniuk,decade_1990s
854,855,1625,Twelfth Night,author_william_shakespeare,decade_1600s
855,856,12936,"Gathering Blue (The Giver, #2)",author_lois_lowry,decade_2000s
856,857,902,The Westing Game,author_ellen_raskin,decade_1970s
857,858,15839976,"Red Rising (Red Rising, #1)",author_pierce_brown,decade_2010s
858,859,3227063,"The Way of Shadows (Night Angel, #1)",author_brent_weeks,decade_2000s
859,860,30868,"The Bean Trees (Greer Family, #1)",author_barbara_kingsolver,decade_1980s
860,861,15745950,"Walking Disaster (Beautiful, #2)",author_jamie_mcguire,decade_2010s
861,862,17332218,"Words of Radiance (The Stormlight Archive, #2)",author_brandon_sanderson,decade_2010s
862,863,301736,Guess How Much I Love You,author_sam_mcbratney author_anita_jeram,decade_1980s
863,864,10967,"The Fiery Cross (Outlander, #5)",author_diana_gabaldon,decade_2000s
864,865,10628,Night Shift,author_stephen_king author_john_d_macdonald,decade_1970s
865,866,126232,Jaws,author_peter_benchley,decade_1970s
866,867,3867,The History of Love,author_nicole_krauss,decade_2000s
867,868,19302,Pippi Longstocking,author_astrid_lindgren author_lauren_child author_florence_lamborn author_nancy_seligsohn,decade_1940s
868,869,2967752,The Elegance of the Hedgehog,author_muriel_barbery author_alison_anderson,decade_2000s
869,870,2199,Team of Rivals: The Political Genius of Abraham Lincoln,author_doris_kearns_goodwin author_suzanne_toren,decade_2000s
870,871,7091488,"Dead in the Family (Sookie Stackhouse, #10)",author_charlaine_harris,decade_2010s
871,872,11989,The Plague,author_albert_camus author_stuart_gilbert,decade_1940s
872,873,78418,"The Reptile Room (A Series of Unfortunate Events, #2)",author_lemony_snicket author_brett_helquist,decade_1990s
873,874,13547180,Brain on Fire: My Month of Madness,author_susannah_cahalan,decade_2010s
874,875,305234,"Wicked Lovely (Wicked Lovely, #1)",author_melissa_marr,decade_2000s
875,876,420297,Curious George,author_ha_rey,decade_1940s
876,877,27712,The Neverending Story,author_michael_ende author_ralph_manheim author_roswitha_quadflieg,decade_1970s
877,878,13912,A Beautiful Mind,author_sylvia_nasar,decade_1990s
878,879,41681,The Jungle,author_upton_sinclair author_earl_lee author_kathleen_degrave,decade_1900s
879,880,2800905,"The Summoning (Darkest Powers, #1)",author_kelley_armstrong,decade_2000s
880,881,63697,The Man Who Mistook His Wife for a Hat and Other Clinical Tales,author_oliver_sacks,decade_1980s
881,882,92364,Eye of the Needle,author_ken_follett,decade_1970s
882,883,78433,The Blind Assassin,author_margaret_atwood,decade_2000s
883,884,23164983,"Hollow City (Miss Peregrine’s Peculiar Children, #2)",author_ransom_riggs,decade_2010s
884,885,359770,House of Sand and Fog,author_andre_dubus_iii,decade_1990s
885,886,17235026,The Girl with All the Gifts,author_mr_carey,decade_2010s
886,887,77013,As I Lay Dying,author_william_faulkner,decade_1930s
887,888,98573,Harold and the Purple Crayon,author_crockett_johnson,decade_1950s
888,889,35729,"Lover Eternal (Black Dagger Brotherhood, #2)",author_jr_ward,decade_2000s
889,890,29580,Second Foundation (Foundation #3),author_isaac_asimov,decade_1950s
890,891,91477,"Fool Moon (The Dresden Files, #2)",author_jim_butcher,decade_2000s
891,892,15751404,"David and Goliath: Underdogs, Misfits, and the Art of Battling Giants",author_malcolm_gladwell,decade_2010s
892,893,870,"Fullmetal Alchemist, Vol. 1 (Fullmetal Alchemist, #1)",author_hiromu_arakawa author_akira_watanabe,decade_2000s
893,894,64216,"Guards! Guards! (Discworld, #8)",author_terry_pratchett,decade_1980s
894,895,7815,The Year of Magical Thinking,author_joan_didion,decade_2000s
895,896,80660,We Need to Talk About Kevin,author_lionel_shriver,decade_2000s
896,897,112537,"Rendezvous with Rama (Rama, #1)",author_arthur_c_clarke,decade_1970s
897,898,43758,"The Queen of the Damned (The Vampire Chronicles, #3)",author_anne_rice,decade_1980s
898,899,53835,The Age of Innocence,author_edith_wharton author_maureen_howard,decade_1920s
899,900,61535,The Selfish Gene,author_richard_dawkins,decade_1970s
900,901,4965,Year of Wonders,author_geraldine_brooks,decade_2000s
901,902,32508,"The Black Echo (Harry Bosch, #1; Harry Bosch Universe, #1)",author_michael_connelly,decade_1990s
902,903,667,Anthem,author_ayn_rand,decade_1930s
903,904,10140661,"Gabriel's Inferno (Gabriel's Inferno, #1)",author_sylvain_reynard,decade_2010s
904,905,8073,Cloudy With a Chance of Meatballs,author_judi_barrett author_ron_barrett,decade_1970s
905,906,6643090,Major Pettigrew's Last Stand,author_helen_simonson,decade_2010s
906,907,5598113,"Vision in White (Bride Quartet, #1)",author_nora_roberts,decade_2000s
907,908,10909,The Tenth Circle,author_jodi_picoult,decade_2000s
908,909,9067850,"The Throne of Fire (Kane Chronicles, #2)",author_rick_riordan,decade_2010s
909,910,51964,"Old Man's War (Old Man's War, #1)",author_john_scalzi,decade_2000s
910,911,32692,Gerald's Game,author_stephen_king,decade_1990s
911,912,6427,"Two for the Dough (Stephanie Plum, #2)",author_janet_evanovich,decade_1990s
913,914,21611,"The Forever War (The Forever War, #1)",author_joe_haldeman,decade_1970s
915,916,7603,Reading Lolita in Tehran,author_azar_nafisi,decade_2000s
916,917,944073,"The Blade Itself (The First Law, #1)",author_joe_abercrombie,decade_2000s
917,918,114955,"The Arctic Incident (Artemis Fowl, #2)",author_eoin_colfer,decade_2000s
918,919,7354,The Shipping News,author_annie_proulx,decade_1990s
919,920,22318578,The Life-Changing Magic of Tidying Up: The Japanese Art of Decluttering and Organizing,author_marie_kond author_cathy_hirano,decade_2010s
920,921,18460392,All the Bright Places,author_jennifer_niven author__,decade_2010s
921,922,231604,"Déjà Dead (Temperance Brennan, #1)",author_kathy_reichs,decade_1990s
922,923,17402605,"The Alchemyst (The Secrets of the Immortal Nicholas Flamel, #1)",author_michael_scott,decade_2000s
923,924,10964693,The Marriage Plot,author_jeffrey_eugenides,decade_2010s
924,925,16527,Daughter of Fortune,author_isabel_allende author_margaret_sayers_peden,decade_1990s
925,926,22609317,Luckiest Girl Alive,author_jessica_knoll,decade_2010s
926,927,270730,"Crank (Crank, #1)",author_ellen_hopkins,decade_2000s
927,928,17675462,"The Raven Boys (The Raven Cycle, #1)",author_maggie_stiefvater,decade_2010s
928,929,547094,I Am Legend and Other Stories,author_richard_matheson,decade_1950s
929,930,1736739,Olive Kitteridge,author_elizabeth_strout,decade_2000s
930,931,20588698,"Not That Kind of Girl: A Young Woman Tells You What She's ""Learned""",author_lena_dunham author_joana_avillez,decade_2010s
931,932,76865,Good to Great: Why Some Companies Make the Leap... and Others Don't,author_james_c_collins,decade_2000s
932,933,6137154,"Fire (Graceling Realm, #2)",author_kristin_cashore,decade_2000s
933,934,17716,Waiting for Godot,author_samuel_beckett,decade_1950s
934,935,43035,White Fang,author_jack_london,decade_1900s
935,936,4978,"Wolves of the Calla (The Dark Tower, #5)",author_stephen_king author_bernie_wrightson,decade_2000s
936,937,18116,His Dark Materials (His Dark Materials #1-3),author_philip_pullman,decade_2000s
937,938,16081272,"The Edge of Never (The Edge of Never, #1)",author_ja_redmerski,decade_2010s
938,939,15776309,Reconstructing Amelia,author_kimberly_mccreight,decade_2010s
939,940,18693716,One Plus One,author_jojo_moyes,decade_2010s
940,941,11899,The Hours,author_michael_cunningham,decade_1990s
941,942,15858248,"Wallbanger (Cocktail, #1)",author_alice_clayton,decade_2010s
942,943,4136,Holidays on Ice,author_david_sedaris,decade_1990s
943,944,10584,Desperation,author_stephen_king,decade_1990s
944,945,9369720,"Passion (Fallen, #3)",author_lauren_kate,decade_2010s
945,946,13089710,"The Kill Order (Maze Runner, #0.5)",author_james_dashner,decade_2010s
946,947,11500217,"Angelfall (Penryn & the End of Days, #1)",author_susan_ee,decade_2010s
947,948,187020,Empire Falls,author_richard_russo,decade_2000s
948,949,13895,"The Fires of Heaven (Wheel of Time, #5)",author_robert_jordan,decade_1990s
949,950,20820994,I'll Give You the Sun,author_jandy_nelson,decade_2010s
950,951,22283,Survivor,author_chuck_palahniuk,decade_1990s
951,952,9420,"Shopaholic & Baby (Shopaholic, #5)",author_sophie_kinsella,decade_2000s
952,953,5091,"The Dark Tower (The Dark Tower, #7)",author_stephen_king,decade_2000s
953,954,6202690,Twilight Director's Notebook : The Story of How We Made the Movie Based on the Novel by Stephenie Meyer,author_catherine_hardwicke,decade_2000s
954,955,9418,"Shopaholic Takes Manhattan (Shopaholic, #2)",author_sophie_kinsella,decade_2000s
955,956,5544,"Surely You're Joking, Mr. Feynman!: Adventures of a Curious Character",author_richard_feynman,decade_1980s
956,957,6654313,"Linger (The Wolves of Mercy Falls, #2)",author_maggie_stiefvater,decade_2010s
958,959,7588,A Portrait of the Artist as a Young Man,author_james_joyce author_seamus_deane,decade_1910s
959,960,1166599,"The Gathering Storm (Wheel of Time, #12)",author_robert_jordan author_brandon_sanderson,decade_2000s
960,961,19089,Middlemarch,author_george_eliot author_michel_faber,decade_1870s
961,962,13496084,"Point of Retreat (Slammed, #2)",author_colleen_hoover,decade_2010s
963,964,30,J.R.R. Tolkien 4-Book Boxed Set: The Hobbit and The Lord of the Rings,author_jrr_tolkien,decade_1970s
964,965,13517535,"Thoughtless (Thoughtless, #1)",author_sc_stephens,decade_2000s
966,967,11597,The Dark Half,author_stephen_king,decade_1980s
967,968,7968243,Cleopatra: A Life,author_stacy_schiff,decade_2000s
968,969,1911,The World Is Flat: A Brief History of the Twenty-first Century,author_thomas_l_friedman,decade_2000s
969,970,17182126,"Steelheart (The Reckoners, #1)",author_brandon_sanderson,decade_2010s
970,971,766020,The Rainbow Fish,author_marcus_pfister author_j_alison_james,decade_1990s
971,972,32829,"Journey to the Center of the Earth (Extraordinary Voyages, #3)",author_jules_verne,decade_1860s
972,973,6398634,"The Happiness Project: Or Why I Spent a Year Trying to Sing in the Morning, Clean My Closets, Fight Right, Read Aristotle, and Generally Have More Fun",author_gretchen_rubin,decade_2000s
973,974,216363,The Man in the High Castle,author_philip_k_dick,decade_1960s
974,975,105992,Helter Skelter: The True Story of the Manson Murders,author_vincent_bugliosi author_curt_gentry,decade_1970s
977,978,11559200,"Shadow of Night (All Souls Trilogy, #2)",author_deborah_harkness,decade_2010s
978,979,18816603,Leaving Time,author_jodi_picoult,decade_2010s
979,980,71811,"Moon Called (Mercy Thompson, #1)",author_patricia_briggs,decade_2000s
980,981,872333,"Blue Bloods (Blue Bloods, #1)",author_melissa_de_la_cruz,decade_2000s
981,982,40024,"The Alienist (Dr. Laszlo Kreizler, #1)",author_caleb_carr,decade_1990s
982,983,25489625,Between the World and Me,author_tanehisi_coates,decade_2010s
983,984,15997,Paradise Lost,author_john_milton author_john______leonard,decade_1660s
984,985,6463967,The Big Short: Inside the Doomsday Machine,author_michael___lewis,decade_2000s
986,987,8621462,A Monster Calls,author_patrick_ness author_jim_kay author_siobhan_dowd,decade_2010s
987,988,8253920,"Towers of Midnight (Wheel of Time, #13)",author_robert_jordan author_brandon_sanderson,decade_2010s
988,989,540020,The Day of the Jackal,author_frederick_forsyth,decade_1970s
989,990,6732019,Rework,author_jason_fried author_david_heinemeier_hansson,decade_2010s
990,991,8909152,Attachments,author_rainbow_rowell,decade_2010s
992,993,12875258,Tell the Wolves I'm Home,author_carol_rifka_brunt,decade_2010s
993,994,32085,"All Creatures Great and Small (All Creatures Great and Small, #1-2)",author_james_herriot,decade_1970s
994,995,11408650,"The Unbecoming of Mara Dyer (Mara Dyer, #1)",author_michelle_hodkin,decade_2010s
995,996,6854,"Three to Get Deadly (Stephanie Plum, #3)",author_janet_evanovich,decade_1990s
996,997,136116,The Scarlet Pimpernel,author_emmuska_orczy,decade_1900s
997,998,44186,The Monster at the End of this Book,author_jon_stone author_michael_j_smollin,decade_1970s
998,999,37741,"Tales of a Fourth Grade Nothing (Fudge, #1)",author_judy_blume,decade_1970s
999,1000,10194157,"Shadow and Bone (Shadow and Bone, #1)",author_leigh_bardugo,decade_2010s
1000,1001,15797938,The Dinner,author_herman_koch author_sam_garrett,decade_2000s
1001,1002,14290364,"Champion (Legend, #3)",author_marie_lu,decade_2010s
1002,1003,61666,Contact,author_carl_sagan,decade_1980s
1003,1004,9961796,"Lola and the Boy Next Door (Anna and the French Kiss, #2)",author_stephanie_perkins,decade_2010s
1004,1005,3711,White Teeth,author_zadie_smith,decade_1990s
1005,1006,11887020,American Sniper: The Autobiography of the Most Lethal Sniper in U.S. Military History,author_chris_kyle author_scott_mcewen author_jim_defelice,decade_2010s
1006,1007,35982,My Horizontal Life: A Collection of One-Night Stands,author_chelsea_handler,decade_2000s
1007,1008,8659601,"The Power of Six (Lorien Legacies, #2)",author_pittacus_lore,decade_2010s
1008,1009,15815333,The Interestings,author_meg_wolitzer,decade_2010s
1009,1010,43070,The Essential Calvin and Hobbes: A Calvin and Hobbes Treasury,author_bill_watterson,decade_1980s
1010,1011,1379961,People of the Book,author_geraldine_brooks,decade_2000s
1013,1014,8698,"So Long, and Thanks for All the Fish (Hitchhiker's Guide to the Galaxy, #4)",author_douglas_adams,decade_1980s
1014,1015,16631,Steppenwolf,author_hermann_hesse author_basil_creighton,decade_1920s
1015,1016,32263,"The Surgeon (Rizzoli & Isles, #1)",author_tess_gerritsen,decade_2000s
1016,1017,17572903,The Girl You Left Behind,author_jojo_moyes,decade_2010s
1017,1018,68487,"Royal Assassin (Farseer Trilogy, #2)",author_robin_hobb,decade_1990s
1018,1019,414999,Childhood's End,author_arthur_c_clarke,decade_1950s
1019,1020,37190,The Tale of Despereaux,author_kate_dicamillo author_timothy_basil_ering,decade_2000s
1020,1021,25460,"Animal, Vegetable, Miracle: A Year of Food Life",author_barbara_kingsolver author_steven_l_hopp author_camille_kingsolver author_richard_a_houser,decade_2000s
1021,1022,20613470,"Heir of Fire (Throne of Glass, #3)",author_sarah_j_maas,decade_2010s
1022,1023,35231,"Lord of Chaos (Wheel of Time, #6)",author_robert_jordan,decade_1990s
1023,1024,6218281,"The Sweetness at the Bottom of the Pie (Flavia de Luce, #1)",author_alan_bradley,decade_2000s
1024,1025,7214,Blue Like Jazz: Nonreligious Thoughts on Christian Spirituality,author_donald_miller,decade_2000s
1025,1026,10965,"A Breath of Snow and Ashes (Outlander, #6)",author_diana_gabaldon,decade_2000s
1026,1027,18705209,"The Blood of Olympus (The Heroes of Olympus, #5)",author_rick_riordan,decade_2010s
1027,1028,26247008,Truly Madly Guilty,author_liane_moriarty,decade_2010s
1028,1029,15704307,"Saga, Vol. 1 (Saga, #1)",author_brian_k_vaughan author_fiona_staples,decade_2010s
1029,1030,10996342,The Art of Fielding,author_chad_harbach,decade_2010s
1030,1031,4631,A Moveable Feast,author_ernest_hemingway,decade_1960s
1031,1032,44652,"Fablehaven (Fablehaven, #1)",author_brandon_mull,decade_2000s
1032,1033,438492,"The Wide Window (A Series of Unfortunate Events, #3)",author_lemony_snicket author_brett_helquist,decade_2000s
1033,1034,91476,"Grave Peril (The Dresden Files, #3)",author_jim_butcher,decade_2000s
1034,1035,10884,Einstein: His Life and Universe,author_walter_isaacson,decade_2000s
1035,1036,15842441,"Effortless (Thoughtless, #2)",author_sc_stephens,decade_2010s
1036,1037,5351,The Street Lawyer,author_john_grisham,decade_1990s
1037,1038,310459,"Roll of Thunder, Hear My Cry (Logans, #4)",author_mildred_d_taylor,decade_1970s
1038,1039,5899779,"Pride and Prejudice and Zombies (Pride and Prejudice and Zombies, #1)",author_seth_grahamesmith author_jane_austen,decade_2000s
1039,1040,15790837,Let's Explore Diabetes with Owls,author_david_sedaris,decade_2010s
1040,1041,12505,The Idiot,author_fyodor_dostoyevsky author_constance_garnett author_alan_myers author_joseph_frank author_anna_brailovsky,decade_1860s
1041,1042,365,Dirk Gently's Holistic Detective Agency (Dirk Gently #1),author_douglas_adams,decade_1980s
1042,1043,1809465,"Rodrick Rules (Diary of a Wimpy Kid, #2)",author_jeff_kinney,decade_2000s
1043,1044,22716447,Why Not Me?,author_mindy_kaling,decade_2010s
1044,1045,18126198,"Four: A Divergent Story Collection (Divergent, #0.1 - 0.4)",author_veronica_roth,decade_2010s
1045,1046,23453112,Modern Romance,author_aziz_ansari author_eric_klinenberg,decade_2010s
1046,1047,11594337,The One and Only Ivan,author_katherine_applegate author_patricia_castelao,decade_2010s
1047,1048,108229,The Perfect Storm: A True Story of Men Against the Sea,author_sebastian_junger,decade_1990s
1048,1049,68427,"Elantris (Elantris, #1)",author_brandon_sanderson,decade_2000s
1049,1050,2118745,"The Knife of Never Letting Go (Chaos Walking, #1)",author_patrick_ness,decade_2000s
1050,1051,33512,One Thousand White Women: The Journals of May Dodd (One Thousand White Women#1),author_jim_fergus,decade_1990s
1051,1052,3720975,Handle with Care,author_jodi_picoult,decade_2000s
1052,1053,5093,"Song of Susannah (The Dark Tower, #6)",author_stephen_king author_darrel_anderson,decade_2000s
1054,1055,14836,Midnight's Children,author_salman_rushdie,decade_1980s
1055,1056,535441,The Zombie Survival Guide: Complete Protection from the Living Dead,author_max_brooks,decade_2000s
1057,1058,16331,"Murder at the Vicarage (Miss Marple, #1)",author_agatha_christie,decade_1930s
1058,1059,227651,"Among the Hidden (Shadow Children, #1)",author_margaret_peterson_haddix,decade_1990s
1059,1060,315425,In Defense of Food: An Eater's Manifesto,author_michael_pollan,decade_2000s
1060,1061,703292,The Witch of Blackbird Pond,author_elizabeth_george_speare,decade_1950s
1061,1062,22918050,"The Heir (The Selection, #4)",author_kiera_cass,decade_2010s
1062,1063,9419,"Shopaholic Ties the Knot (Shopaholic, #3)",author_sophie_kinsella,decade_2000s
1063,1064,5890,The Woman in White,author_wilkie_collins author_matthew_sweet,decade_1850s
1064,1065,25735012,"Career of Evil (Cormoran Strike, #3)",author_robert_galbraith author_jk_rowling,decade_2010s
1065,1066,5821978,"The Summer I Turned Pretty (Summer, #1)",author_jenny_han,decade_2000s
1066,1067,6422,"Four to Score (Stephanie Plum, #4)",author_janet_evanovich,decade_1990s
1067,1068,29209,The Color of Water: A Black Man's Tribute to His White Mother,author_james_mcbride,decade_1990s
1068,1069,6402364,"SuperFreakonomics: Global Cooling, Patriotic Prostitutes And Why Suicide Bombers Should Buy Life Insurance",author_steven_d_levitt author_stephen_j_dubner,decade_2000s
1069,1070,112750,"Darkfever (Fever, #1)",author_karen_marie_moning,decade_2000s
1070,1071,234184,"Stone of Tears (Sword of Truth, #2)",author_terry_goodkind,decade_1990s
1071,1072,7114761,Heart of the Matter,author_emily_giffin,decade_2010s
1072,1073,5797,Vanity Fair,author_william_makepeace_thackeray author_john_carey,decade_1840s
1073,1074,4982,The Sirens of Titan,author_kurt_vonnegut_jr,decade_1950s
1075,1076,25781157,The Nest,author_cynthia_daprix_sweeney,decade_2010s
1076,1077,21326,"Fables, Vol. 1: Legends in Exile",author_bill_willingham author_lan_medina author_steve_leialoha author_craig_hamilton author_james_jean,decade_2000s
1077,1078,1633,Getting Things Done: The Art of Stress-Free Productivity,author_david____allen,decade_2000s
1078,1079,13103,"The Celestine Prophecy (Celestine Prophecy, #1)",author_james_redfield,decade_1990s
1079,1080,12294652,My Life Next Door,author_huntley_fitzpatrick,decade_2010s
1080,1081,12959233,Winter of the World (The Century Trilogy #2),author_ken_follett,decade_2010s
1081,1082,19288239,Colorless Tsukuru Tazaki and His Years of Pilgrimage,author_haruki_murakami author_philip_gabriel,decade_2010s
1082,1083,82970,Lucky,author_alice_sebold,decade_1990s
1083,1084,59716,To the Lighthouse,author_virginia_woolf,decade_1920s
1084,1085,105576,Five Point Someone,author_chetan_bhagat,decade_2000s
1085,1086,30281,"Guilty Pleasures (Anita Blake, Vampire Hunter, #1)",author_laurell_k_hamilton,decade_1990s
1086,1087,19057,I Am the Messenger,author_markus_zusak,decade_2000s
1087,1088,31463,Far from the Madding Crowd,author_thomas_hardy author_rosemarie_morgan author_shannon_russell,decade_1870s
1088,1089,34507,"Equal Rites (Discworld, #3; Witches #1)",author_terry_pratchett,decade_1980s
1089,1090,24800,House of Leaves,author_mark_z_danielewski,decade_2000s
1091,1092,17288661,Sycamore Row,author_john_grisham,decade_2010s
1092,1093,8652190,"Awakened (House of Night, #8)",author_pc_cast author_kristin_cast,decade_2010s
1093,1094,17150,My Ántonia,author_willa_cather,decade_1910s
1094,1095,213753,"Life As We Knew It (Last Survivors, #1)",author_susan_beth_pfeffer,decade_2000s
1095,1096,706,America (The Book): A Citizen's Guide to Democracy Inaction,author_jon_stewart author_ben_karlin author_david_javerbaum author_rich_bloomquist author_steve_bodow author_tim_carvell author_eric_drysdale author_jr_havlan author_scott_jacobson author_tom_johnson author_rob_kutner author_chris_regan author_jason_reich author_jason_ross author_stephen_colbert author_samantha_bee author_rob_corddry author_brendan_hay author_ed_helms,decade_2000s
1097,1098,17407748,The Longest Ride,author_nicholas_sparks,decade_2010s
1098,1099,57854,Tao Te Ching,author_lao_tzu author_giafu_feng author_jane_english author_chungliang_al_huang author_rowena_pattee_kryder author_toinette_lippe,decade_0s
1099,1100,78983,"Kane and Abel (Kane and Abel, #1)",author_jeffrey_archer,decade_1970s
1100,1101,1609451,Change of Heart,author_jodi_picoult,decade_2000s
1101,1102,32370,Dry,author_augusten_burroughs,decade_2000s
1103,1104,25644601,"Grey (Fifty Shades, #4)",author_el_james,decade_2010s
1104,1105,106,Dune Messiah (Dune Chronicles #2),author_frank_herbert,decade_1960s
1105,1106,17267,The Great Divorce,author_cs_lewis,decade_1940s
1107,1108,46306,The Complete Fairy Tales,author_hans_christian_andersen author_lily_owens author_arthur_rackham author_hans_richter,decade_1830s
1108,1109,6466909,"New Moon: The Complete Illustrated Movie Companion (The Twilight Saga: The Official Illustrated Movie Companion, #2)",author_mark_cotta_vaz,decade_2000s
1109,1110,24445517,"Maybe Someday (Maybe, #1)",author_colleen_hoover,decade_2010s
1110,1111,31101,Mr. Maybe,author_jane_green,decade_1990s
1111,1112,77392,"Anne of the Island (Anne of Green Gables, #3)",author_lm_montgomery,decade_1910s
1112,1113,51893,Thus Spoke Zarathustra,author_friedrich_nietzsche author_walter_kaufmann,decade_1880s
1113,1114,156538,North and South,author_elizabeth_gaskell author_alan_shelston,decade_1850s
1114,1115,11330361,A Stolen Life,author_jaycee_dugard,decade_2010s
1115,1116,7913305,"The Immortals of Meluha (Shiva Trilogy, #1)",author_amish_tripathi,decade_2010s
1116,1117,8650,"The Lost World (Jurassic Park, #2)",author_michael_crichton,decade_1990s
1117,1118,9593913,"Requiem (Delirium, #3)",author_lauren_oliver,decade_2010s
1118,1119,13890,"A Crown of Swords (Wheel of Time, #7)",author_robert_jordan,decade_1990s
1119,1120,21348,Aesop's Fables,author_aesop author_laura_harris author_laura_gibbs,decade_0s
1120,1121,394535,"Blood Meridian, or the Evening Redness in the West",author_cormac_mccarthy,decade_1980s
1121,1122,12751687,"Finale (Hush, Hush, #4)",author_becca_fitzpatrick,decade_2010s
1122,1123,13440,Skeleton Crew,author_stephen_king,decade_1980s
1124,1125,6969361,2 States: The Story of My Marriage,author_chetan_bhagat,decade_2000s
1125,1126,263145,"Vampire Knight, Vol. 1 (Vampire Knight, #1)",author_matsuri_hino author_tomo_kimura,decade_2000s
1126,1127,91478,"Summer Knight (The Dresden Files, #4)",author_jim_butcher,decade_2000s
1127,1128,61975,"Dragonflight (Dragonriders of Pern, #1)",author_anne_mccaffrey author_teodor_panasiski,decade_1960s
1128,1129,1081560,"The History of the Hobbit, Part One: Mr. Baggins",author_john_d_rateliff author_jrr_tolkien,decade_2000s
1129,1130,17788401,Ugly Love,author_colleen_hoover,decade_2010s
1130,1131,47401,"Chocolat (Chocolat, #1)",author_joanne_harris,decade_1990s
1131,1132,293101,The Amityville Horror,author_jay_anson,decade_1970s
1133,1134,13639050,"Gabriel's Rapture (Gabriel's Inferno, #2)",author_sylvain_reynard,decade_2010s
1134,1135,11012,Dubliners,author_james_joyce author_jeri_johnson,decade_1910s
1135,1136,5941033,Let the Great World Spin,author_colum_mccann,decade_2000s
1136,1137,227865,"The Eternity Code (Artemis Fowl, #3)",author_eoin_colfer,decade_2000s
1137,1138,43933,Tell No One,author_harlan_coben,decade_2000s
1138,1139,17660,The Tommyknockers,author_stephen_king,decade_1980s
1139,1140,5287473,"Hex Hall (Hex Hall, #1)",author_rachel_hawkins,decade_2010s
1140,1141,13099738,Steal Like an Artist: 10 Things Nobody Told You About Being Creative,author_austin_kleon,decade_2010s
1141,1142,816,Cryptonomicon,author_neal_stephenson,decade_1990s
1142,1143,16102004,"Beautiful Bastard (Beautiful Bastard, #1)",author_christina_lauren,decade_2010s
1143,1144,14249,Prodigal Summer,author_barbara_kingsolver,decade_2000s
1144,1145,5204,We Were the Mulvaneys,author_joyce_carol_oates,decade_1990s
1145,1146,102920,Understanding Comics: The Invisible Art,author_scott_mccloud,decade_1990s
1146,1147,7842288,"Beautiful Darkness (Caster Chronicles, #2)",author_kami_garcia author_margaret_stohl,decade_2010s
1147,1148,12391521,The Psychopath Test: A Journey Through the Madness Industry,author_jon_ronson,decade_2010s
1148,1149,14865,Vanishing Acts,author_jodi_picoult,decade_2000s
1149,1150,15159,Absolute Power,author_david_baldacci,decade_1990s
1150,1151,6858,"Hot Six (Stephanie Plum, #6)",author_janet_evanovich,decade_2000s
1151,1152,13624688,The Time Keeper,author_mitch_albom,decade_2010s
1152,1153,33456,"A Dirty Job (Grim Reaper, #1)",author_christopher_moore,decade_2000s
1153,1154,1301,Moneyball: The Art of Winning an Unfair Game,author_michael___lewis,decade_2000s
1154,1155,334123,"The Amulet of Samarkand (Bartimaeus, #1)",author_jonathan_stroud,decade_2000s
1155,1156,611298,I Am America (And So Can You!),author_stephen_colbert author_richard_dahm author_paul_dinello author_allison_silverman author_michael_brumm author_eric_drydale author_rob_dubbin author_glenn_eichler author_peter_grosz author_peter_gwinn author_jay_katsir author_laura_krafft author_frank_lesser author_tom_purcell,decade_2000s
1156,1157,763362,The One Minute Manager,author_kenneth_h_blanchard author_spencer_johnson,decade_1980s
1157,1158,42697,Exodus,author_leon_uris,decade_1950s
1158,1159,77163,Stones from the River,author_ursula_hegi,decade_1990s
1159,1160,2052,"The Big Sleep (Philip Marlowe, #1)",author_raymond_chandler,decade_1930s
1160,1161,4799,Cannery Row,author_john_steinbeck,decade_1940s
1161,1162,11230081,Seriously... I'm Kidding,author_ellen_degeneres,decade_2010s
1162,1163,65119,"The Miserable Mill (A Series of Unfortunate Events, #4)",author_lemony_snicket author_brett_helquist,decade_2000s
1163,1164,11250053,The Snow Child,author_eowyn_ivey,decade_2010s
1164,1165,17314430,"Wait for You (Wait for You, #1)",author_j_lynn author_jennifer_l_armentrout,decade_2010s
1165,1166,3293821,"The Last Straw (Diary of a Wimpy Kid, #3)",author_jeff_kinney,decade_2000s
1166,1167,6656,The Divine Comedy,author_dante_alighieri author_allen_mandelbaum author_eugenio_montale,decade_1300s
1167,1168,48757,The Tao of Pooh,author_benjamin_hoff author_ernest_h_shepard,decade_1980s
1168,1169,13047090,"Onyx (Lux, #2)",author_jennifer_l_armentrout,decade_2010s
1169,1170,13104080,"Unravel Me (Shatter Me, #2)",author_tahereh_mafi,decade_2010s
1170,1171,28078,The Birth of Venus,author_sarah_dunant,decade_2000s
1171,1172,114954,"The Opal Deception  (Artemis Fowl, #4)",author_eoin_colfer,decade_2000s
1172,1173,25074850,"The Girl in the Spider's Web (Millennium, #4)",author_david_lagercrantz author_stieg_larsson author_george_goulding,decade_2010s
1173,1174,26893819,The Girls,author_emma_cline,decade_2010s
1174,1175,179064,"The Goose Girl (The Books of Bayern, #1)",author_shannon_hale,decade_2000s
1175,1176,21671,Mystic River,author_dennis_lehane,decade_2000s
1177,1178,62446,The Prince and the Pauper,author_mark_twain author_everett_h_emerson,decade_1880s
1178,1179,16690,The Moon is a Harsh Mistress,author_robert_a_heinlein,decade_1960s
1179,1180,6642715,The Forty Rules of Love,author_elif_shafak author__ author__ author__,decade_2010s
1180,1181,6423,"High Five (Stephanie Plum, #5)",author_janet_evanovich,decade_1990s
1181,1182,13596166,Joyland,author_stephen_king,decade_2010s
1182,1183,13154150,"Attack on Titan, Vol. 1 (Attack on Titan, #1)",author_hajime_isayama author_sheldon_drzka,decade_2010s
1183,1184,46164,Tender Is the Night,author_f_scott_fitzgerald,decade_1930s
1185,1186,92517,The Glass Menagerie,author_tennessee_williams,decade_1940s
1186,1187,13586707,My Brilliant Friend (The Neapolitan Novels #1),author_elena_ferrante author_ann_goldstein,decade_2010s
1187,1188,368593,The 4-Hour Workweek,author_timothy_ferriss,decade_2000s
1188,1189,43877,The Monk Who Sold His Ferrari: A Fable About Fulfilling Your Dreams  Reaching Your Destiny,author_robin_s_sharma,decade_1990s
1189,1190,10054335,Rules of Civility,author_amor_towles,decade_2010s
1190,1191,61179,"Ringworld (Ringworld, #1)",author_larry_niven,decade_1970s
1191,1192,7824322,Between Shades of Gray,author_ruta_sepetys,decade_2010s
1192,1193,439173,Frindle,author_andrew_clements author_brian_selznick,decade_1990s
1193,1194,6578293,"Dog Days (Diary of a Wimpy Kid, #4)",author_jeff_kinney,decade_2000s
1194,1195,13602426,The Round House,author_louise_erdrich,decade_2010s
1195,1196,18130,"A Wind in the Door (A Wrinkle in Time Quintet, #2)",author_madeleine_lengle,decade_1970s
1196,1197,13615258,"Free Four: Tobias Tells the Divergent Knife-Throwing Scene (Divergent, #1.5)",author_veronica_roth,decade_2010s
1197,1198,22822858,A Little Life,author_hanya_yanagihara,decade_2010s
1198,1199,156534,"Y: The Last Man, Vol. 1: Unmanned",author_brian_k_vaughan author_pia_guerra author_jos_marzn_jr,decade_2000s
1199,1200,10803121,"The Alloy of Law (Mistborn, #4)",author_brandon_sanderson,decade_2010s
1200,1201,7981206,"Dead Reckoning (Sookie Stackhouse, #11)",author_charlaine_harris,decade_2010s
1201,1202,60792,The Accidental Tourist,author_anne_tyler author_jennifer_bassett,decade_1980s
1203,1204,17184,The Invisible Man,author_hg_wells,decade_1890s
1204,1205,10374,Hard-Boiled Wonderland and the End of the World,author_haruki_murakami author_alfred_birnbaum,decade_1980s
1205,1206,1428,By the River Piedra I Sat Down and Wept,author_paulo_coelho author_alan_r_clarke,decade_1990s
1206,1207,62111,The Swiss Family Robinson  ,author_johann_david_wyss author_scott_mckowen author_arthur_pober,decade_1810s
1207,1208,133266,Four Past Midnight ,author_stephen_king,decade_1990s
1208,1209,13486122,"The Marriage Bargain (Marriage to a Billionaire, #1)",author_jennifer_probst,decade_2010s
1209,1210,77390,"Anne of Avonlea (Anne of Green Gables, #2)",author_lm_montgomery,decade_1900s
1210,1211,824204,The Little Engine That Could,author_watty_piper author_doris_hauman author_george_hauman,decade_1930s
1211,1212,16176440,We Are All Completely Beside Ourselves,author_karen_joy_fowler,decade_2010s
1212,1213,31360,"Children of the Mind (Ender's Saga, #4)",author_orson_scott_card,decade_1990s
1213,1214,338798,Ulysses,author_james_joyce,decade_1920s
1214,1215,816953,Someone Like You,author_sarah_dessen,decade_1990s
1215,1216,3273,Moloka'i,author_alan_brennert,decade_2000s
1216,1217,11901,"The Witching Hour (Lives of the Mayfair Witches, #1)",author_anne_rice,decade_1990s
1217,1218,17309,"This Present Darkness (Darkness, #1)",author_frank_e_peretti,decade_1980s
1218,1219,16113791,"The Coincidence of Callie & Kayden (The Coincidence, #1)",author_jessica_sorensen,decade_2010s
1219,1220,24612118,Fates and Furies,author_lauren_groff,decade_2010s
1221,1222,138959,Stuart Little,author_eb_white author_garth_williams,decade_1940s
1222,1223,46654,"The Foundation Trilogy (Foundation, #1-3)",author_isaac_asimov,decade_1950s
1223,1224,771,"The Elegant Universe: Superstrings, Hidden Dimensions, and the Quest for the Ultimate Theory",author_brian_greene,decade_1990s
1224,1225,131123,"The Austere Academy (A Series of Unfortunate Events, #5)",author_lemony_snicket author_brett_helquist,decade_2000s
1225,1226,6424,"Seven Up (Stephanie Plum, #7)",author_janet_evanovich,decade_2000s
1226,1227,5391115,"The Awakening (Darkest Powers, #2)",author_kelley_armstrong,decade_2000s
1227,1228,91479,"Death Masks (The Dresden Files, #5)",author_jim_butcher,decade_2000s
1228,1229,786256,Stellaluna,author_janell_cannon,decade_1990s
1229,1230,902715,Before They Are Hanged (The First Law #2),author_joe_abercrombie,decade_2000s
1230,1231,898885,Loving Frank,author_nancy_horan,decade_2000s
1231,1232,6425,"Hard Eight (Stephanie Plum, #8)",author_janet_evanovich author_lorelei_king,decade_2000s
1232,1233,150037,"The Vile Village (A Series of Unfortunate Events, #7)",author_lemony_snicket author_brett_helquist,decade_2000s
1233,1234,67920,Sybil: The Classic True Story of a Woman Possessed by Sixteen Personalities,author_flora_rheta_schreiber,decade_1970s
1234,1235,55030,Cosmos,author_carl_sagan,decade_1980s
1235,1236,22288,Haunted,author_chuck_palahniuk,decade_2000s
1236,1237,37095,The Shell Seekers,author_rosamunde_pilcher,decade_1980s
1237,1238,4952,What Is the What,author_dave_eggers,decade_2000s
1238,1239,23878,Chronicle of a Death Foretold,author_gabriel_garca_mrquez author_gregory_rabassa,decade_1980s
1240,1241,10587120,Killing Lincoln: The Shocking Assassination that Changed America Forever,author_bill_oreilly author_martin_dugard,decade_2010s
1241,1242,17262100,The Lowland,author_jhumpa_lahiri,decade_2010s
1242,1243,60400,"The Ruins of Gorlan (Ranger's Apprentice, #1)",author_john_flanagan,decade_2000s
1243,1244,5152478,Wintergirls,author_laurie_halse_anderson,decade_2000s
1245,1246,45112,"Assassin's Quest (Farseer Trilogy, #3)",author_robin_hobb,decade_1990s
1246,1247,228296,Rosemary's Baby,author_ira_levin,decade_1960s
1247,1248,59219,"The Talisman (The Talisman, #1)",author_stephen_king author_peter_straub,decade_1980s
1248,1249,140974,"The Path of Daggers (Wheel of Time, #8)",author_robert_jordan,decade_1990s
1249,1250,412732,The Dharma Bums,author_jack_kerouac,decade_1950s
1250,1251,6468666,"The Reckoning (Darkest Powers, #3)",author_kelley_armstrong,decade_2010s
1251,1252,11869272,"Behind the Beautiful Forevers: Life, Death, and Hope in a Mumbai Undercity",author_katherine_boo,decade_2010s
1252,1253,152380,"Mary Poppins (Mary Poppins, #1)",author_pl_travers author_mary_shepard,decade_1930s
1253,1254,887877,"Red Seas Under Red Skies (Gentleman Bastard, #2)",author_scott_lynch,decade_2000s
1254,1255,139253,The House on Mango Street,author_sandra_cisneros,decade_1980s
1255,1256,1971304,City of Thieves,author_david_benioff,decade_2000s
1256,1257,1421990,"Halfway to the Grave (Night Huntress, #1)",author_jeaniene_frost,decade_2000s
1257,1258,31456,The Twits,author_roald_dahl author_quentin_blake,decade_1980s
1258,1259,334643,"Abhorsen (Abhorsen, #3)",author_garth_nix,decade_2000s
1259,1260,7510,The Beach House,author_james_patterson author_peter_de_jonge,decade_2000s
1260,1261,10611,The Eyes of the Dragon,author_stephen_king,decade_1980s
1261,1262,112,Children of Dune (Dune Chronicles #3),author_frank_herbert,decade_1970s
1262,1263,8855321,"Leviathan Wakes (The Expanse, #1)",author_james_sa_corey,decade_2010s
1263,1264,18006496,"Queen of Shadows (Throne of Glass, #4)",author_sarah_j_maas,decade_2010s
1264,1265,15197,"Maus II: A Survivor's Tale: And Here My Troubles Began (Maus, #2)",author_art_spiegelman,decade_1990s
1265,1266,310258,The Snowy Day,author_ezra_jack_keats,decade_1960s
1266,1267,40331,"To the Nines (Stephanie Plum, #9)",author_janet_evanovich,decade_2000s
1267,1268,12987977,Where We Belong,author_emily_giffin,decade_2010s
1268,1269,16213,The Hot Zone: The Terrifying True Story of the Origins of the Ebola Virus,author_richard___preston,decade_1990s
1269,1270,9557,Sputnik Sweetheart,author_haruki_murakami author_philip_gabriel,decade_1990s
1270,1271,17465453,The Signature of All Things,author_elizabeth_gilbert,decade_2010s
1271,1272,8600,"Eats, Shoots & Leaves: The Zero Tolerance Approach to Punctuation",author_lynne_truss,decade_2000s
1272,1273,30264,"Dead Witch Walking (The Hollows, #1)",author_kim_harrison,decade_2000s
1273,1274,196970,The Night Before Christmas,author_clement_c_moore author_jan_brett,decade_1980s
1274,1275,2832909,"An Echo in the Bone (Outlander, #7)",author_diana_gabaldon,decade_2000s
1275,1276,7488244,"Unearthly (Unearthly, #1)",author_cynthia_hand,decade_2010s
1277,1278,13888,"Knife of Dreams (Wheel of Time, #11)",author_robert_jordan,decade_2000s
1278,1279,13083,Hoot,author_carl_hiaasen,decade_2000s
1279,1280,12914,The Aeneid,author_virgil author_robert_fitzgerald,decade_0s
1280,1281,13503109,This Is How You Lose Her,author_junot_daz,decade_2010s
1281,1282,17803,After Dark,author_haruki_murakami author_jay_rubin,decade_2000s
1282,1283,227265,Ishmael:A Novel,author_daniel_quinn,decade_1990s
1283,1284,6584188,"It's Not Summer Without You (Summer, #2)",author_jenny_han,decade_2010s
1284,1285,10194514,"Pushing the Limits (Pushing the Limits, #1)",author_katie_mcgarry,decade_2010s
1285,1286,111450,Quidditch Through the Ages,author_kennilworthy_whisp author_jk_rowling,decade_2000s
1286,1287,147732,"Miss Nelson Is Missing! (Miss Nelson, #1)",author_harry_allard author_james__marshall,decade_1970s
1287,1288,9014,The Long Walk,author_richard_bachman author_stephen_king,decade_1970s
1288,1289,172327,"The Ersatz Elevator (A Series of Unfortunate Events, #6)",author_lemony_snicket author_brett_helquist,decade_2000s
1289,1290,12930,"Messenger (The Giver, #3)",author_lois_lowry,decade_2000s
1290,1291,42898,"Lover Revealed (Black Dagger Brotherhood, #4)",author_jr_ward,decade_2000s
1291,1292,5413,'Salem's Lot,author_stephen_king author_jerry_n_uelsmann,decade_2000s
1292,1293,83369,"The Mysterious Benedict Society (The Mysterious Benedict Society, #1)",author_trenton_lee_stewart author_carson_ellis,decade_2000s
1293,1294,43369,god is Not Great: How Religion Poisons Everything,author_christopher_hitchens,decade_2000s
1294,1295,17029526,"Never Too Far (Rosemary Beach, #2; Too Far, #2)",author_abbi_glines,decade_2010s
1295,1296,15860,State of Fear,author_michael_crichton,decade_2000s
1296,1297,10798416,The Statistical Probability of Love at First Sight,author_jennifer_e_smith,decade_2010s
1297,1298,59263,"The Golem's Eye (Bartimaeus, #2)",author_jonathan_stroud,decade_2000s
1298,1299,9566,Still Life with Woodpecker,author_tom_robbins,decade_1980s
1299,1300,49465,Those Who Save Us,author_jenna_blum,decade_2000s
1300,1301,1110,The Broker,author_john_grisham,decade_2000s
1301,1302,8235178,"Across the Universe (Across the Universe, #1)",author_beth_revis,decade_2010s
1302,1303,347852,"The Road Less Traveled: A New Psychology of Love, Traditional Values, and Spiritual Growth",author_m_scott_peck,decade_1970s
1303,1304,99383,"Blood Rites (The Dresden Files, #6)",author_jim_butcher,decade_2000s
1304,1305,297249,"The Boxcar Children (The Boxcar Children, #1)",author_gertrude_chandler_warner author_l_kate_deal,decade_1940s
1305,1306,16171291,The Silent Wife,author_asa_harrison,decade_2010s
1306,1307,10600242,How to Be a Woman,author_caitlin_moran,decade_2010s
1307,1308,17927395,"A Court of Mist and Fury (A Court of Thorns and Roses, #2)",author_sarah_j_maas,decade_2010s
1308,1309,9439303,Life,author_keith_richards,decade_2010s
1309,1310,85301,Unaccustomed Earth,author_jhumpa_lahiri,decade_2000s
1310,1311,5191,The Pilot's Wife,author_anita_shreve,decade_1990s
1311,1312,11762,White Noise,author_don_delillo,decade_1980s
1312,1313,42389,"Band of Brothers: E Company, 506th Regiment, 101st Airborne from Normandy to Hitler's Eagle's Nest",author_stephen_e_ambrose,decade_1990s
1313,1314,22463,The Origin of Species,author_charles_darwin,decade_1850s
1314,1315,25179,Blankets,author_craig_thompson,decade_2000s
1315,1316,2731276,The Story of Edgar Sawtelle,author_david_wroblewski,decade_2000s
1316,1317,5171,Drowning Ruth,author_christina_schwarz,decade_2000s
1317,1318,51504,Post Office,author_charles_bukowski,decade_1970s
1318,1319,469571,"All the Pretty Horses (The Border Trilogy, #1)",author_cormac_mccarthy,decade_1990s
1320,1321,1237398,"One Piece, Volume 01: Romance Dawn (One Piece, #1)",author_eiichir_oda author_andy_nakatani,decade_1990s
1321,1322,29127,"The Last Unicorn (The Last Unicorn, #1)",author_peter_s_beagle,decade_1960s
1322,1323,769483,"Magyk (Septimus Heap, #1)",author_angie_sage,decade_2000s
1323,1324,781110,Fever 1793,author_laurie_halse_anderson,decade_2000s
1324,1325,1914973,"The Likeness (Dublin Murder Squad, #2)",author_tana_french,decade_2000s
1325,1326,22551730,Dead Wake: The Last Crossing of the Lusitania,author_erik_larson,decade_2010s
1326,1327,77270,The Jungle Book,author_rudyard_kipling,decade_1890s
1327,1328,18144124,"I Am Pilgrim (Pilgrim, #1)",author_terry_hayes,decade_2010s
1328,1329,6295,Howl and Other Poems,author_allen_ginsberg author_william_carlos_williams,decade_1950s
1329,1330,170548,Don't Sweat the Small Stuff ... and it's all small stuff: Simple Ways to Keep the Little Things from Taking Over Your Life,author_richard_carlson,decade_1990s
1330,1331,11192642,Go the Fuck to Sleep,author_adam_mansbach author_ricardo_corts,decade_2010s
1331,1332,360,"Mostly Harmless (Hitchhiker's Guide to the Galaxy, #5)",author_douglas_adams,decade_1990s
1332,1333,10883,Benjamin Franklin: An American Life,author_walter_isaacson,decade_2000s
1333,1334,8366402,The Tiger's Wife,author_ta_obreht,decade_2010s
1334,1335,60510,"Poison Study (Study, #1)",author_maria_v_snyder,decade_2000s
1335,1336,304027,"Lover Unbound (Black Dagger Brotherhood, #5)",author_jr_ward,decade_2000s
1336,1337,64222,"Going Postal (Discworld, #33; Moist von Lipwig, #1)",author_terry_pratchett,decade_2000s
1337,1338,323355,The Book of Mormon: Another Testament of Jesus Christ,author_anonymous author_joseph_smith_jr,decade_1830s
1338,1339,813214,The Mist,author_stephen_king,decade_1980s
1339,1340,17683,"Dead Beat (The Dresden Files, #7)",author_jim_butcher,decade_2000s
1340,1341,18966819,"Golden Son (Red Rising, #2)",author_pierce_brown,decade_2010s
1341,1342,47989,"Night Watch (Discworld, #29; City Watch, #6)",author_terry_pratchett,decade_2000s
1342,1343,34506,"The Light Fantastic (Discworld, #2; Rincewind #2)",author_terry_pratchett,decade_1980s
1343,1344,6516450,What the Dog Saw and Other Adventures,author_malcolm_gladwell,decade_2000s
1344,1345,25574782,Pretty Girls,author_karin_slaughter,decade_2010s
1345,1346,944076,"Last Argument of Kings (The First Law, #3)",author_joe_abercrombie,decade_2000s
1346,1347,20926278,Revival,author_stephen_king,decade_2010s
1347,1348,7779,Horton Hears a Who!,author_dr_seuss,decade_1950s
1348,1349,817791,The Blind Side: Evolution of a Game,author_michael___lewis,decade_2000s
1349,1350,47624,"Lirael (Abhorsen, #2)",author_garth_nix,decade_2000s
1350,1351,13139,"School's Out—Forever (Maximum Ride, #2)",author_james_patterson,decade_2000s
1351,1352,6690979,"Black Butler, Vol. 1 (Black Butler, #1)",author_yana_toboso author_tomo_kimura,decade_2000s
1352,1353,13206900,"Winter (The Lunar Chronicles, #4)",author_marissa_meyer,decade_2010s
1353,1354,51497,The Strange Case of Dr. Jekyll and Mr. Hyde and Other Tales of Terror,author_robert_louis_stevenson author_robert_mighall,decade_1880s
1354,1355,13027304,The Hunger Games Tribute Guide,author_emily_seife,decade_2010s
1355,1356,3428935,"The Warded Man (Demon Cycle, #1)",author_peter_v_brett,decade_2000s
1357,1358,220968,"One Shot (Jack Reacher, #9)",author_lee_child,decade_2000s
1358,1359,12893742,"The Serpent's Shadow (Kane Chronicles, #3)",author_rick_riordan,decade_2010s
1359,1360,472343,Duma Key,author_stephen_king,decade_2000s
1360,1361,1278752,The House at Riverton,author_kate_morton,decade_2000s
1361,1362,13891,"Winter's Heart (Wheel of Time, #9)",author_robert_jordan,decade_2000s
1362,1363,91474,"Proven Guilty (The Dresden Files, #8)",author_jim_butcher,decade_2000s
1363,1364,17876,"Notes from Underground, White Nights, The Dream of a Ridiculous Man, and Selections from The House of the Dead",author_fyodor_dostoyevsky author_andrew_r_macandrew author_ben_marcus,decade_1860s
1364,1365,37380,The Heart is a Lonely Hunter,author_carson_mccullers,decade_1940s
1365,1366,16131484,"The Infinite Sea (The 5th Wave, #2)",author_rick_yancey,decade_2010s
1366,1367,43545,The Once and Future King (The Once and Future King #1-4),author_th_white,decade_1950s
1367,1368,34484,"Small Gods (Discworld, #13)",author_terry_pratchett,decade_1990s
1368,1369,368468,"Bud, Not Buddy",author_christopher_paul_curtis,decade_1990s
1369,1370,38990,Fun Home: A Family Tragicomic,author_alison_bechdel,decade_2000s
1370,1371,1713426,Predictably Irrational: The Hidden Forces That Shape Our Decisions,author_dan_ariely,decade_2000s
1372,1373,125404,"The Indian in the Cupboard (The Indian in the Cupboard, #1)",author_lynne_reid_banks,decade_1980s
1373,1374,7743175,"A Memory of Light (Wheel of Time, #14)",author_robert_jordan author_brandon_sanderson,decade_2010s
1374,1375,12700353,Me and Earl and the Dying Girl,author_jesse_andrews,decade_2010s
1375,1376,7823678,"The Ugly Truth (Diary of a Wimpy Kid, #5)",author_jeff_kinney,decade_2010s
1377,1378,25019,"The Professor and the Madman: A Tale of Murder, Insanity and the Making of the Oxford English Dictionary",author_simon_winchester,decade_1990s
1378,1379,13136,"2nd Chance (Women's Murder Club, #2)",author_james_patterson author_andrew_gross,decade_2000s
1379,1380,15195,"The Complete Maus (Maus, #1-2)",author_art_spiegelman,decade_1980s
1380,1381,27003,"The Eyre Affair (Thursday Next, #1)",author_jasper_fforde,decade_2000s
1381,1382,43808,Anne Rice's The Vampire Lestat: A Graphic Novel,author_faye_perozich author_anne_rice author_john_bolton author_daerick_grss,decade_1980s
1382,1383,15779,Sideways Stories from Wayside School (Wayside School #1),author_louis_sachar author_adam_mccauley,decade_1970s
1383,1384,38210,The Art of Happiness,author_dalai_lama_xiv author_howard_c_cutler,decade_1990s
1384,1385,20819685,The Bone Clocks,author_david_mitchell,decade_2010s
1385,1386,5157,Black and Blue,author_anna_quindlen,decade_1990s
1386,1387,7726143,"Origins (The Vampire Diaries: Stefan's Diaries, #1)",author_lj_smith author_kevin_williamson author_julie_plec,decade_2010s
1387,1388,5346,The Last Juror,author_john_grisham,decade_2000s
1388,1389,22284,Diary,author_chuck_palahniuk,decade_2000s
1389,1390,11003,"Eleven on Top (Stephanie Plum, #11)",author_janet_evanovich,decade_2000s
1390,1391,28195,"Inkspell (Inkworld, #2)",author_cornelia_funke author_anthea_bell,decade_2000s
1391,1392,599,"Sex, Drugs, and Cocoa Puffs: A Low Culture Manifesto",author_chuck_klosterman,decade_2000s
1392,1393,30933,Brideshead Revisited: The Sacred and Profane Memories of Captain Charles Ryder,author_evelyn_waugh,decade_1940s
1393,1394,91475,"White Night (The Dresden Files, #9)",author_jim_butcher,decade_2000s
1394,1395,18498569,The Miniaturist,author_jessie_burton,decade_2010s
1395,1396,259836,"Dragons of Autumn Twilight  (Dragonlance: Chronicles, #1)",author_margaret_weis author_tracy_hickman,decade_1980s
1396,1397,37586,"The Lost Colony (Artemis Fowl, #5)",author_eoin_colfer,decade_2000s
1397,1398,493456,"Extras (Uglies, #4)",author_scott_westerfeld,decade_2000s
1398,1399,144349,"The Burning Bridge (Ranger's Apprentice, #2)",author_john_flanagan,decade_2000s
1399,1400,16054217,"The Book of Life (All Souls Trilogy, #3)",author_deborah_harkness,decade_2010s
1400,1401,615570,The Artist's Way: A Spiritual Path to Higher Creativity,author_julia_cameron,decade_1990s
1401,1402,407429,The Stinky Cheese Man and Other Fairly Stupid Tales,author_jon_scieszka author_lane_smith,decade_1990s
1402,1403,6587879,Horns,author_joe_hill,decade_2000s
1403,1404,10414941,Catherine the Great: Portrait of a Woman,author_robert_k_massie,decade_2010s
1404,1405,6080337,"The Year of the Flood  (MaddAddam, #2)",author_margaret_atwood,decade_2000s
1405,1406,6668467,Winter Garden,author_kristin_hannah,decade_2000s
1406,1407,5356,The King of Torts,author_john_grisham,decade_2000s
1407,1408,711901,Lone Survivor: The Eyewitness Account of Operation Redwing and the Lost Heroes of SEAL Team 10,author_marcus_luttrell author_patrick_robinson,decade_2000s
1408,1409,3320520,The 3 Mistakes of My Life,author_chetan_bhagat,decade_2000s
1409,1410,16328,"The Murder of Roger Ackroyd (Hercule Poirot, #4)",author_agatha_christie,decade_1920s
1410,1411,15622,Native Son,author_richard_wright,decade_1940s
1411,1412,3754016,"Shadow's Edge (Night Angel, #2)",author_brent_weeks,decade_2000s
1412,1413,11594257,"Under the Never Sky (Under the Never Sky, #1)",author_veronica_rossi,decade_2010s
1413,1414,3464,"True Believer (Jeremy Marsh & Lexie Darnell, #1)",author_nicholas_sparks,decade_2000s
1414,1415,10127019,The Lean Startup: How Today's Entrepreneurs Use Continuous Innovation to Create Radically Successful Businesses,author_eric_ries,decade_2010s
1415,1416,8709523,"The Golden Lily (Bloodlines, #2)",author_richelle_mead,decade_2010s
1416,1417,426775,Chasing Harry Winston,author_lauren_weisberger,decade_2000s
1418,1419,6344097,The Stand: Captain Trips,author_roberto_aguirresacasa author_stephen_king author_mike_perkins author_laura_______martin,decade_2000s
1419,1420,767171,The Rise and Fall of the Third Reich: A History of Nazi Germany,author_william_l_shirer,decade_1960s
1420,1421,10073,A Long Way Down,author_nick_hornby,decade_2000s
1421,1422,106134,"Out from Boneville (Bone, #1)",author_jeff_smith author_steve_hamaker,decade_1990s
1422,1423,10619,Rose Madder,author_stephen_king,decade_1990s
1423,1424,220969,"Die Trying (Jack Reacher, #2)",author_lee_child,decade_1990s
1424,1425,10757833,"Beautiful Chaos (Caster Chronicles, #3)",author_kami_garcia author_margaret_stohl author_paz_pruneda,decade_2010s
1426,1427,153025,Heart-Shaped Box,author_joe_hill,decade_2000s
1427,1428,11254250,"Cabin Fever (Diary of a Wimpy Kid, #6)",author_jeff_kinney,decade_2010s
1428,1429,3754026,"Beyond the Shadows (Night Angel, #3)",author_brent_weeks,decade_2000s
1429,1430,29547,Everyone Worth Knowing,author_lauren_weisberger,decade_2000s
1430,1431,7996,"Redwall (Redwall, #1)",author_brian_jacques,decade_1980s
1431,1432,30474,The Communist Manifesto,author_karl_marx author_friedrich_engels author_gareth_stedman_jones,decade_1840s
1432,1433,28187230,The Woman in Cabin 10,author_ruth_ware,decade_2010s
1433,1434,38296,The Last of the Mohicans (The Leatherstocking Tales #2),author_james_fenimore_cooper,decade_1820s
1434,1435,228560,Sophie's Choice,author_william_styron,decade_1970s
1435,1436,9417,"Shopaholic and Sister (Shopaholic, #4)",author_sophie_kinsella,decade_2000s
1436,1437,7747064,The Iron Daughter,author_julie_kagawa,decade_2010s
1437,1438,103610,The Prayer of Jabez:  Breaking Through to the Blessed Life,author_bruce_h_wilkinson,decade_2000s
1438,1439,12401556,The Age of Miracles,author_karen_thompson_walker,decade_2010s
1439,1440,1255781,Have a Little Faith: a True Story,author_mitch_albom,decade_2000s
1440,1441,5084,My Life in France,author_julia_child author_alex_prudhomme,decade_2000s
1441,1442,21844019,"The Rosie Effect (Don Tillman, #2)",author_graeme_simsion,decade_2010s
1442,1443,11827808,The Secret of the Nagas (Shiva Trilogy #2),author_amish_tripathi,decade_2010s
1444,1445,331920,Flipped,author_wendelin_van_draanen,decade_2000s
1447,1448,67035,"Relic (Pendergast, #1)",author_douglas_preston author_lincoln_child,decade_1990s
1448,1449,28,Notes from a Small Island,author_bill_bryson,decade_1990s
1449,1450,927979,"Small Favor (The Dresden Files, #10)",author_jim_butcher,decade_2000s
1450,1451,6465707,"The Walking Dead, Compendium 1",author_robert_kirkman,decade_2000s
1451,1452,85990,"Princess Academy (Princess Academy, #1)",author_shannon_hale,decade_2000s
1452,1453,18692431,"Everything, Everything",author_nicola_yoon author_david_yoon,decade_2010s
1453,1454,7714,Pygmalion,author_george_bernard_shaw,decade_1910s
1454,1455,13438524,Flight Behavior,author_barbara_kingsolver,decade_2010s
1455,1456,2146957,"Grip of the Shadow Plague (Fablehaven, #3)",author_brandon_mull,decade_2000s
1456,1457,363752,"Bridget Jones: The Edge of Reason (Bridget Jones, #2)",author_helen_fielding,decade_1990s
1457,1458,3388,Corelli's Mandolin,author_louis_de_bernires,decade_1990s
1458,1459,15924,"At First Sight (Jeremy Marsh & Lexie Darnell, #2)",author_nicholas_sparks,decade_2000s
1459,1460,24,In a Sunburned Country,author_bill_bryson,decade_2000s
1460,1461,194373,The Memoirs of Sherlock Holmes,author_arthur_conan_doyle,decade_1890s
1461,1462,11529868,The Orphan Master's Son,author_adam_johnson,decade_2010s
1462,1463,44687,"Enchanters' End Game (The Belgariad, #5)",author_david_eddings,decade_1980s
1463,1464,991197,The Complete Persepolis,author_marjane_satrapi author_mattias_ripa author_blake_ferris author_anjali_singh,decade_2000s
1464,1465,187181,The Chosen,author_chaim_potok,decade_1960s
1465,1466,321552,The Agony and the Ecstasy,author_irving_stone author__,decade_1950s
1466,1467,4912857,"The Angel's Game (The Cemetery of Forgotten Books, #2)",author_carlos_ruiz_zafn author_lucia_graves,decade_2000s
1467,1468,147865,"Love, Rosie",author_cecelia_ahern,decade_2000s
1468,1469,774001,Amelia Bedelia  (Amelia Bedelia #1),author_peggy_parish author_fritz_siebel,decade_1960s
1469,1470,16140036,"This Man (This Man, #1)",author_jodi_ellen_malpas,decade_2010s
1470,1471,7723542,"A Dog's Purpose (A Dog's Purpose, #1)",author_w_bruce_cameron,decade_2010s
1471,1472,20560137,"An Ember in the Ashes (An Ember in the Ashes, #1)",author_sabaa_tahir,decade_2010s
1472,1473,1240662,"Lover Enshrined (Black Dagger Brotherhood, #6)",author_jr_ward,decade_2000s
1473,1474,15819028,"The Golem and the Jinni (The Golem and the Jinni, #1)",author_helene_wecker,decade_2010s
1475,1476,297792,"The Slippery Slope (A Series of Unfortunate Events, #10)",author_lemony_snicket author_brett_helquist,decade_2000s
1476,1477,31242,Bleak House,author_charles_dickens author_nicola_bradbury author_hablot_knight_browne,decade_1850s
1477,1478,775597,"Caps for Sale: A Tale of a Peddler, Some Monkeys and Their Monkey Business",author_esphyr_slobodkina,decade_1930s
1478,1479,29396,"Furies of Calderon (Codex Alera, #1)",author_jim_butcher,decade_2000s
1479,1480,13831,"Alanna: The First Adventure (Song of the Lioness, #1)",author_tamora_pierce,decade_1980s
1480,1481,6202342,Her Fearful Symmetry,author_audrey_niffenegger,decade_2000s
1481,1482,22450859,The Boston Girl,author_anita_diamant,decade_2010s
1482,1483,5098079,"Lover Avenged (Black Dagger Brotherhood, #7)",author_jr_ward,decade_2000s
1483,1484,77565,"The Fall of Hyperion (Hyperion Cantos, #2)",author_dan_simmons,decade_1990s
1484,1485,21704,"The Black Dahlia (L.A. Quartet, #1)",author_james_ellroy,decade_1980s
1485,1486,83346,"Through the Looking-Glass, and What Alice Found There",author_lewis_carroll author_john_tenniel author_peter_glassman,decade_1870s
1486,1487,1848,Wild Swans: Three Daughters of China,author_jung_chang,decade_1990s
1487,1488,460548,"Go, Dog. Go!",author_pd_eastman,decade_1960s
1489,1490,22453035,"Finders Keepers (Bill Hodges Trilogy, #2)",author_stephen_king,decade_2010s
1490,1491,6065215,"The Strain (The Strain Trilogy, #1)",author_guillermo_del_toro author_chuck_hogan,decade_2000s
1491,1492,112204,The Complete Poems of Emily Dickinson,author_emily_dickinson author_thomas_h_johnson,decade_1890s
1492,1493,130580,"Old Yeller (Old Yeller, #1)",author_fred_gipson,decade_1950s
1493,1494,773858,Born Standing Up: A Comic's Life,author_steve_martin,decade_2000s
1495,1496,147915,"A Storm of Swords: Blood and Gold (A Song of Ice and Fire, #3: Part 2 of 2)",author_george_rr_martin,decade_2000s
1497,1498,11602,Hearts in Atlantis,author_stephen_king,decade_1990s
1498,1499,28587957,Small Great Things,author_jodi_picoult,decade_2010s
1499,1500,11298,"A Wild Sheep Chase (The Rat, #3)",author_haruki_murakami author_alfred_birnbaum,decade_1980s
1500,1501,252499,"The Queen's Fool (The Plantagenet and Tudor Novels, #12)",author_philippa_gregory,decade_2000s
1501,1502,12812550,"Days of Blood & Starlight (Daughter of Smoke & Bone, #2)",author_laini_taylor,decade_2010s
1502,1503,8682,Jitterbug Perfume,author_tom_robbins,decade_1980s
1503,1504,144350,"The Battle for Skandia (Ranger's Apprentice, #4)",author_john_flanagan,decade_2000s
1504,1505,10576365,"The Darkest Minds (The Darkest Minds, #1)",author_alexandra_bracken,decade_2010s
1505,1506,1427,The Zahir,author_paulo_coelho author_margaret_jull_costa,decade_2000s
1506,1507,1134122,The Power of Positive Thinking,author_norman_vincent_peale,decade_1950s
1507,1508,23346377,"In a Dark, Dark Wood",author_ruth_ware,decade_2010s
1508,1509,17728,The House of Mirth,author_edith_wharton author_nina_bawden,decade_1900s
1509,1510,2454986,"Fairy Tail, Vol. 1 (Fairy Tail, #1)",author_hiro_mashima author_william_flanagan,decade_2000s
1510,1511,21535271,The Slow Regard of Silent Things (The Kingkiller Chronicle #2.5),author_patrick_rothfuss author_nate__taylor,decade_2010s
1511,1512,18478222,Twelve Years a Slave,author_solomon_northup,decade_1850s
1512,1513,7046495,"Lover Mine (Black Dagger Brotherhood, #8)",author_jr_ward,decade_2010s
1513,1514,17780,In the Heart of the Sea: The Tragedy of the Whaleship Essex,author_nathaniel_philbrick,decade_1990s
1514,1515,81227,Infidel,author_ayaan_hirsi_ali,decade_2000s
1515,1516,242472,The Black Swan: The Impact of the Highly Improbable,author_nassim_nicholas_taleb,decade_2000s
1516,1517,13281368,"The Twelve (The Passage, #2)",author_justin_cronin,decade_2010s
1517,1518,17125,One Day in the Life of Ivan Denisovich,author_aleksandr_solzhenitsyn author_ht_willetts,decade_1960s
1518,1519,827,"The Diamond Age: or, A Young Lady's Illustrated Primer",author_neal_stephenson,decade_1990s
1519,1520,164154,A Canticle for Leibowitz,author_walter_m_miller_jr,decade_1950s
1520,1521,7728,"Antigone (The Theban Plays, #3)",author_sophocles author_je_thomas,decade_0s
1521,1522,4954833,Brooklyn,author_colm_tibn,decade_2000s
1522,1523,8525590,"Wither (The Chemical Garden, #1)",author_lauren_destefano,decade_2010s
1523,1524,27161156,Hillbilly Elegy: A Memoir of a Family and Culture in Crisis,author_jd_vance,decade_2010s
1524,1525,113435,"Crossroads of Twilight (Wheel of Time, #10)",author_robert_jordan,decade_2000s
1525,1526,35220,The Red Badge of Courage,author_stephen_crane,decade_1870s
1526,1527,21413662,What If?: Serious Scientific Answers to Absurd Hypothetical Questions,author_randall_munroe,decade_2010s
1527,1528,55399,"Gardens of the Moon (The Malazan Book of the Fallen, #1)",author_steven_erikson,decade_1990s
1528,1529,816720,The Witch Of Portobello,author_paulo_coelho,decade_2000s
1529,1530,77276,"A Swiftly Tilting Planet (A Wrinkle in Time Quintet, #3)",author_madeleine_lengle,decade_1970s
1530,1531,262430,"Gregor the Overlander (Underland Chronicles, #1)",author_suzanne_collins,decade_2000s
1531,1532,8554005,Sing You Home,author_jodi_picoult,decade_2010s
1532,1533,31336,"The Tale of the Body Thief (The Vampire Chronicles, #4)",author_anne_rice,decade_1990s
1533,1534,15158,"The Camel Club (Camel Club, #1)",author_david_baldacci,decade_2000s
1534,1535,33676,"Saving the World and Other Extreme Sports (Maximum Ride, #3)",author_james_patterson,decade_2000s
1535,1536,43892,"Blood of the Fold (Sword of Truth, #3)",author_terry_goodkind,decade_1990s
1536,1537,16180,"The Boleyn Inheritance (The Plantagenet and Tudor Novels, #10)",author_philippa_gregory,decade_2000s
1537,1538,22501028,A Spool of Blue Thread,author_anne_tyler,decade_2010s
1538,1539,30555488,The Underground Railroad,author_colson_whitehead,decade_2010s
1539,1540,106085,"Masquerade (Blue Bloods, #2)",author_melissa_de_la_cruz,decade_2000s
1540,1541,8685612,"The Iron Queen (The Iron Fey, #3)",author_julie_kagawa,decade_2010s
1541,1542,16034964,"Losing It (Losing It, #1)",author_cora_carmack,decade_2010s
1543,1544,6192,Disgrace,author_jm_coetzee,decade_1990s
1544,1545,776407,"The House at Pooh Corner (Winnie-the-Pooh, #2)",author_aa_milne author_ernest_h_shepard,decade_1920s
1545,1546,7165300,"The Black Prism (Lightbringer, #1)",author_brent_weeks,decade_2010s
1546,1547,6976,The Mermaid Chair,author_sue_monk_kidd,decade_2000s
1547,1548,537296,"Frog and Toad Are Friends (Frog and Toad, #1)",author_arnold_lobel,decade_1970s
1548,1549,324277,"The Carnivorous Carnival (A Series of Unfortunate Events, #9)",author_lemony_snicket author_brett_helquist,decade_2000s
1549,1550,6574102,"Heist Society (Heist Society, #1)",author_ally_carter,decade_2010s
1550,1551,29437949,Behind Closed Doors,author_ba_paris,decade_2010s
1551,1552,682804,"The Killer Angels (The Civil War Trilogy, #2)",author_michael_shaara,decade_1970s
1552,1553,30274,"Circus of the Damned (Anita Blake, Vampire Hunter, #3)",author_laurell_k_hamilton,decade_1990s
1553,1554,59264,"Ptolemy's Gate (Bartimaeus, #3)",author_jonathan_stroud,decade_2000s
1554,1555,29981,The Island of Dr. Moreau,author_hg_wells,decade_1890s
1557,1558,6609765,Out of My Mind,author_sharon_m_draper,decade_2010s
1558,1559,12716010,"Rapture (Fallen, #4)",author_lauren_kate,decade_2010s
1559,1560,8564935,"Switched (Trylle, #1)",author_amanda_hocking,decade_2010s
1560,1561,130440,Doctor Zhivago,author_boris_pasternak author_max_hayward author_manya_harari author_john_bayley,decade_1950s
1561,1562,22609310,Confess,author_colleen_hoover,decade_2010s
1564,1565,12875355,Death Comes to Pemberley,author_pd_james,decade_2010s
1565,1566,5246,Ethan Frome,author_edith_wharton,decade_1910s
1566,1567,5205,A Map of the World,author_jane_hamilton author_frank__muller author_cj_critt,decade_1990s
1567,1568,27362503,It Ends with Us,author_colleen_hoover,decade_2010s
1568,1569,143534,The Gift of the Magi,author_o_henry author_lisbeth_zwerger,decade_1900s
1569,1570,7442,The Electric Kool-Aid Acid Test,author_tom_wolfe,decade_1960s
1570,1571,7437,Naked Lunch,author_william_s_burroughs author_james_grauerholz author_barry__miles,decade_1950s
1571,1572,25100,Dream Country (The Sandman #3),author_neil_gaiman author_kelley_jones author_charles_vess author_colleen_doran author_malcolm_jones_iii author_steve_erickson,decade_1990s
1572,1573,5360,A Painted House,author_john_grisham,decade_2000s
1573,1574,18423,The Left Hand of Darkness,author_ursula_k_le_guin author_lech_jczmyk,decade_1960s
1574,1575,3213286,Let It Snow: Three Holiday Romances,author_john_green author_maureen_johnson author_lauren_myracle,decade_2000s
1575,1576,7912007,"Full Dark, No Stars",author_stephen_king,decade_2010s
1576,1577,20696006,Being Mortal: Medicine and What Matters in the End,author_atul_gawande,decade_2010s
1577,1578,32439,Intensity,author_dean_koontz,decade_1980s
1578,1579,6472246,Chelsea Chelsea Bang Bang,author_chelsea_handler,decade_2010s
1579,1580,37793,A Doll's House,author_henrik_ibsen author_michael___meyer,decade_1870s
1580,1581,12658,Hawaii,author_james_a_michener,decade_1950s
1581,1582,48328,Revolutionary Road,author_richard_yates,decade_1960s
1582,1583,25373,Nick & Norah's Infinite Playlist,author_rachel_cohn author_david_levithan,decade_2000s
1583,1584,18545,Rosencrantz and Guildenstern Are Dead,author_tom_stoppard author_henry_popkin,decade_1960s
1584,1585,9409458,"Forever (The Wolves of Mercy Falls, #3)",author_maggie_stiefvater,decade_2010s
1585,1586,607639,The Beach,author_alex_garland,decade_1990s
1586,1587,6617928,Saving CeeCee Honeycutt,author_beth_hoffman author_jenna_lamia,decade_2010s
1587,1588,10407279,"Deadlocked (Sookie Stackhouse, #12)",author_charlaine_harris,decade_2010s
1588,1589,10579,Everything's Eventual: 14 Dark Tales,author_stephen_king,decade_2000s
1591,1592,7667,Airframe,author_michael_crichton,decade_1990s
1592,1593,13812,"Magician: Apprentice (The Riftwar Saga, #1)",author_raymond_e_feist,decade_1980s
1593,1594,854757,Bet Me,author_jennifer_crusie,decade_2000s
1594,1595,318431,Long Walk to Freedom,author_nelson_mandela,decade_1990s
1595,1596,20707959,Gray Mountain,author_john_grisham,decade_2010s
1596,1597,122,"The Power of One (The Power of One, #1)",author_bryce_courtenay,decade_1980s
1597,1598,29999,The Maltese Falcon,author_dashiell_hammett,decade_1930s
1598,1599,8949352,Night Road,author_kristin_hannah,decade_2010s
1599,1600,220970,"Tripwire  (Jack Reacher, #3)",author_lee_child,decade_1990s
1600,1601,26329,Emotional Intelligence: Why It Can Matter More Than IQ,author_daniel_goleman,decade_1990s
1601,1602,6585201,"Changes (The Dresden Files, #12)",author_jim_butcher,decade_2010s
1603,1604,270805,"Impulse (Impulse, #1)",author_ellen_hopkins,decade_2000s
1604,1605,6440,Ivanhoe,author_walter_scott,decade_1810s
1605,1606,86663,"Ten Big Ones (Stephanie Plum, #10)",author_janet_evanovich,decade_2000s
1606,1607,32506,"The Poet (Jack McEvoy, #1; Harry Bosch Universe, #5)",author_michael_connelly,decade_1990s
1607,1608,7719245,"Paranormalcy (Paranormalcy, #1)",author_kiersten_white,decade_2010s
1608,1609,7351574,"Eclipse: The Complete Illustrated Movie Companion (The Twilight Saga: The Official Illustrated Movie Companion, #3)",author_mark_cotta_vaz,decade_2010s
1609,1610,13127599,The Shoemaker's Wife,author_adriana_trigiani,decade_2010s
1612,1613,2195464,What I Talk About When I Talk About Running,author_haruki_murakami author_philip_gabriel,decade_2000s
1613,1614,8680278,"We'll Always Have Summer (Summer, #3)",author_jenny_han,decade_2010s
1614,1615,6480781,Open,author_andre_agassi author_jr_moehringer,decade_2000s
1615,1616,136782,"Stormbreaker (Alex Rider, #1)",author_anthony_horowitz,decade_2000s
1616,1617,21745,"Without Fail (Jack Reacher, #6)",author_lee_child author_dick_hill,decade_2000s
1617,1618,95617,"A Voice in the Wind (Mark of the Lion, #1)",author_francine_rivers author_richard_ferrone,decade_1990s
1618,1619,8726744,"The Twilight Saga Complete Collection  (Twilight, #1-4 + 3.5)",author_stephenie_meyer,decade_2000s
1619,1620,14817,A Scanner Darkly,author_philip_k_dick,decade_1970s
1621,1622,162898,A Connecticut Yankee in King Arthur's Court,author_mark_twain,decade_1880s
1622,1623,106069,Batman: The Long Halloween,author_jeph_loeb author_tim_sale author_gregory_wright author_richard_starkings,decade_1990s
1623,1624,298275,Nausea,author_jeanpaul_sartre author_lloyd_alexander author_hayden_carruth,decade_1930s
1624,1625,1846,Wild at Heart: Discovering the Secret of a Man's Soul,author_john_eldredge,decade_2000s
1625,1626,5217282,"Secrets of the Dragon Sanctuary (Fablehaven, #4)",author_brandon_mull,decade_2000s
1626,1627,3507,"Twelve Sharp (Stephanie Plum, #12)",author_janet_evanovich,decade_2000s
1627,1628,12287209,"Wool (Wool, #1)",author_hugh_howey,decade_2010s
1628,1629,13662,"The Tombs of Atuan (Earthsea Cycle, #2)",author_ursula_k_le_guin,decade_1970s
1629,1630,3475161,"Turn Coat (The Dresden Files, #11)",author_jim_butcher,decade_2000s
1630,1631,608474,The Sign of Four,author_arthur_conan_doyle author_peter_ackroyd author_ed_glinert,decade_1890s
1631,1632,967494,The Mitten,author_jan_brett,decade_1920s
1632,1633,31338,"Memnoch the Devil (The Vampire Chronicles, #5)",author_anne_rice,decade_1990s
1633,1634,2402971,"The Magician (The Secrets of the Immortal Nicholas Flamel, #2)",author_michael_scott,decade_2000s
1634,1635,766955,"Click, Clack, Moo: Cows That Type",author_doreen_cronin author_betsy_lewin,decade_1990s
1635,1636,1412138,"Iron Kissed (Mercy Thompson, #3)",author_patricia_briggs,decade_2000s
1636,1637,9378297,"Anna Dressed in Blood (Anna, #1)",author_kendare_blake,decade_2010s
1638,1639,310146,The True Confessions of Charlotte Doyle,author_avi,decade_1990s
1639,1640,4929705,A Reliable Wife,author_robert_goolrick,decade_2000s
1640,1641,248596,"Something Wicked This Way Comes (Green Town, #2)",author_ray_bradbury,decade_1960s
1641,1642,11334,Song of Solomon,author_toni_morrison,decade_1970s
1643,1644,227571,Peace Like a River,author_leif_enger,decade_2000s
1644,1645,22285,Rant,author_chuck_palahniuk,decade_2000s
1645,1646,9534,"Shadow of the Hegemon (Ender's Shadow, #2)",author_orson_scott_card,decade_2000s
1647,1648,505304,The Poky Little Puppy (A Little Golden Book),author_janette_sebring_lowrey author_gustaf_tenggren,decade_1940s
1648,1649,5196,Tara Road,author_maeve_binchy,decade_1990s
1649,1650,37677,The Call of the Wild/White Fang,author_jack_london,decade_1900s
1650,1651,13188676,"Ignite Me (Shatter Me, #3)",author_tahereh_mafi,decade_2010s
1651,1652,568645,"Cross My Heart and Hope to Spy (Gallagher Girls, #2)",author_ally_carter,decade_2000s
1652,1653,285205,"Blood Bound (Mercy Thompson, #2)",author_patricia_briggs,decade_2000s
1653,1654,12216302,"Cold Days (The Dresden Files, #14)",author_jim_butcher,decade_2010s
1654,1655,17204,"The Friday Night Knitting Club (Friday Night Knitting Club, #1)",author_kate_jacobs,decade_2000s
1655,1656,38743,All Things Bright and Beautiful (All Creatures Great and Small),author_james_herriot,decade_1970s
1656,1657,6759,Infinite Jest,author_david_foster_wallace,decade_1990s
1657,1658,18297707,"Tangled (Tangled, #1)",author_emma_chase,decade_2010s
1658,1659,530965,The Day of the Triffids,author_john_wyndham,decade_1950s
1659,1660,9850443,The Sisters Brothers,author_patrick_dewitt author_marcelo_barbo,decade_2010s
1660,1661,6905012,Secret Daughter,author_shilpi_somaya_gowda,decade_2010s
1661,1662,6693,Fantastic Mr. Fox,author_roald_dahl author_quentin_blake,decade_1970s
1663,1664,18521,A Room of One's Own,author_virginia_woolf,decade_1920s
1664,1665,1268479,"Warbreaker (Warbreaker, #1)",author_brandon_sanderson,decade_2000s
1665,1666,42038,Shakespeare's Sonnets,author_william_shakespeare author_katherine_duncanjones,decade_1590s
1666,1667,8492856,What Happened to Goodbye,author_sarah_dessen,decade_2010s
1667,1668,23437156,"Six of Crows (Six of Crows, #1)",author_leigh_bardugo,decade_2010s
1668,1669,17020,"13 Little Blue Envelopes (Little Blue Envelope, #1)",author_maureen_johnson,decade_2000s
1669,1670,104189,Same Kind of Different as Me,author_ron_hall author_denver_moore author_lynn_vincent,decade_2000s
1670,1671,23734628,Carry On,author_rainbow_rowell,decade_2010s
1671,1672,10235,"Mountains Beyond Mountains: The Quest of Dr. Paul Farmer, A Man Who Would Cure the World",author_tracy_kidder,decade_2000s
1672,1673,18149927,"Beneath This Man (This Man, #2)",author_jodi_ellen_malpas,decade_2010s
1673,1674,9579634,"Prince of Thorns (The Broken Empire, #1)",author_mark__lawrence,decade_2010s
1674,1675,5187,The Book of Ruth,author_jane_hamilton,decade_1980s
1676,1677,7661,Next,author_michael_crichton,decade_2000s
1677,1678,13376,"The House of the Scorpion (Matteo Alacran, #1)",author_nancy_farmer,decade_2000s
1678,1679,27494,Leaves of Grass,author_walt_whitman,decade_1850s
1679,1680,114159,"Blue Dahlia (In the Garden, #1)",author_nora_roberts,decade_2000s
1680,1681,32067,Lady Chatterley's Lover,author_dh_lawrence author_doris_lessing author_chester_brown,decade_1920s
1681,1682,10079321,"The Magician King (The Magicians, #2)",author_lev_grossman,decade_2010s
1682,1683,1171,Liar's Poker,author_michael___lewis,decade_1980s
1683,1684,1052,The Richest Man in Babylon,author_george_s_clason,decade_1920s
1684,1685,10915,Salem Falls,author_jodi_picoult,decade_2000s
1685,1686,189802,Belgarath the Sorcerer,author_david_eddings author_leigh_eddings,decade_1990s
1686,1687,53764,The Great Dune Trilogy  ,author_frank_herbert,decade_1970s
1687,1688,25893709,My Name Is Lucy Barton,author_elizabeth_strout author_goran_skrobonja,decade_2010s
1688,1689,1158967,"Garden Spells (Waverley Family, #1)",author_sarah_addison_allen,decade_2000s
1689,1690,8058301,"Ghost Story (The Dresden Files,  #13)",author_jim_butcher,decade_2010s
1690,1691,36529,Narrative of the Life of Frederick Douglass,author_frederick_douglass,decade_1840s
1691,1692,10412,He's Just Not That Into You: The No-Excuses Truth to Understanding Guys,author_greg_behrendt author_liz_tuccillo,decade_2000s
1692,1693,44659,"Pawn of Prophecy (The Belgariad, #1)",author_david_eddings,decade_1980s
1693,1694,40317,"Lean Mean Thirteen (Stephanie Plum, #13)",author_janet_evanovich,decade_2000s
1694,1695,41684,The Jungle Books,author_rudyard_kipling author_alev_lytle_croutier,decade_1890s
1695,1696,27266,"Glass Houses (The Morganville Vampires, #1)",author_rachel_caine,decade_2000s
1696,1697,11413,Captivating: Unveiling the Mystery of a Woman's Soul,author_john_eldredge author_stasi_eldredge,decade_2000s
1697,1698,342445,The Dark Tower: The Gunslinger Born,author_peter_david author_robin_furth author_jae_lee author_richard_isanove author_stephen_king,decade_2000s
1698,1699,21104828,The Lake House,author_kate_morton,decade_2010s
1699,1700,15811545,A Tale for the Time Being,author_ruth_ozeki,decade_2010s
1701,1702,17200687,"Rule (Marked Men, #1)",author_jay_crownover author_charlotte_connan_de_vries,decade_2010s
1702,1703,17799,"South of the Border, West of the Sun",author_haruki_murakami author_philip_gabriel,decade_1990s
1703,1704,9592,Mother Night,author_kurt_vonnegut_jr,decade_1960s
1704,1705,28815,Influence: The Psychology of Persuasion,author_robert_b_cialdini,decade_1980s
1706,1707,232576,Harriet the Spy (Harriet the Spy #1),author_louise_fitzhugh,decade_1960s
1707,1708,20821087,The Paying Guests,author_sarah_waters,decade_2010s
1708,1709,16433,"Forever Odd (Odd Thomas, #2)",author_dean_koontz,decade_2000s
1709,1710,7507825,At Home: A Short History of Private Life,author_bill_bryson,decade_2010s
1711,1712,338691,"Still Life (Chief Inspector Armand Gamache, #1)",author_louise_penny,decade_2000s
1713,1714,12557,The Kitchen God's Wife,author_amy_tan,decade_1990s
1714,1715,943402,Let the Right One In,author_john_ajvide_lindqvist,decade_2000s
1715,1716,12971616,"The Rise of Nine (Lorien Legacies, #3)",author_pittacus_lore,decade_2010s
1716,1717,32552,Essential Tales and Poems,author_edgar_allan_poe author_benjamin_f_fisher,decade_1840s
1717,1718,5454,"The Second Summer of the Sisterhood (Sisterhood, #2)",author_ann_brashares,decade_2000s
1718,1719,32435,Phantoms,author_dean_koontz,decade_1980s
1719,1720,7664334,Amy & Roger's Epic Detour,author_morgan_matson,decade_2010s
1720,1721,175510,My Utmost for His Highest,author_oswald_chambers,decade_1920s
1721,1722,34494,"The Wee Free Men (Discworld, #30; Tiffany Aching, #1)",author_terry_pratchett,decade_2000s
1722,1723,11710373,"Written in My Own Heart's Blood (Outlander, #8)",author_diana_gabaldon,decade_2010s
1723,1724,7402393,Nightshade (Nightshade #1; Nightshade World #4),author_andrea_cremer,decade_2010s
1724,1725,6324090,Alice's Adventures in Wonderland,author_lewis_carroll author_john_tenniel,decade_1860s
1725,1726,100464,"Dragon Rider (Dragon Rider, #1)",author_cornelia_funke,decade_1990s
1726,1727,357,"The Long Dark Tea-Time of the Soul (Dirk Gently, #2)",author_douglas_adams,decade_1980s
1727,1728,22544764,Uprooted,author_naomi_novik,decade_2010s
1728,1729,22816087,Seveneves,author_neal_stephenson,decade_2010s
1729,1730,16278318,Armada,author_ernest_cline,decade_2010s
1730,1731,6736971,"The Desert Spear (Demon Cycle, #2)",author_peter_v_brett,decade_2010s
1731,1732,209194,The Man in the Brown Suit,author_agatha_christie,decade_1920s
1732,1733,5352,The Summons,author_john_grisham,decade_2000s
1733,1734,139069,Endurance: Shackleton's Incredible Voyage,author_alfred_lansing,decade_1950s
1734,1735,23220,"Size 12 Is Not Fat (Heather Wells, #1)",author_meg_cabot,decade_2000s
1735,1736,27833670,Dark Matter,author_blake_crouch,decade_2010s
1736,1737,23174274,"Glass Sword (Red Queen, #2)",author_victoria_aveyard,decade_2010s
1737,1738,5310515,When You Reach Me,author_rebecca_stead,decade_2000s
1738,1739,2666,The Bonfire of the Vanities,author_tom_wolfe,decade_1980s
1739,1740,23899174,In the Unlikely Event,author_judy_blume,decade_2010s
1740,1741,131359,"Death on the Nile (Hercule Poirot, #17)",author_agatha_christie,decade_1930s
1741,1742,207153,"Shiloh (Shiloh, #1)",author_phyllis_reynolds_naylor,decade_1990s
1742,1743,14061955,"Siege and Storm (Shadow and Bone, #2)",author_leigh_bardugo,decade_2010s
1743,1744,465226,"The Redbreast (Harry Hole, #3)",author_jo_nesb author_don_bartlett,decade_2000s
1744,1745,6050678,"Leviathan (Leviathan, #1)",author_scott_westerfeld,decade_2000s
1745,1746,13153,Hide and Seek,author_james_patterson,decade_1990s
1746,1747,4499669,The Love Dare,author_stephen_kendrick author_alex_kendrick,decade_2000s
1747,1748,14756,Goodnight Nobody,author_jennifer_weiner,decade_2000s
1748,1749,263050,The Death and Life of Charlie St. Cloud,author_ben_sherwood,decade_2000s
1749,1750,4866,How to Stop Worrying and Start Living,author_dale_carnegie,decade_1940s
1750,1751,114145,"Born in Fire (Born In Trilogy, #1)",author_nora_roberts,decade_1990s
1751,1752,77262,Animal Dreams,author_barbara_kingsolver,decade_1990s
1752,1753,11561469,"Reason to Breathe (Breathing, #1)",author_rebecca_donovan,decade_2010s
1753,1754,6485421,"The Mortal Instruments Boxed Set: City of Bones; City of Ashes; City of Glass (The Mortal Instruments, #1-3)",author_cassandra_clare,decade_2000s
1754,1755,14554,"If Tomorrow Comes (Tracy Whitney Series, #1)",author_sidney_sheldon,decade_1980s
1755,1756,276287,M.C. Escher: The Graphic Work,author_mc_escher author_bruce_brooks_pfeiffer,decade_1950s
1756,1757,27252,Pope Joan,author_donna_woolfolk_cross,decade_1990s
1757,1758,6259,Birdsong,author_sebastian_faulks,decade_1990s
1758,1759,121127,"Faith of the Fallen (Sword of Truth, #6)",author_terry_goodkind,decade_2000s
1759,1760,7243142,"Keys to the Demon Prison (Fablehaven, #5)",author_brandon_mull,decade_2010s
1760,1761,6346975,Moonwalking with Einstein: The Art and Science of Remembering Everything,author_joshua_foer,decade_2010s
1761,1762,5176,While I Was Gone,author_sue_miller,decade_1990s
1762,1763,33668,"4th of July (Women's Murder Club, #4)",author_james_patterson author_maxine_paetro,decade_2000s
1763,1764,2179276,"The Time Paradox (Artemis Fowl, #6)",author_eoin_colfer,decade_2000s
1765,1766,12680907,"Bitterblue (Graceling Realm, #3)",author_kristin_cashore,decade_2010s
1766,1767,6604794,The Sky Is Everywhere,author_jandy_nelson,decade_2010s
1767,1768,34504,"Wyrd Sisters (Discworld, #6; Witches #2)",author_terry_pratchett,decade_1980s
1768,1769,17617277,"Real (Real, #1)",author_katy_evans,decade_2010s
1769,1770,15729539,NOS4A2,author_joe_hill,decade_2010s
1770,1771,337113,The Tenant of Wildfell Hall,author_anne_bront author_stevie_davies,decade_1840s
1771,1772,272895,"The Black Stallion (The Black Stallion, #1)",author_walter_farley author_keith_ward,decade_1940s
1772,1773,13600318,"Reckless (Thoughtless, #3)",author_sc_stephens,decade_2010s
1773,1774,65111,"The Grim Grotto (A Series of Unfortunate Events, #11)",author_lemony_snicket author_brett_helquist,decade_2000s
1774,1775,581409,Strega Nona,author_tomie_depaola,decade_1970s
1775,1776,11381643,"Playing for Keeps (Neighbor from Hell, #1)",author_rl_mathewson,decade_2010s
1776,1777,187633,Art and Fear: Observations on the Perils (and Rewards) of Artmaking,author_david_bayles author_ted_orland,decade_1990s
1778,1779,11918,"Bitten (Women of the Otherworld, #1)",author_kelley_armstrong,decade_2000s
1779,1780,8705784,"Born at Midnight (Shadow Falls, #1)",author_cc_hunter,decade_2010s
1780,1781,191113,Don't Let the Pigeon Drive the Bus!,author_mo_willems,decade_2000s
1781,1782,17347389,"The Dream Thieves (The Raven Cycle, #2)",author_maggie_stiefvater,decade_2010s
1782,1783,264,The Portrait of a Lady,author_henry_james author_patricia_crick,decade_1880s
1784,1785,99300,The Yellow Wallpaper and Other Stories,author_charlotte_perkins_gilman,decade_1890s
1785,1786,26245850,Before the Fall,author_noah_hawley,decade_2010s
1787,1788,24813,The Calvin and Hobbes Tenth Anniversary Book,author_bill_watterson,decade_1990s
1788,1789,4325,Dreamland,author_sarah_dessen,decade_2000s
1789,1790,14568987,The Art Forger,author_ba_shapiro,decade_2010s
1790,1791,248483,"Austenland (Austenland, #1)",author_shannon_hale,decade_2000s
1791,1792,18749,Half of a Yellow Sun,author_chimamanda_ngozi_adichie,decade_2000s
1792,1793,105578,One Night at the Call Center,author_chetan_bhagat,decade_2000s
1793,1794,23209927,At the Water's Edge,author_sara_gruen,decade_2010s
1794,1795,11607,The Running Man,author_richard_bachman author_stephen_king,decade_1980s
1795,1796,68210,"Gilead (Gilead, #1)",author_marilynne_robinson,decade_2000s
1796,1797,2794,The Crying of Lot 49,author_thomas_pynchon,decade_1960s
1797,1798,11389875,"Edge of Eternity (The Century Trilogy, #3)",author_ken_follett,decade_2010s
1798,1799,8428064,"Demonglass (Hex Hall, #2)",author_rachel_hawkins,decade_2010s
1800,1801,15575,"The Sword of Shannara (The Original Shannara Trilogy, #1)",author_terry_brooks,decade_1970s
1801,1802,32418,"Hannibal (Hannibal Lecter, #3)",author_thomas_harris,decade_1990s
1802,1803,395871,"The Awakening / The Struggle (The Vampire Diaries, #1-2)",author_lj_smith,decade_2000s
1803,1804,1466455,Three Wishes,author_liane_moriarty,decade_2000s
1804,1805,3575676,"Night World, No. 3 (Night World, #7-9)",author_lj_smith,decade_2000s
1805,1806,5174,Fall on Your Knees,author_annmarie_macdonald,decade_1990s
1806,1807,10626594,The Scorpio Races,author_maggie_stiefvater,decade_2010s
1807,1808,18966806,"Morning Star (Red Rising, #3)",author_pierce_brown,decade_2010s
1808,1809,201341,"Mossflower (Redwall, #2)",author_brian_jacques,decade_1980s
1809,1810,23848559,Furiously Happy: A Funny Book About Horrible Things,author_jenny__lawson,decade_2010s
1810,1811,6420,"Visions of Sugar Plums (Stephanie Plum, #8.5)",author_janet_evanovich,decade_2000s
1811,1812,13810,"Magician: Master (The Riftwar Saga, #2)",author_raymond_e_feist,decade_1980s
1812,1813,15505346,"On the Island (On the Island, #1)",author_tracey_garvisgraves,decade_2010s
1813,1814,8492768,Left Neglected,author_lisa_genova,decade_2010s
1814,1815,5509,Anne Frank Remembered: The Story of the Woman Who Helped to Hide the Frank Family,author_miep_gies author_alison_leslie_gold,decade_1980s
1815,1816,13055592,Redshirts,author_john_scalzi,decade_2010s
1817,1818,2168860,"One Foot in the Grave (Night Huntress, #2)",author_jeaniene_frost,decade_2000s
1818,1819,1282954,The Last Anniversary,author_liane_moriarty,decade_2000s
1819,1820,5047880,"Hunger (Gone, #2)",author_michael__grant,decade_2000s
1820,1821,2292384,"Fearless Fourteen (Stephanie Plum, #14)",author_janet_evanovich,decade_2000s
1821,1822,12615008,"Revolution 2020: Love, Corruption, Ambition",author_chetan_bhagat,decade_2010s
1822,1823,160629,"A Bear Called Paddington (Paddington, #1)",author_michael_bond author_peggy_fortnum,decade_1950s
1823,1824,162089,"Flawless (Pretty Little Liars, #2)",author_sara_shepard,decade_2000s
1824,1825,91253,"Ramona Quimby, Age 8 (Ramona, #6)",author_beverly_cleary,decade_1980s
1826,1827,65118,"The Hostile Hospital (A Series of Unfortunate Events, #8)",author_lemony_snicket author_brett_helquist,decade_2000s
1827,1828,330744,"InuYasha: Turning Back Time (InuYasha, #1)",author_rumiko_takahashi,decade_1990s
1828,1829,226162,The Omen,author_david_seltzer,decade_1970s
1829,1830,6134826,"Blue Moon (The Immortals, #2)",author_alyson_noel,decade_2000s
1830,1831,12849385,"The Innocent (Will Robie, #1)",author_david_baldacci,decade_2010s
1831,1832,2161733,"Child 44 (Leo Demidov, #1)",author_tom_rob_smith,decade_2000s
1832,1833,348225,"These Is My Words: The Diary of Sarah Agnes Prine, 1881-1901, Arizona Territories (Sarah Agnes Prine, #1)",author_nancy_e_turner,decade_1990s
1833,1834,23751850,The Hypnotist's Love Story,author_liane_moriarty,decade_2010s
1834,1835,4008,"The Devil and Miss Prym (On the Seventh Day, #3)",author_paulo_coelho author_amanda_hopkinson author_nick_caistor,decade_2000s
1835,1836,18419,The Kissing Hand,author_audrey_penn author_ruth_e_harper author_nancy_m_leak,decade_1990s
1836,1837,17306293,"Shift (Silo, #2)",author_hugh_howey,decade_2010s
1837,1838,8357992,"Worth Dying For (Jack Reacher, #15)",author_lee_child,decade_2010s
1838,1839,454856,Look Me in the Eye: My Life with Asperger's,author_john_elder_robison,decade_2000s
1839,1840,84136,Fantasy Lover (Dark-Hunterverse #1),author_sherrilyn_kenyon,decade_2000s
1840,1841,2029177,Sundays at Tiffany's,author_james_patterson author_gabrielle_charbonnet,decade_2000s
1841,1842,111180,Perfect Match,author_jodi_picoult,decade_2000s
1842,1843,9844,Prep,author_curtis_sittenfeld,decade_2000s
1843,1844,96647,Scar Tissue,author_anthony_kiedis author_larry_sloman,decade_2000s
1845,1846,17876893,"Captivated by You (Crossfire, #4)",author_sylvia_day,decade_2010s
1846,1847,29946,Illusions: The Adventures of a Reluctant Messiah,author_richard_bach,decade_1970s
1847,1848,6381205,"Soulless (Parasol Protectorate, #1)",author_gail_carriger,decade_2000s
1848,1849,17623975,"Just One Day (Just One Day, #1)",author_gayle_forman,decade_2010s
1849,1850,1661957,"Wake (Wake, #1)",author_lisa_mcmann,decade_2000s
1850,1851,7170627,The Emperor of All Maladies: A Biography of Cancer,author_siddhartha_mukherjee,decade_2010s
1851,1852,270804,"Glass (Crank, #2)",author_ellen_hopkins,decade_2000s
1852,1853,760,Memories of My Melancholy Whores,author_gabriel_garca_mrquez author_edith_grossman,decade_2000s
1853,1854,10872085,"Only Time Will Tell (The Clifton Chronicles, #1)",author_jeffrey_archer,decade_2010s
1854,1855,773038,The Seven Spiritual Laws of Success: A Practical Guide to the Fulfillment of Your Dreams,author_deepak_chopra,decade_2010s
1855,1856,79790,Magical Thinking: True Stories,author_augusten_burroughs,decade_2000s
1856,1857,13835,"In the Hand of the Goddess (Song of the Lioness, #2)",author_tamora_pierce,decade_1980s
1859,1860,8835379,"Ruby Red (Precious Stone Trilogy, #1)",author_kerstin_gier author_anthea_bell,decade_2000s
1860,1861,6581511,"Shadowland (The Immortals, #3)",author_alyson_noel,decade_2000s
1861,1862,216443,Heir to the Empire (Star Wars: The Thrawn Trilogy #1),author_timothy_zahn,decade_1990s
1862,1863,13837,"Lioness Rampant (Song of the Lioness, #4)",author_tamora_pierce,decade_1980s
1863,1864,259538,"Outbreak (Dr. Marissa Blumenthal, #1)",author_robin_cook,decade_1980s
1864,1865,129603,You Can Heal Your Life,author_louise_l_hay,decade_1980s
1866,1867,9496240,"The Hangman's Daughter (The Hangman's Daughter, #1)",author_oliver_ptzsch author_lee_chadeayne,decade_2000s
1867,1868,14064,I Am Legend,author_richard_matheson,decade_1950s
1868,1869,150739,"Dealing with Dragons (Enchanted Forest Chronicles, #1)",author_patricia_c_wrede author_peter_de_sve,decade_1990s
1869,1870,455925,"Running Blind (Jack Reacher, #4)",author_lee_child,decade_2000s
1870,1871,37301,"Rules of Prey (Lucas Davenport, #1)",author_john_sandford,decade_1980s
1871,1872,84847,"Ashes to Ashes (Kovac and Liska, #1)",author_tami_hoag,decade_1990s
1872,1873,16703,The Yiddish Policemen's Union,author_michael_chabon,decade_2000s
1873,1874,13642950,The Aviator's Wife,author_melanie_benjamin,decade_2010s
1874,1875,474858,A Bad Case of Stripes,author_david_shannon,decade_1990s
1875,1876,10428708,"The Affair (Jack Reacher, #16)",author_lee_child,decade_2010s
1876,1877,33514,The Elements of Style,author_william_strunk_jr author_eb_white,decade_1910s
1877,1878,12948,The Turn of the Screw,author_henry_james,decade_1890s
1878,1879,6066819,Best Friends Forever,author_jennifer_weiner,decade_2000s
1879,1880,50027,"Homeland (Forgotten Realms: The Dark Elf Trilogy, #1; Legend of Drizzt, #1)",author_ra_salvatore,decade_1990s
1880,1881,100365,The Mote in God's Eye,author_larry_niven author_jerry_pournelle,decade_1970s
1881,1882,9572203,"The Snowman (Harry Hole, #7)",author_jo_nesb author_don_bartlett,decade_2000s
1882,1883,166997,Stoner,author_john__williams author_john_mcgahern,decade_1960s
1883,1884,24937,Wicked: The Grimmerie,author_david_cote author_stephen_schwartz author_joan_marcus author_winnie_holzman,decade_2000s
1884,1885,42607,As You Like It,author_william_shakespeare,decade_1590s
1885,1886,95431,"Preacher, Volume 1: Gone to Texas",author_garth_ennis author_steve_dillon author_joe_r_lansdale,decade_1990s
1886,1887,15638,Cyrano de Bergerac,author_edmond_rostand author_eteel_lawson author_lowell_bair,decade_1890s
1887,1888,12609,"The Spirit Catches You and You Fall Down: A Hmong Child, Her American Doctors, and the Collision of Two Cultures",author_anne_fadiman,decade_1990s
1888,1889,3128411,"Bone Crossed (Mercy Thompson, #4)",author_patricia_briggs,decade_2000s
1889,1890,8709526,"The Indigo Spell (Bloodlines, #3)",author_richelle_mead,decade_2010s
1890,1891,6050298,"Dreamfever (Fever, #4)",author_karen_marie_moning,decade_2000s
1891,1892,16243,Case Histories (Jackson Brodie #1),author_kate_atkinson,decade_2000s
1892,1893,15799166,"Release Me (Stark Trilogy, #1)",author_j_kenner,decade_2010s
1893,1894,17910611,Wedding Night,author_sophie_kinsella,decade_2010s
1894,1895,25099,The Doll's House (The Sandman #2),author_neil_gaiman author_steve_parkhouse author_chris_bachalo author_michael_zulli author_mike_dringenberg author_malcolm_jones_iii author_todd_klein author_clive_barker,decade_1990s
1895,1896,1000751,"Pollyanna (Pollyanna, #1)",author_eleanor_h_porter,decade_1910s
1896,1897,2743,The Lost Boy (Dave Pelzer #2),author_dave_pelzer,decade_1990s
1897,1898,17855756,"Dust (Silo, #3)",author_hugh_howey,decade_2010s
1898,1899,13547188,Lone Wolf,author_jodi_picoult,decade_2010s
1899,1900,10588,Nightmares and Dreamscapes,author_stephen_king,decade_1990s
1900,1901,7304203,"Shadowfever (Fever, #5)",author_karen_marie_moning,decade_2010s
1901,1902,3613997,The Associate,author_john_grisham,decade_2000s
1902,1903,13324841,"Son (The Giver, #4)",author_lois_lowry,decade_2010s
1903,1904,18310944,The Sandman: Overture,author_neil_gaiman author_jh_williams_iii author_dave_stewart author_todd_klein,decade_2010s
1904,1905,13569581,"Blood Song (Raven's Shadow, #1)",author_anthony__ryan,decade_2010s
1905,1906,7137775,"Rules of Attraction (Perfect Chemistry, #2)",author_simone_elkeles,decade_2010s
1906,1907,93007,The Merry Adventures of Robin Hood,author_howard_pyle,decade_1880s
1907,1908,9915,Less Than Zero,author_bret_easton_ellis,decade_1980s
1908,1909,875441,Someone Knows My Name,author_lawrence_hill,decade_2000s
1909,1910,93101,The Arabian Nights,author_anonymous author_richard_francis_burton author_as_byatt,decade_800s
1910,1911,7093952,"Faithful Place (Dublin Murder Squad, #3)",author_tana_french,decade_2010s
1911,1912,18467802,Euphoria,author_lily_king,decade_2010s
1912,1913,9301,"Rachel's Holiday (Walsh Family, #2)",author_marian_keyes,decade_1990s
1913,1914,41811,The Caves of Steel (Robot #1),author_isaac_asimov,decade_1950s
1914,1915,17800,"Dance Dance Dance (The Rat, #4)",author_haruki_murakami,decade_1980s
1915,1916,232109,"The Mouse and the Motorcycle (Ralph S. Mouse, #1)",author_beverly_cleary author_louis_darling author_tracy_dockray,decade_1960s
1916,1917,3432478,"The Forest of Hands and Teeth (The Forest of Hands and Teeth, #1)",author_carrie_ryan,decade_2000s
1917,1918,189783,"The Elfstones of Shannara  (The Original Shannara Trilogy, #2)",author_terry_brooks,decade_1980s
1918,1919,7741325,"Dash & Lily's Book of Dares (Dash & Lily, #1)",author_rachel_cohn author_david_levithan,decade_2010s
1919,1920,17333230,The Luminaries,author_eleanor_catton,decade_2010s
1920,1921,826584,If You Give a Moose a Muffin,author_laura_joffe_numeroff author_felicia_bond,decade_1990s
1921,1922,32421,Velocity,author_dean_koontz,decade_2000s
1922,1923,4143,Barrel Fever: Stories and Essays,author_david_sedaris,decade_1990s
1923,1924,34517,"Reaper Man (Discworld, #11; Death, #2)",author_terry_pratchett,decade_1990s
1924,1925,17303,"Piercing the Darkness (Darkness, #2)",author_frank_e_peretti,decade_1980s
1925,1926,69242,Made to Stick: Why Some Ideas Survive and Others Die,author_chip_heath author_dan_heath,decade_2000s
1926,1927,401514,Alive: The Story of the Andes Survivors,author_piers_paul_read,decade_1970s
1927,1928,3679,On Beauty,author_zadie_smith,decade_2000s
1928,1929,13360,Battlefield of the Mind: Winning the Battle in Your Mind,author_joyce_meyer,decade_1990s
1929,1930,59829,"Dance Upon the Air (Three Sisters Island, #1)",author_nora_roberts,decade_2000s
1930,1931,645023,"Castle of Wizardry (The Belgariad, #4)",author_david_eddings,decade_1980s
1931,1932,8492319,"Lover Unleashed (Black Dagger Brotherhood, #9)",author_jr_ward,decade_2010s
1933,1934,6566722,"Heat Wave (Nikki Heat, #1)",author_richard_castle,decade_2000s
1934,1935,18607805,Kindle Paperwhite User's Guide,author_amazon,decade_2010s
1936,1937,25350,"Out of the Silent Planet (Space Trilogy, #1)",author_cs_lewis,decade_1930s
1938,1939,826585,If You Give a Pig a Pancake ,author_laura_joffe_numeroff author_felicia_bond,decade_1990s
1939,1940,567678,The Wasp Factory,author_iain_banks,decade_1980s
1940,1941,10112885,Night Film,author_marisha_pessl,decade_2010s
1941,1942,10211494,Stories I Only Tell My Friends,author_rob_lowe,decade_2010s
1942,1943,16085481,Crazy Rich Asians (Crazy Rich Asians #1),author_kevin_kwan,decade_2010s
1943,1944,51428,"Rebel Angels (Gemma Doyle, #2)",author_libba_bray,decade_2000s
1944,1945,344262,"Bloodfever (Fever, #2)",author_karen_marie_moning,decade_2000s
1945,1946,2702704,"Faefever (Fever, #3)",author_karen_marie_moning,decade_2000s
1946,1947,22744701,My Sister's Grave (Tracy Crosswhite #1),author_robert_dugoni,decade_2010s
1947,1948,24120519,"Library of Souls (Miss Peregrine's Peculiar Children, #3)",author_ransom_riggs,decade_2010s
1948,1949,3102,Howards End,author_em_forster,decade_1910s
1949,1950,102458,"Hellboy, Vol. 1: Seed of Destruction (Hellboy, #1)",author_mike_mignola author_john_byrne,decade_1990s
1950,1951,13643567,"The Evolution of Mara Dyer (Mara Dyer, #2)",author_michelle_hodkin,decade_2010s
1951,1952,15724396,"The Sword of Summer (Magnus Chase and the Gods of Asgard, #1)",author_rick_riordan,decade_2010s
1952,1953,54499,"The Man in the Iron Mask (The D'Artagnan Romances, #3.3)",author_alexandre_dumas author_francine_du_plessix_gray author_joachim_neugroschel,decade_1850s
1953,1954,89717,The Haunting of Hill House,author_shirley_jackson author_laura___miller,decade_1950s
1954,1955,18864,The Rum Diary,author_hunter_s_thompson,decade_1990s
1955,1956,8253,"Little Town on the Prairie  (Little House, #7)",author_laura_ingalls_wilder author_garth_williams,decade_1940s
1956,1957,31122,I Capture the Castle,author_dodie_smith,decade_1940s
1957,1958,7933617,"Destined (House of Night, #9)",author_pc_cast author_kristin_cast,decade_2010s
1958,1959,6048530,"Finger Lickin' Fifteen (Stephanie Plum, #15)",author_janet_evanovich,decade_2000s
1959,1960,38500,Women,author_charles_bukowski,decade_1970s
1960,1961,159178,"North and South (North and South, #1)",author_john_jakes,decade_1980s
1961,1962,6587387,"Silver Borne (Mercy Thompson, #5)",author_patricia_briggs,decade_2010s
1962,1963,31259,"The Bourne Ultimatum (Jason Bourne, #3)",author_robert_ludlum,decade_1990s
1963,1964,68488,"Fool's Errand (Tawny Man, #1)",author_robin_hobb,decade_2000s
1964,1965,20821111,"The Young Elites (The Young Elites, #1)",author_marie_lu,decade_2010s
1965,1966,59810,"Jewels of the Sun (Gallaghers of Ardmore, #1)",author_nora_roberts,decade_1990s
1966,1967,30659,Meditations,author_marcus_aurelius author_martin_hammond author_diskin_clay,decade_180s
1967,1968,34262,"Peter and the Starcatchers (Peter and the Starcatchers, #1)",author_dave_barry author_ridley_pearson author_greg_call,decade_2000s
1968,1969,475,Collapse: How Societies Choose to Fail or Succeed,author_jared_diamond,decade_2000s
1969,1970,41219,Possession,author_as_byatt,decade_1990s
1970,1971,2753843,"Revelations (Blue Bloods, #3)",author_melissa_de_la_cruz,decade_2000s
1971,1972,19668,"Without Remorse (Jack Ryan Universe, #1)",author_tom_clancy,decade_1990s
1973,1974,19581,Ghost Story,author_peter_straub,decade_1970s
1974,1975,65110,"The Penultimate Peril (A Series of Unfortunate Events, #12)",author_lemony_snicket author_brett_helquist,decade_2000s
1975,1976,25,I'm a Stranger Here Myself: Notes on Returning to America after Twenty Years Away,author_bill_bryson,decade_1990s
1976,1977,65112,"The End (A Series of Unfortunate Events, #13)",author_lemony_snicket author_brett_helquist,decade_2000s
1977,1978,14241,The Liars' Club,author_mary_karr,decade_1990s
1978,1979,15985348,"Dead Ever After (Sookie Stackhouse, #13)",author_charlaine_harris,decade_2010s
1979,1980,24830,The Illustrated Man,author_ray_bradbury,decade_1950s
1980,1981,15852756,"Naked (The Blackstone Affair, #1)",author_raine_miller,decade_2010s
1981,1982,17934530,"Annihilation (Southern Reach, #1)",author_jeff_vandermeer,decade_2010s
1982,1983,11479285,"Breathe (Sea Breeze, #1)",author_abbi_glines,decade_2010s
1983,1984,58922,The Runaway Bunny,author_margaret_wise_brown author_clement_hurd,decade_1940s
1984,1985,8520362,The Grand Design,author_stephen_hawking author_leonard_mlodinow,decade_2010s
1985,1986,5345,The Innocent Man: Murder and Injustice in a Small Town,author_john_grisham,decade_2000s
1986,1987,10617,The Bachman Books,author_richard_bachman author_stephen_king,decade_1980s
1987,1988,17568801,Zealot: The Life and Times of Jesus of Nazareth,author_reza_aslan,decade_2010s
1988,1989,761732,"Soul of the Fire (Sword of Truth, #5)",author_terry_goodkind,decade_1990s
1989,1990,11331421,The Art of Hearing Heartbeats,author_janphilipp_sendker author_kevin_wiliarty,decade_2000s
1990,1991,8935689,"Consider Phlebas (Culture, #1)",author_iain_m_banks,decade_1980s
1991,1992,759945,The Magic of Thinking Big,author_david_j_schwartz,decade_1950s
1992,1993,31332,"The Vampire Armand (The Vampire Chronicles, #6)",author_anne_rice,decade_1990s
1993,1994,17337562,"Forever Too Far (Rosemary Beach, #3; Too Far, #3)",author_abbi_glines,decade_2010s
1994,1995,768889,"A Storm of Swords: Steel and Snow (A Song of Ice and Fire, #3: Part 1 of 2)",author_george_rr_martin,decade_2000s
1995,1996,180617,Pinocchio,author_carlo_collodi author_john_boyne author_monteiro_lobato author_unknown,decade_1880s
1996,1997,9565548,"Grave Mercy (His Fair Assassin, #1)",author_robin_lafevers,decade_2010s
1998,1999,249,Tropic of Cancer,author_henry_miller,decade_1930s
1999,2000,3086160,The Hour I First Believed,author_wally_lamb,decade_2000s
2000,2001,7952502,Harry Potter: Film Wizardry,author_brian_sibley,decade_2010s
2001,2002,18386,The Death of Ivan Ilych,author_leo_tolstoy author_aylmer_maude,decade_1880s
2002,2003,23995231,Circling the Sun,author_paula_mclain,decade_2010s
2003,2004,5306,Travels with Charley: In Search of America,author_john_steinbeck,decade_1960s
2004,2005,10950924,The Dovekeepers,author_alice_hoffman,decade_2010s
2005,2006,2890090,"The Republic of Thieves (Gentleman Bastard, #3)",author_scott_lynch,decade_2010s
2006,2007,113304,The Thief Lord,author_cornelia_funke,decade_2000s
2007,2008,12983100,"World After (Penryn & the End of Days, #2)",author_susan_ee,decade_2010s
2008,2009,14996,"Brother Odd (Odd Thomas, #3)",author_dean_koontz,decade_2000s
2009,2010,42603,Black Like Me,author_john_howard_griffin,decade_1960s
2010,2011,1840511,Snuff,author_chuck_palahniuk,decade_2000s
2011,2012,13140,"Jack & Jill (Alex Cross, #3)",author_james_patterson,decade_1990s
2012,2013,5015,Saturday,author_ian_mcewan,decade_2000s
2013,2014,185911,"When the Bough Breaks (Alex Delaware, #1)",author_jonathan_kellerman,decade_1980s
2014,2015,83674,The Bridges of Madison County,author_robert_james_waller,decade_1990s
2015,2016,4494917,"Gone Tomorrow (Jack Reacher, #13)",author_lee_child,decade_2000s
2016,2017,4588949,"The Sorceress (The Secrets of the Immortal Nicholas Flamel, #3)",author_michael_scott,decade_2000s
2017,2018,13507212,"Bring Up the Bodies (Thomas Cromwell, #2)",author_hilary_mantel,decade_2010s
2018,2019,2921082,"The Maze of Bones  (The 39 Clues, #1)",author_rick_riordan,decade_2000s
2019,2020,603204,How to Cook Everything: Simple Recipes for Great Food,author_mark_bittman,decade_1990s
2020,2021,690926,"The Twilight Collection (Twilight, #1-3)",author_stephenie_meyer,decade_2000s
2021,2022,857502,Concerning the Spiritual in Art,author_wassily_kandinsky,decade_1910s
2022,2023,186190,"Forrest Gump (Forrest Gump, #1)",author_winston_groom,decade_1980s
2023,2024,11991,The Fall,author_albert_camus author_justin_obrien,decade_1950s
2024,2025,7572,Even Cowgirls Get the Blues,author_tom_robbins,decade_1970s
2025,2026,6138,The Moonstone,author_wilkie_collins author_carolyn_g_heilbrun,decade_1860s
2026,2027,374233,If on a Winter's Night a Traveler,author_italo_calvino author_william_weaver,decade_1970s
2027,2028,13521,"Son of a Witch (The Wicked Years, #2)",author_gregory_maguire author_douglas_smith,decade_2000s
2028,2029,815309,On Chesil Beach,author_ian_mcewan,decade_2000s
2029,2030,64854,"M is for Malice (Kinsey Millhone, #13)",author_sue_grafton,decade_1990s
2030,2031,6531,"Point of Origin (Kay Scarpetta, #9)",author_patricia_cornwell,decade_1990s
2031,2032,106264,"Sarah, Plain and Tall (Sarah, Plain and Tall, #1)",author_patricia_maclachlan,decade_1980s
2033,2034,33454,"Bloodsucking Fiends (A Love Story, #1)",author_christopher_moore,decade_1990s
2034,2035,7857195,Squirrel Seeks Chipmunk: A Modest Bestiary,author_david_sedaris author_ian_falconer,decade_2010s
2035,2036,7015403,The Gifts of Imperfection: Let Go of Who You Think You're Supposed to Be and Embrace Who You Are,author_bren_brown,decade_2010s
2036,2037,28214365,Commonwealth,author_ann_patchett,decade_2010s
2037,2038,6267237,"The Van Alen Legacy (Blue Bloods, #4)",author_melissa_de_la_cruz,decade_2000s
2038,2039,133526,Blueberries for Sal,author_robert_mccloskey,decade_1940s
2039,2040,17340050,"Losing Hope (Hopeless, #2)",author_colleen_hoover,decade_2010s
2040,2041,10566,Lisey's Story,author_stephen_king,decade_2000s
2041,2042,15851746,Proof of Heaven: A Neurosurgeon's Journey into the Afterlife,author_eben_alexander,decade_2010s
2042,2043,400354,"Men at Arms (Discworld, #15; City Watch #2)",author_terry_pratchett,decade_1990s
2043,2044,495395,The Year of Living Biblically: One Man's Humble Quest to Follow the Bible as Literally as Possible,author_aj_jacobs,decade_2000s
2044,2045,42432,God Emperor of Dune (Dune Chronicles #4),author_frank_herbert,decade_1980s
2045,2046,18465657,The One & Only,author_emily_giffin,decade_2010s
2046,2047,40493,"The Valley of Horses (Earth's Children, #2)",author_jean_m_auel,decade_1980s
2047,2048,15811568,Six Years,author_harlan_coben,decade_2010s
2049,2050,2985500,"Night World, No. 2 (Night World, #4-6)",author_lj_smith,decade_2000s
2050,2051,13872,Geek Love,author_katherine_dunn,decade_1980s
2051,2052,1540,"The Oedipus Cycle: Oedipus Rex/Oedipus at Colonus/Antigone (The Theban Plays, #1–3)",author_sophocles author_dudley_fitts author_elena_bono author_robert_fitzgerald,decade_0s
2052,2053,5527,All the King's Men,author_robert_penn_warren,decade_1940s
2053,2054,5452,"Girls in Pants: The Third Summer of the Sisterhood (Sisterhood, #3)",author_ann_brashares,decade_2000s
2054,2055,43931,The Woods,author_harlan_coben,decade_2000s
2055,2056,187065,"New Spring (Wheel of Time, #0)",author_robert_jordan,decade_2000s
2056,2057,11600163,The Litigators,author_john_grisham,decade_2010s
2057,2058,23604559,My Grandmother Asked Me to Tell You She's Sorry,author_fredrik_backman author_henning_koch,decade_2010s
2058,2059,7959473,"American Assassin (Mitch Rapp, #1)",author_vince_flynn,decade_2010s
2060,2061,17333319,Burial Rites,author_hannah_kent,decade_2010s
2061,2062,45162,Fingersmith,author_sarah_waters,decade_2000s
2062,2063,40189,A Year in Provence,author_peter_mayle,decade_1980s
2063,2064,37186,The Miraculous Journey of Edward Tulane,author_kate_dicamillo author_bagram_ibatoulline,decade_2000s
2064,2065,10163292,The Last Letter from Your Lover,author_jojo_moyes,decade_2000s
2065,2066,762806,"Gorky Park (Arkady Renko, #1)",author_martin_cruz_smith,decade_1980s
2066,2067,15781725,The House Girl,author_tara_conklin,decade_2010s
2068,2069,23219,"Queen of Babble (Queen of Babble, #1)",author_meg_cabot,decade_2000s
2069,2070,13563669,"The Third Wheel (Diary of a Wimpy Kid, #7)",author_jeff_kinney,decade_2010s
2070,2071,11925514,"Code Name Verity (Code Name Verity, #1)",author_elizabeth_wein,decade_2010s
2071,2072,270807,"Burned (Burned, #1)",author_ellen_hopkins,decade_2000s
2072,2073,43330,Master of the Game,author_sidney_sheldon,decade_1980s
2073,2074,6539,"The Body Farm (Kay Scarpetta, #5)",author_patricia_cornwell,decade_1990s
2074,2075,93722,"The Boy Next Door (Boy, #1)",author_meg_cabot,decade_2000s
2075,2076,19351,The Epic of Gilgamesh,author_anonymous author_nk_sandars,decade_0s
2076,2077,1254951,"The Luxe (Luxe, #1)",author_anna_godbersen,decade_2000s
2078,2079,11650,"American Pastoral (The American Trilogy, #1)",author_philip_roth,decade_1990s
2079,2080,24453082,Big Magic: Creative Living Beyond Fear,author_elizabeth_gilbert,decade_2010s
2080,2081,19486421,"Skin Game (The Dresden Files, #15)",author_jim_butcher,decade_2010s
2082,2083,476543,The Darkest Night (Lords of the Underworld #1),author_gena_showalter,decade_2000s
2083,2084,2845024,Anathem,author_neal_stephenson,decade_2000s
2084,2085,6433752,The Lacuna,author_barbara_kingsolver,decade_2000s
2085,2086,34532,"Hogfather (Discworld, #20; Death, #4)",author_terry_pratchett,decade_1990s
2086,2087,5190,Open House,author_elizabeth_berg,decade_2000s
2087,2088,16130291,The Silver Star,author_jeannette_walls,decade_2010s
2088,2089,11768,The Hotel New Hampshire,author_john_irving,decade_1980s
2089,2090,15309,"The Laughing Corpse (Anita Blake, Vampire Hunter, #2)",author_laurell_k_hamilton,decade_1990s
2090,2091,762053,"Key of Light (Key Trilogy, #1)",author_nora_roberts,decade_2000s
2091,2092,2241059,Identical,author_ellen_hopkins,decade_2000s
2092,2093,7746259,The Stand: Soul Survivors,author_roberto_aguirresacasa author_mike_perkins author_laura_______martin author_stephen_king,decade_2010s
2093,2094,9583508,"Smokin' Seventeen (Stephanie Plum, #17)",author_janet_evanovich author_lorelei_king,decade_2010s
2094,2095,105549,The Sneetches and Other Stories,author_dr_seuss,decade_1960s
2095,2096,598160,"Polar Bear, Polar Bear, What Do You Hear?",author_bill_martin_jr author_eric_carle,decade_1980s
2097,2098,9590,"God Bless You, Mr. Rosewater",author_kurt_vonnegut_jr,decade_1960s
2098,2099,282282,"Skip Beat!, Vol. 01",author_yoshiki_nakamura author_tomo_kimura,decade_2000s
2099,2100,19030845,Batman: The Dark Knight Returns #1,author_frank_miller,decade_1980s
2100,2101,99298,"The Harry Potter Collection 1-4 (Harry Potter, #1-4)",author_jk_rowling author_mary_grandpr,decade_1990s
2101,2102,6597651,The Windup Girl,author_paolo_bacigalupi,decade_2000s
2102,2103,92308,The Importance of Being Earnest and Other Plays,author_oscar_wilde author_richard_allen_cave,decade_1950s
2103,2104,9627755,"Isla and the Happily Ever After (Anna and the French Kiss, #3)",author_stephanie_perkins,decade_2010s
2104,2105,38619,"Magic Bites (Kate Daniels, #1)",author_ilona_andrews,decade_2000s
2105,2106,17255265,"This Man Confessed (This Man, #3)",author_jodi_ellen_malpas,decade_2010s
2107,2108,395233,The Letters of Vincent van Gogh,author_vincent_van_gogh author_ronald_de_leeuw author_mark_roskill author_arnold_j_pomerans,decade_1910s
2108,2109,34499,"Sourcery (Discworld, #5; Rincewind #3)",author_terry_pratchett,decade_1980s
2110,2111,22374,Batman: Arkham Asylum - A Serious House on Serious Earth,author_grant_morrison author_dave_mckean,decade_1980s
2111,2112,20698530,"P.S. I Still Love You (To All the Boys I've Loved Before, #2)",author_jenny_han,decade_2010s
2112,2113,23153154,"Memory Man (Amos Decker, #1)",author_david_baldacci,decade_2010s
2113,2114,2138727,Mudbound,author_hillary_jordan,decade_2000s
2114,2115,55403,Black Hawk Down,author_mark_bowden,decade_1990s
2115,2116,22055262,"A Darker Shade of Magic (Shades of Magic, #1)",author_ve_schwab author_victoria_schwab,decade_2010s
2116,2117,3398625,The Lost City of Z: A Tale of Deadly Obsession in the Amazon,author_david_grann,decade_2000s
2117,2118,15704459,"Firefight (The Reckoners, #2)",author_brandon_sanderson,decade_2010s
2118,2119,28249,"The Magicians' Guild (Black Magician Trilogy, #1)",author_trudi_canavan,decade_2000s
2119,2120,6693332,"The Necromancer  (The Secrets of the Immortal Nicholas Flamel, #4)",author_michael_scott,decade_2010s
2120,2121,6977769,"61 Hours (Jack Reacher, #14)",author_lee_child,decade_2010s
2121,2122,662597,Cut,author_patricia_mccormick,decade_2000s
2122,2123,74532,George's Marvellous Medicine,author_roald_dahl author_quentin_blake,decade_1980s
2123,2124,41193,A Thousand Acres,author_jane_smiley,decade_1990s
2124,2125,24780,"The Book of Three (The Chronicles of Prydain, #1)",author_lloyd_alexander,decade_1960s
2125,2126,2355575,"Cry Wolf (Alpha & Omega, #1)",author_patricia_briggs,decade_2000s
2126,2127,770051,Olivia,author_ian_falconer,decade_2000s
2127,2128,77156,"Plainsong (Plainsong, #1)",author_kent_haruf,decade_1990s
2128,2129,62953,Ghost World,author_daniel_clowes,decade_1990s
2129,2130,11966216,"Torn (Trylle, #2)",author_amanda_hocking,decade_2010s
2130,2131,19117,Fathers and Sons,author_ivan_turgenev author_george_reavy author_jane_costlow,decade_1860s
2131,2132,113934,The Goal: A Process of Ongoing Improvement,author_eliyahu_m_goldratt author_jeff_cox,decade_1980s
2132,2133,9684523,Caleb's Crossing,author_geraldine_brooks,decade_2010s
2133,2134,2722413,"Evernight (Evernight, #1)",author_claudia_gray,decade_2000s
2134,2135,108942,"Bad Luck and Trouble (Jack Reacher, #11)",author_lee_child,decade_2000s
2135,2136,2152,The Jane Austen Book Club,author_karen_joy_fowler,decade_2000s
2136,2137,21965107,The Children Act,author_ian_mcewan,decade_2010s
2137,2138,7023554,"Sizzling Sixteen (Stephanie Plum, #16)",author_janet_evanovich,decade_2000s
2138,2139,22543496,Elon Musk: Inventing the Future,author_ashlee_vance,decade_2010s
2139,2140,12591698,"Caliban's War (The Expanse, #2)",author_james_sa_corey,decade_2010s
2140,2141,13454149,"Barely Breathing (Breathing, #2)",author_rebecca_donovan,decade_2010s
2141,2142,1375,The Iliad/The Odyssey,author_homer author_robert_fagles author_bernard_knox,decade_0s
2142,2143,16992,Kingdom Come,author_mark_waid author_alex_ross author_elliot_s_maggin,decade_1990s
2144,2145,56373,Tipping the Velvet,author_sarah_waters,decade_1990s
2145,2146,11607446,"The Wishing Spell (The Land of Stories, #1)",author_chris_colfer author_brandon_dorman,decade_2010s
2146,2147,2586771,The 19th Wife,author_david_ebershoff,decade_2000s
2147,2148,44184,Monster,author_walter_dean_myers,decade_1990s
2148,2149,9814682,"A Song of Ice and Fire (A Song of Ice and Fire, #1-4)",author_george_rr_martin,decade_2010s
2149,2150,132336,"Body of Evidence (Kay Scarpetta, #2)",author_patricia_cornwell,decade_1990s
2150,2151,16148398,Saga #1,author_brian_k_vaughan author_fiona_staples,decade_2010s
2151,2152,1651302,"Perfect (Pretty Little Liars, #3)",author_sara_shepard,decade_2000s
2152,2153,15717876,"The Secret of Ella and Micha (The Secret, #1)",author_jessica_sorensen,decade_2010s
2153,2154,9533378,"Hounded (The Iron Druid Chronicles, #1)",author_kevin_hearne,decade_2010s
2154,2155,22076,From a Buick 8,author_stephen_king,decade_2000s
2155,2156,77507,"Red Mars (Mars Trilogy, #1)",author_kim_stanley_robinson,decade_1990s
2156,2157,286957,The Yellow Wall-Paper,author_charlotte_perkins_gilman author_elaine_hedges,decade_1890s
2158,2159,628139,"Sea Swept (Chesapeake Bay Saga, #1)",author_nora_roberts,decade_1990s
2159,2160,12499290,"The Blinding Knife (Lightbringer, #2)",author_brent_weeks,decade_2010s
2160,2161,18189606,Since You've Been Gone,author_morgan_matson,decade_2010s
2161,2162,7907803,An Object of Beauty,author_steve_martin,decade_2010s
2163,2164,127823,"The Icebound Land (Ranger's Apprentice, #3)",author_john_flanagan,decade_2000s
2165,2166,18050143,"Zero to One: Notes on Startups, or How to Build the Future",author_peter_thiel author_blake__masters,decade_2010s
2166,2167,28260587,"Empire of Storms (Throne of Glass, #5)",author_sarah_j_maas,decade_2010s
2168,2169,26025580,The Grownup,author_gillian_flynn,decade_2010s
2169,2170,16790,Smoke and Mirrors: Short Fiction and Illusions,author_neil_gaiman,decade_1990s
2170,2171,12820793,"The Oath of the Vayuputras (Shiva Trilogy, #3)",author_amish_tripathi,decade_2010s
2171,2172,4985,Welcome to the Monkey House,author_kurt_vonnegut_jr,decade_1960s
2173,2174,2279,Truman,author_david_mccullough,decade_1990s
2174,2175,16130,Alexander Hamilton,author_ron_chernow,decade_2000s
2176,2177,28381,Dead Souls,author_nikolai_gogol author_robert_a_maguire,decade_1840s
2177,2178,24920901,"The Deal (Off-Campus, #1)",author_elle_kennedy,decade_2010s
2178,2179,26074181,"The Crown (The Selection, #5)",author_kiera_cass,decade_2010s
2179,2180,11007587,"Zero Day (John Puller, #1)",author_david_baldacci,decade_2010s
2180,2181,551876,Tikki Tikki Tembo,author_arlene_mosel author_blair_lent,decade_1960s
2181,2182,3099787,"Night World, No. 1 (Night World, #1-3)",author_lj_smith,decade_2000s
2182,2183,8204005,"Love Unscripted (Love, #1)",author_tina_reber,decade_2010s
2183,2184,13143,"Pop Goes the Weasel (Alex Cross, #5)",author_james_patterson,decade_1990s
2185,2186,10104,The Six Wives of Henry VIII,author_alison_weir,decade_1980s
2186,2187,76171,We,author_yevgeny_zamyatin author_clarence_brown,decade_1920s
2187,2188,14250,Pigs in Heaven,author_barbara_kingsolver,decade_1990s
2188,2189,239399,"The Ghost Brigades (Old Man's War, #2)",author_john_scalzi,decade_2000s
2189,2190,6150,"Cry, the Beloved Country",author_alan_paton,decade_1940s
2191,2192,18943,Confessions of an Ugly Stepsister,author_gregory_maguire,decade_1990s
2193,2194,25494343,"Lady Midnight (The Dark Artifices, #1)",author_cassandra_clare,decade_2010s
2194,2195,2325825,"Inkdeath (Inkworld, #3)",author_cornelia_funke,decade_2000s
2195,2196,76683,Foundation's Edge (Foundation #4),author_isaac_asimov,decade_1980s
2196,2197,50798,Jude the Obscure,author_thomas_hardy,decade_1890s
2197,2198,587582,"Queen of Sorcery (The Belgariad, #2)",author_david_eddings,decade_1980s
2198,2199,89723,The Lottery and Other Stories,author_shirley_jackson,decade_1940s
2199,2200,7182899,"Into the Gauntlet (The 39 Clues, #10)",author_margaret_peterson_haddix,decade_2010s
2200,2201,5056084,"Wings (Wings, #1)",author_aprilynne_pike,decade_2000s
2201,2202,22188,"Gossip Girl (Gossip Girl, #1)",author_cecily_von_ziegesar,decade_2000s
2202,2203,149572,The Odessa File,author_frederick_forsyth,decade_1970s
2203,2204,15823461,The Burgess Boys,author_elizabeth_strout,decade_2010s
2204,2205,23692271,Sapiens: A Brief History of Humankind,author_yuval_noah_harari,decade_2010s
2205,2206,9902804,Lies That Chelsea Handler Told Me,author_chelsea_handler author_johnny_kansas author_stephanie_stehling author_heather_mcdonald author_roy_handler author_brad_wollack author_amber_mazzola author_josh_wolf author_shoshanna_handler author_eva_magdalenski author_amy_meyer author_glen_handler author_dave_mallow author_sarah_colonna,decade_2010s
2206,2207,10805160,"Broken Harbour (Dublin Murder Squad, #4)",author_tana_french,decade_2010s
2207,2208,16001893,"Down to You (The Bad Boys, #1)",author_m_leighton,decade_2010s
2208,2209,569564,The Complete Works,author_william_shakespeare,decade_1620s
2209,2210,13651,The Dispossessed,author_ursula_k_le_guin,decade_1970s
2210,2211,935308,"Faceless Killers (Kurt Wallander, #1)",author_henning_mankell author_steven_t_murray,decade_1990s
2211,2212,7933437,The Confession,author_john_grisham,decade_2010s
2212,2213,32424,Lightning,author_dean_koontz,decade_1980s
2213,2214,21436,"Cat and Mouse (Alex Cross, #4)",author_james_patterson author_keith_david author_anthony_heald,decade_1990s
2214,2215,80674,"Superfudge (Fudge, #3)",author_judy_blume,decade_1980s
2215,2216,28815474,The Couple Next Door,author_shari_lapena,decade_2010s
2216,2217,11563110,"Hallowed (Unearthly, #2)",author_cynthia_hand,decade_2010s
2217,2218,17333324,Ancillary Justice (Imperial Radch #1),author_ann_leckie,decade_2010s
2218,2219,5038,"The Pillars of Creation (Sword of Truth, #7)",author_terry_goodkind,decade_2000s
2219,2220,4122,Built to Last: Successful Habits of Visionary Companies,author_james_c_collins author_jerry_i_porras,decade_1990s
2221,2222,3412815,Fireproof,author_eric_wilson,decade_2000s
2223,2224,30273,"The Lunatic Cafe (Anita Blake, Vampire Hunter #4)",author_laurell_k_hamilton,decade_1990s
2224,2225,1857440,"John Dies at the End (John Dies at the End, #1)",author_david_wong,decade_2000s
2225,2226,17349,The Demon-Haunted World: Science as a Candle in the Dark,author_carl_sagan author_ann_druyan,decade_1990s
2226,2227,6408862,Stolen: A Letter to My Captor,author_lucy_christopher,decade_2000s
2227,2228,95558,Solaris,author_stanisaw_lem,decade_1960s
2228,2229,227603,Prozac Nation,author_elizabeth_wurtzel,decade_1990s
2229,2230,24784,The Black Cauldron (The Chronicles of Prydain #2),author_lloyd_alexander,decade_1960s
2231,2232,17888952,The First Phone Call from Heaven,author_mitch_albom,decade_2010s
2232,2233,61115,Possible Side Effects,author_augusten_burroughs,decade_2000s
2233,2234,17884042,Still Life with Bread Crumbs,author_anna_quindlen,decade_2010s
2234,2235,16322,"The A.B.C. Murders (Hercule Poirot, #13)",author_agatha_christie,decade_1930s
2235,2236,280111,Holy Bible: New International Version,author_anonymous,decade_1900s
2236,2237,10993282,"Lover Reborn (Black Dagger Brotherhood, #10)",author_jr_ward,decade_2010s
2237,2238,110391,"The Duke and I (Bridgertons, #1)",author_julia_quinn,decade_2000s
2238,2239,68378,"Dragons of Spring Dawning (Dragonlance: Chronicles, #3)",author_margaret_weis author_tracy_hickman,decade_1980s
2240,2241,40445,"Altered Carbon (Takeshi Kovacs, #1)",author_richard_k_morgan,decade_2000s
2242,2243,25837341,The Good Neighbor,author_aj_banner,decade_2010s
2243,2244,17131869,"Saga, Vol. 2 (Saga, #2)",author_brian_k_vaughan author_fiona_staples,decade_2010s
2244,2245,231562,"The Enemy (Jack Reacher, #8)",author_lee_child,decade_2000s
2245,2246,20604826,Flash Boys: A Wall Street Revolt,author_michael___lewis,decade_2010s
2246,2247,193755,The Diving Bell and the Butterfly,author_jeandominique_bauby author_jeremy_leggatt,decade_1990s
2247,2248,13538641,Killing Kennedy: The End of Camelot,author_bill_oreilly author_martin_dugard,decade_2010s
2250,2251,7159515,Still Missing,author_chevy_stevens,decade_2010s
2251,2252,4912,"'Tis (Frank McCourt, #2)",author_frank_mccourt,decade_1990s
2252,2253,39020,1491: New Revelations of the Americas Before Columbus,author_charles_c_mann,decade_2000s
2253,2254,22489107,"Fairest (The Lunar Chronicles, #3.5)",author_marissa_meyer,decade_2010s
2254,2255,361459,An Unquiet Mind: A Memoir of Moods and Madness,author_kay_redfield_jamison,decade_1990s
2256,2257,14940,Who's Afraid of Virginia Woolf?,author_edward_albee,decade_1960s
2257,2258,1128434,"The Last Wish (The Witcher, #1)",author_andrzej_sapkowski,decade_1990s
2258,2259,17841,Foucault's Pendulum,author_umberto_eco author_william_weaver,decade_1980s
2259,2260,270067,A Pocket for Corduroy,author_don_freeman,decade_1970s
2261,2262,153008,"Kushiel's Dart (Phèdre's Trilogy, #1)",author_jacqueline_carey,decade_2000s
2262,2263,7501962,"Bonhoeffer: Pastor, Martyr, Prophet, Spy",author_eric_metaxas,decade_2000s
2263,2264,11746513,"Explosive Eighteen (Stephanie Plum, #18)",author_janet_evanovich,decade_2010s
2264,2265,6686092,"Lies (Gone, #3)",author_michael__grant,decade_2010s
2266,2267,9659607,"The Iron Knight (The Iron Fey, #4)",author_julie_kagawa,decade_2010s
2267,2268,462033,"Maisie Dobbs (Maisie Dobbs, #1)",author_jacqueline_winspear,decade_2000s
2268,2269,43916,"Magician (The Riftwar Saga, #1-2)",author_raymond_e_feist,decade_1980s
2269,2270,5453,"Forever in Blue: The Fourth Summer of the Sisterhood (Sisterhood, #4)",author_ann_brashares,decade_2000s
2271,2272,7822895,"The Millennium Trilogy (Millennium Trilogy, #1-3)",author_stieg_larsson author_reg_keeland,decade_2000s
2272,2273,29981261,The Butterfly Garden (The Collector #1),author_dot_hutchison,decade_2010s
2274,2275,5604848,"Destined for an Early Grave (Night Huntress, #4)",author_jeaniene_frost,decade_2000s
2275,2276,16134782,"In Flight (Up in the Air, #1)",author_rk_lilley,decade_2010s
2276,2277,13128,"Cross (Alex Cross, #12)",author_james_patterson,decade_2000s
2277,2278,19448,"All-American Girl (All-American Girl, #1)",author_meg_cabot,decade_2000s
2278,2279,27,Neither Here nor There: Travels in Europe,author_bill_bryson,decade_1990s
2279,2280,23228,Boy Meets Boy,author_david_levithan,decade_2000s
2280,2281,17349023,We Are Water,author_wally_lamb,decade_2010s
2281,2282,3393124,"Max (Maximum Ride, #5)",author_james_patterson,decade_2000s
2282,2283,7778981,"Halo (Halo, #1)",author_alexandra_adornetto,decade_2010s
2283,2284,95186,The Inheritance of Loss,author_kiran_desai,decade_2000s
2284,2285,13813,"A Darkness At Sethanon (The Riftwar Saga, #4)",author_raymond_e_feist,decade_1980s
2285,2286,16640,The Sorrows of Young Werther,author_johann_wolfgang_von_goethe author_burton_pike,decade_1770s
2286,2287,3570231,"At Grave's End (Night Huntress, #3)",author_jeaniene_frost,decade_2000s
2287,2288,24687,Don't Let's Go to the Dogs Tonight,author_alexandra_fuller,decade_2000s
2288,2289,41424,Beauty: A Retelling of the Story of Beauty and the Beast,author_robin_mckinley,decade_1970s
2289,2290,6604712,Eating Animals,author_jonathan_safran_foer,decade_2000s
2290,2291,355917,"Flyte (Septimus Heap, #2)",author_angie_sage author_mark_zug,decade_2000s
2292,2293,10429092,"The Girl of Fire and Thorns (Fire and Thorns, #1)",author_rae_carson,decade_2010s
2293,2294,7137327,"Enclave (Razorland, #1)",author_ann_aguirre,decade_2010s
2294,2295,4806,Longitude: The True Story of a Lone Genius Who Solved the Greatest Scientific Problem of His Time,author_dava_sobel author_neil_armstrong,decade_1990s
2295,2296,232145,"Unnatural Exposure (Kay Scarpetta, #8)",author_patricia_cornwell,decade_1990s
2296,2297,14706,Faust: First Part,author_johann_wolfgang_von_goethe author_peter_salm,decade_1800s
2297,2298,296662,Lies My Teacher Told Me,author_james_w_loewen,decade_1990s
2299,2300,3217221,"Locke & Key, Vol. 1: Welcome to Lovecraft",author_joe_hill author_gabriel_rodrguez,decade_2000s
2300,2301,6043849,"The Ask and the Answer (Chaos Walking, #2)",author_patrick_ness,decade_2000s
2301,2302,73062,Scarlett,author_alexandra_ripley,decade_1990s
2302,2303,30241,"Bloody Bones (Anita Blake, Vampire Hunter #5)",author_laurell_k_hamilton,decade_1990s
2303,2304,46165,This Side of Paradise,author_f_scott_fitzgerald,decade_1920s
2304,2305,11797365,Escape from Camp 14: One Man's Remarkable Odyssey from North Korea to Freedom in the West,author_blaine_harden,decade_2010s
2305,2306,30263,"Every Which Way But Dead (The Hollows, #3)",author_kim_harrison,decade_2000s
2306,2307,25852870,"Eligible: A Modern Retelling of Pride and Prejudice (The Austen Project, #4)",author_curtis_sittenfeld,decade_2010s
2308,2309,597790,The Children of Húrin,author_jrr_tolkien author_christopher_tolkien author_alan_lee,decade_2000s
2310,2311,61549,Mr. Popper's Penguins,author_richard_atwater author_florence_atwater author_robert_lawson,decade_1930s
2312,2313,19103097,"The Magician's Land (The Magicians, #3)",author_lev_grossman,decade_2010s
2313,2314,10979,Light in August,author_william_faulkner,decade_1930s
2314,2315,24335,The Trumpet of the Swan,author_eb_white author_fred_marcellino,decade_1970s
2315,2316,13641208,Tenth of December,author_george_saunders,decade_2010s
2316,2317,6944032,"Night Pleasures (Dark-Hunter, #1)",author_sherrilyn_kenyon,decade_2000s
2317,2318,998,The Millionaire Next Door: The Surprising Secrets of Americas Wealthy,author_thomas_j_stanley author_william_d_danko,decade_1990s
2318,2319,5267365,"Don't Judge a Girl by Her Cover (Gallagher Girls, #3)",author_ally_carter,decade_2000s
2319,2320,14318,"Chronicles, Vol. 1",author_bob_dylan,decade_2000s
2320,2321,26,The Lost Continent: Travels in Small Town America,author_bill_bryson,decade_1980s
2321,2322,9500416,Dreams of Joy (Shanghai Girls #2),author_lisa_see,decade_2010s
2322,2323,43326,Tell Me Your Dreams,author_sidney_sheldon,decade_1990s
2324,2325,18630,"The Player of Games (Culture, #2)",author_iain_m_banks,decade_1980s
2325,2326,24384,The Cricket in Times Square,author_george_selden author_garth_williams,decade_1960s
2326,2327,21343,The Five Dysfunctions of a Team: A Leadership Fable,author_patrick_lencioni,decade_2000s
2327,2328,23940,Junky,author_william_s_burroughs author_oliver__harris author_allen_ginsberg,decade_1950s
2328,2329,313605,Getting to Yes: Negotiating an Agreement Without Giving In,author_roger_fisher author_william_ury author_bruce_patton,decade_1980s
2329,2330,16136959,"Mile High (Up in the Air, #2)",author_rk_lilley,decade_2010s
2330,2331,25111004,November 9,author_colleen_hoover,decade_2010s
2331,2332,29639736,"Everything We Keep (Everything We Keep, #1)",author_kerry_lonsdale,decade_2010s
2332,2333,15724654,"The Mighty Storm (The Storm, #1)",author_samantha_towle,decade_2010s
2333,2334,11250317,The Song of Achilles,author_madeline_miller,decade_2010s
2334,2335,29405093,The Girl with the Lower Back Tattoo,author_amy_schumer,decade_2010s
2335,2336,99944,The Bhagavad Gita,author_krishnadwaipayana_vyasa author_simon_brodbeck author_juan_mascar,decade_0s
2336,2337,431,The New York Trilogy,author_paul_auster author_art_spiegelman,decade_1980s
2337,2338,89763,Esperanza Rising,author_pam_muoz_ryan,decade_2000s
2338,2339,5114,"Raise High the Roof Beam, Carpenters & Seymour: An Introduction",author_jd_salinger,decade_1950s
2340,2341,30244,"The Killing Dance (Anita Blake, Vampire Hunter, #6)",author_laurell_k_hamilton,decade_1990s
2341,2342,12321,Beyond Good and Evil,author_friedrich_nietzsche author_rj_hollingdale author_michael_tanner,decade_1880s
2342,2343,108077,The Watsons Go to Birmingham - 1963,author_christopher_paul_curtis,decade_1990s
2344,2345,10215349,"The Immortal Rules (Blood of Eden, #1)",author_julie_kagawa,decade_2010s
2345,2346,5632446,Columbine,author_dave_cullen,decade_2000s
2346,2347,31340,"Lasher (Lives of the Mayfair Witches, #2)",author_anne_rice,decade_1990s
2347,2348,22319275,Yellow Crocus,author_laila_ibrahim,decade_2010s
2348,2349,15814872,No Easy Day: The Firsthand Account of the Mission That Killed Osama Bin Laden,author_mark_owen author_kevin_maurer,decade_2010s
2349,2350,13056159,The Chaperone,author_laura_moriarty,decade_2010s
2350,2351,232123,"All That Remains (Kay Scarpetta, #3)",author_patricia_cornwell,decade_1990s
2351,2352,10596,The Regulators,author_richard_bachman author_stephen_king,decade_1990s
2352,2353,25101,Season of Mists (The Sandman #4),author_neil_gaiman author_matt_wagner author_george_pratt author_dick_giordano author_kelley_jones author_p_craig_russell author_mike_dringenberg author_malcolm_jones_iii author_todd_klein author_harlan_ellison,decade_1990s
2353,2354,13130,Judge & Jury,author_james_patterson author_andrew_gross,decade_2000s
2355,2356,13644052,"Origin (Lux, #4)",author_jennifer_l_armentrout,decade_2010s
2356,2357,13839,The Botany of Desire: A Plant's-Eye View of the World,author_michael_pollan,decade_2000s
2357,2358,7930335,"Beautiful Redemption (Caster Chronicles, #4)",author_kami_garcia author_margaret_stohl,decade_2010s
2358,2359,6746018,The Distant Hours,author_kate_morton,decade_2010s
2359,2360,23125266,I Let You Go,author_clare_mackintosh,decade_2010s
2362,2363,180066,Beautiful Boy: A Father's Journey Through His Son's Addiction,author_david_sheff,decade_2000s
2363,2364,12900174,"The Vincent Boys (The Vincent Boys, #1)",author_abbi_glines,decade_2010s
2364,2365,261240,The Cask of Amontillado,author_edgar_allan_poe,decade_1840s
2365,2366,1715,Metamorphoses,author_ovid author_david_raeburn author_denis_feeney,decade_0s
2366,2367,11206,In the Time of the Butterflies,author_julia_alvarez,decade_1990s
2367,2368,77398,Gap Creek,author_robert_morgan,decade_1990s
2368,2369,9680718,"Half-Blood (Covenant, #1)",author_jennifer_l_armentrout,decade_2010s
2369,2370,93263,The Legend of Sleepy Hollow (Graphic Novel),author_bo_hampton author_tracey_hampton author_washington_irving,decade_1990s
2370,2371,27126,"Bitter Is the New Black: Confessions of a Condescending, Egomaniacal, Self-Centered Smartass, Or, Why You Should Never Carry A Prada Bag to the Unemployment Office",author_jen_lancaster,decade_2000s
2372,2373,21718,"Blindsighted (Grant County, #1)",author_karin_slaughter,decade_2000s
2373,2374,292408,Angle of Repose,author_wallace_stegner,decade_1970s
2375,2376,99085,"Lord Brocktree (Redwall, #13)",author_brian_jacques,decade_2000s
2376,2377,13253276,"Through the Ever Night (Under the Never Sky, #2)",author_veronica_rossi,decade_2010s
2377,2378,712313,Barefoot,author_elin_hilderbrand,decade_2000s
2379,2380,72159,Cat on a Hot Tin Roof,author_tennessee_williams,decade_1950s
2380,2381,1829709,"The Final Warning (Maximum Ride, #4)",author_james_patterson,decade_2000s
2381,2382,45109,"Golden Fool (Tawny Man, #2)",author_robin_hobb,decade_2000s
2382,2383,204276,"Split Second (Sean King & Michelle Maxwell, #1)",author_david_baldacci,decade_2000s
2383,2384,9681098,"The Fifth Witness (Mickey Haller, #5; Harry Bosch Universe, #20)",author_michael_connelly,decade_2010s
2384,2385,91981,"The Dragonbone Chair (Memory, Sorrow, and Thorn, #1)",author_tad_williams,decade_1980s
2386,2387,71776,"At Home in Mitford (Mitford Years, #1)",author_jan_karon,decade_1990s
2388,2389,542414,"Scorpia (Alex Rider, #5)",author_anthony_horowitz,decade_2000s
2389,2390,18712886,"The Queen of the Tearling (The Queen of the Tearling, #1)",author_erika_johansen,decade_2010s
2390,2391,3552023,"One False Note (The 39 Clues, #2)",author_gordon_korman,decade_2000s
2391,2392,46777,"Tithe (Modern Faerie Tales, #1)",author_holly_black,decade_2000s
2392,2393,455930,"Echo Burning (Jack Reacher, #5)",author_lee_child,decade_2000s
2393,2394,1895792,"The Fury / Dark Reunion (The Vampire Diaries, #3-4)",author_lj_smith,decade_2000s
2394,2395,24378015,"Never Never (Never Never, #1)",author_colleen_hoover author_tarryn_fisher,decade_2010s
2395,2396,15818362,Into the Darkest Corner,author_elizabeth_haynes,decade_2010s
2397,2398,79378,"Roses are Red (Alex Cross, #6)",author_james_patterson,decade_2000s
2398,2399,43893,"Naked Empire (Sword of Truth, #8)",author_terry_goodkind,decade_2000s
2399,2400,92147,"Map of Bones (Sigma Force, #2)",author_james_rollins,decade_2000s
2400,2401,22571540,The Stranger,author_harlan_coben,decade_2010s
2401,2402,1537534,"Unbelievable (Pretty Little Liars, #4)",author_sara_shepard,decade_2000s
2402,2403,45195,A Passage to India,author_em_forster author_oliver_stallybrass author_pankaj_mishra,decade_1920s
2403,2404,19549841,"Seraphina (Seraphina, #1)",author_rachel_hartman,decade_2010s
2404,2405,26046,"Morrigan's Cross (Circle Trilogy, #1)",author_nora_roberts,decade_2000s
2405,2406,49824,"The Mammoth Hunters (Earth's Children, #3)",author_jean_m_auel,decade_1980s
2406,2407,2903736,"Princeps' Fury (Codex Alera, #5)",author_jim_butcher,decade_2000s
2408,2409,858513,Chrysanthemum,author_kevin_henkes,decade_1990s
2409,2410,11808950,"Sweet Evil (Sweet, #1)",author_wendy_higgins,decade_2010s
2410,2411,21484,"The Winds of War (The Henry Family, #1)",author_herman_wouk,decade_1970s
2411,2412,12341557,"The Wind Through the Keyhole (The Dark Tower, #4.5)",author_stephen_king author_jae_lee,decade_2010s
2412,2413,68527,"The Last Kingdom (The Saxon Stories, #1)",author_bernard_cornwell,decade_2000s
2414,2415,281235,"Bunnicula (Bunnicula, #1)",author_james_howe author_deborah_howe author_alan_daniel,decade_1970s
2415,2416,66678,"Exile (Forgotten Realms: The Dark Elf Trilogy, #2; Legend of Drizzt, #2)",author_ra_salvatore,decade_1990s
2416,2417,11947829,"Ascend (Trylle, #3)",author_amanda_hocking,decade_2010s
2417,2418,10822858,"The Keeper of Lost Causes (Department Q, #1)",author_jussi_adlerolsen author_lisa_hartford,decade_2000s
2418,2419,23876,Of Love and Other Demons,author_gabriel_garca_mrquez,decade_1990s
2419,2420,3992598,The Demigod Files (Percy Jackson and the Olympians),author_rick_riordan,decade_2000s
2420,2421,1297985,Musicophilia: Tales of Music and the Brain,author_oliver_sacks,decade_2000s
2421,2422,25526965,"End of Watch (Bill Hodges Trilogy, #3)",author_stephen_king,decade_2010s
2422,2423,3684856,Fool,author_christopher_moore,decade_2000s
2423,2424,69136,The Book of Lost Things,author_john_connolly,decade_2000s
2424,2425,49195,My Life,author_bill_clinton,decade_2000s
2425,2426,59952,300,author_frank_miller author_lynn_varley,decade_1990s
2426,2427,6697305,"Storm Warning (The 39 Clues, #9)",author_linda_sue_park,decade_2010s
2427,2428,6950688,"Only the Good Spy Young (Gallagher Girls, #4)",author_ally_carter,decade_2010s
2428,2429,455941,"Persuader (Jack Reacher, #7)",author_lee_child,decade_2000s
2429,2430,58077,"Grave Sight (Harper Connelly, #1)",author_charlaine_harris,decade_2000s
2431,2432,407234,"Blood Brothers (Sign of Seven, #1)",author_nora_roberts,decade_2000s
2432,2433,10912,Picture Perfect,author_jodi_picoult,decade_1990s
2433,2434,294963,"Rurouni Kenshin, Vol. 1: Meiji Swordsman Romantic Story (Rurouni Kenshin, #1)",author_nobuhiro_watsuki author_kenichiro_yagi,decade_1990s
2434,2435,9888775,Catching Jordan,author_miranda_kenneally,decade_2010s
2435,2436,18600,Touching the Void: The True Story of One Man's Miraculous Survival,author_joe_simpson,decade_1980s
2436,2437,15784909,"This Girl (Slammed, #3)",author_colleen_hoover,decade_2010s
2438,2439,2255,Way of the Peaceful Warrior: A Book That Changes Lives,author_dan_millman,decade_1980s
2439,2440,12781,The Satanic Verses,author_salman_rushdie,decade_1980s
2440,2441,6178648,Nothing to Envy: Ordinary Lives in North Korea,author_barbara_demick,decade_2000s
2442,2443,17158596,"Collide (Collide, #1)",author_gail_mchugh,decade_2010s
2443,2444,3860977,How We Decide,author_jonah_lehrer,decade_2000s
2444,2445,91661,"The Beekeeper's Apprentice (Mary Russell, #1)",author_laurie_r_king,decade_1990s
2445,2446,356321,The Story of Babar,author_jean_de_brunhoff author_merle_s_haas,decade_1930s
2446,2447,8458018,"The Warlock (The Secrets of the Immortal Nicholas Flamel, #5)",author_michael_scott,decade_2010s
2447,2448,6316821,"First Lord's Fury (Codex Alera, #6)",author_jim_butcher,decade_2000s
2448,2449,6834410,The Imperfectionists,author_tom_rachman,decade_2010s
2449,2450,16151178,The Sea of Tranquility,author_katja_millay,decade_2010s
2450,2451,9517,"Persepolis 2: The Story of a Return (Persepolis, #2)",author_marjane_satrapi author_anjali_singh,decade_2000s
2451,2452,64217,"Pyramids (Discworld, #7)",author_terry_pratchett,decade_1980s
2452,2453,149302,"Silverthorn (The Riftwar Saga, #3)",author_raymond_e_feist,decade_1980s
2453,2454,1314332,Before I Die,author_jenny_downham,decade_2000s
2454,2455,6728738,Committed: A Skeptic Makes Peace with Marriage,author_elizabeth_gilbert,decade_2000s
2455,2456,104378,Keeping the Moon,author_sarah_dessen,decade_1990s
2456,2457,18080920,"The Transfer (Divergent, #0.1)",author_veronica_roth,decade_2010s
2457,2458,43887,"Chainfire (Sword of Truth, #9)",author_terry_goodkind,decade_2000s
2458,2459,129650,Mastering the Art of French Cooking,author_julia_child author_simone_beck author_louisette_bertholle,decade_1960s
2459,2460,9876989,"Blue Exorcist, Vol. 1  (Blue Exorcist, #1)",author_kazue_kato author_john_werry,decade_2000s
2460,2461,604803,"Confessor (Sword of Truth, #11)",author_terry_goodkind,decade_2000s
2461,2462,88815,The Reluctant Fundamentalist,author_mohsin_hamid,decade_2000s
2462,2463,12432220,The False Prince (The Ascendance Trilogy #1),author_jennifer_a_nielsen,decade_2010s
2463,2464,85386,"Rabbit, Run (Rabbit Angstrom #1)",author_john_updike,decade_1960s
2464,2465,56627,Stumbling on Happiness,author_daniel_todd_gilbert,decade_2000s
2465,2466,400412,The Waste Land and Other Poems,author_ts_eliot,decade_1920s
2466,2467,201146,Little Bear,author_else_holmelund_minarik author_maurice_sendak,decade_1950s
2467,2468,206172,The Pit and the Pendulum,author_edgar_allan_poe,decade_1840s
2468,2469,34529,"Lords and Ladies (Discworld, #14; Witches #4)",author_terry_pratchett,decade_1990s
2469,2470,62530,"Thud! (Discworld, #34; City Watch #7)",author_terry_pratchett,decade_2000s
2470,2471,28876,"His Majesty's Dragon (Temeraire, #1)",author_naomi_novik,decade_2000s
2471,2472,444304,"The Field Guide (The Spiderwick Chronicles, #1)",author_holly_black author_tony_diterlizzi,decade_2000s
2472,2473,7497897,Radical: Taking Back Your Faith from the American Dream,author_david_platt,decade_2010s
2474,2475,41667,"My Side of the Mountain (Mountain, #1)",author_jean_craighead_george,decade_1950s
2475,2476,3392089,"The Winter Sea (Slains, #1)",author_susanna_kearsley author_rosalyn_landor,decade_2000s
2476,2477,5861926,"The Sword Thief (The 39 Clues, #3)",author_peter_lerangis,decade_2000s
2477,2478,85437,Coma,author_robin_cook,decade_1970s
2478,2479,46945,Requiem for a Dream,author_hubert_selby_jr author_darren_aronofsky author_richard_price,decade_1970s
2479,2480,111332,"Into the Wild (Warriors, #1)",author_erin_hunter,decade_2000s
2482,2483,16033902,"Rush (Breathless, #1)",author_maya_banks,decade_2010s
2483,2484,3052106,The Picture of Dorian Gray: A Graphic Novel,author_ian_edginton author_oscar_wilde author_inj_culbard,decade_2000s
2484,2485,11557,Swan Song,author_robert_mccammon,decade_1980s
2485,2486,22522805,The Buried Giant,author_kazuo_ishiguro,decade_2010s
2486,2487,68494,"Perdido Street Station (Bas-Lag, #1)",author_china_miville,decade_2000s
2487,2488,4070493,"Need (Need, #1)",author_carrie_jones,decade_2000s
2488,2489,2442,"Witches Abroad (Discworld, #12; Witches #3)",author_terry_pratchett,decade_1990s
2489,2490,721012,The Legend of Sleepy Hollow and Other Stories,author_geoffrey_crayon author_washington_irving author_william_l_hedges,decade_1810s
2490,2491,117,Heretics of Dune (Dune Chronicles #5),author_frank_herbert,decade_1980s
2492,2493,346087,"Captain's Fury (Codex Alera, #4)",author_jim_butcher,decade_2000s
2493,2494,9912994,"Damned (Damned, #1)",author_chuck_palahniuk,decade_2010s
2495,2496,8584686,Swamplandia!,author_karen_russell,decade_2010s
2496,2497,49353,"The Last Coyote (Harry Bosch, #4; Harry Bosch Universe, #4)",author_michael_connelly,decade_1990s
2497,2498,2715,Salt: A World History,author_mark_kurlansky,decade_2000s
2498,2499,31173,Villette,author_charlotte_bront author_as_byatt author__ author_ignes_sodre,decade_1850s
2499,2500,10552338,Reamde,author_neal_stephenson,decade_2010s
2500,2501,34502,"Soul Music (Discworld, #16; Death, #3)",author_terry_pratchett,decade_1990s
2501,2502,14740588,"Notorious Nineteen (Stephanie Plum, #19)",author_janet_evanovich,decade_2010s
2502,2503,6117055,The Greatest Show on Earth: The Evidence for Evolution,author_richard_dawkins,decade_2000s
2503,2504,392297,"Sin City, Vol. 1: The Hard Goodbye (Sin City, #1)",author_frank_miller,decade_1990s
2504,2505,356896,The Greatest Salesman in the World,author_og_mandino,decade_1960s
2505,2506,3758,"Casino Royale (James Bond, #1)",author_ian_fleming,decade_1950s
2506,2507,83144,"The Bronze Horseman (The Bronze Horseman, #1)",author_paullina_simons,decade_2000s
2507,2508,11346,Sula,author_toni_morrison,decade_1970s
2508,2509,17999892,"The Atlantis Gene (The Origin Mystery, #1)",author_ag_riddle,decade_2010s
2509,2510,7148256,"The Red Queen (The Plantagenet and Tudor Novels, #3)",author_philippa_gregory,decade_2010s
2510,2511,6642402,"Something About You (FBI/US Attorney, #1)",author_julie_james,decade_2010s
2511,2512,105552,Mr. Brown Can Moo! Can You?,author_dr_seuss,decade_1970s
2512,2513,10607,"Black House (The Talisman, #2)",author_stephen_king author_peter_straub,decade_2000s
2513,2514,15719,Marvel 1602,author_neil_gaiman author_andy_kubert author_richard_isanove author_peter_sanderson,decade_2000s
2514,2515,26722,"Act of Treason (Mitch Rapp, #9)",author_vince_flynn,decade_2000s
2516,2517,19494,The Spy Who Came In from the Cold,author_john_le_carr,decade_1960s
2517,2518,133664,"Academ's Fury (Codex Alera, #2)",author_jim_butcher,decade_2000s
2518,2519,13162,"When the Wind Blows (When the Wind Blows, #1)",author_james_patterson,decade_1990s
2520,2521,4004,The Pilgrimage,author_paulo_coelho author_alan_r_clarke,decade_1980s
2521,2522,383028,"The Hard Way (Jack Reacher, #10)",author_lee_child,decade_2000s
2522,2523,231821,The Incredible Journey,author_sheila_burnford,decade_1960s
2523,2524,13529,March,author_geraldine_brooks,decade_2000s
2524,2525,13359067,"A Wanted Man (Jack Reacher, #17)",author_lee_child author_dick_hill,decade_2010s
2525,2526,22369,"All-Star Superman, Vol. 1",author_grant_morrison author_frank_quitely,decade_2000s
2526,2527,12177850,"A Song of Ice and Fire (A Song of Ice and Fire, #1-5)",author_george_rr_martin,decade_2000s
2527,2528,16158558,"Dark Witch (The Cousins O'Dwyer Trilogy, #1)",author_nora_roberts,decade_2010s
2528,2529,7198988,"Dark Flame (The Immortals, #4)",author_alyson_noel,decade_2010s
2529,2530,25734248,The Widow,author_fiona_barton,decade_2010s
2530,2531,6255144,"The Black Circle (The 39 Clues, #5)",author_patrick_carman,decade_2000s
2532,2533,16069030,"The Winner's Curse (The Winner's Trilogy, #1)",author_marie_rutkoski,decade_2010s
2533,2534,71332,Push,author_sapphire,decade_1990s
2534,2535,17465515,The Story of a New Name (The Neapolitan Novels #2),author_elena_ferrante author_ann_goldstein,decade_2010s
2535,2536,70539,"2010: Odyssey Two (Space Odyssey, #2)",author_arthur_c_clarke,decade_1980s
2536,2537,6406018,"Soul Eater, Vol. 01 (Soul Eater, #1)",author_atsushi_ohkubo,decade_2000s
2537,2538,15803059,Ordinary Grace,author_william_kent_krueger,decade_2010s
2538,2539,14839,Last Man Standing,author_david_baldacci,decade_2000s
2539,2540,118944,American Born Chinese,author_gene_luen_yang,decade_2000s
2540,2541,1335184,Peter Pan (A Little Golden Book),author_eugene_bradley_coco author_ron_dias author_walt_disney_company,decade_1960s
2541,2542,15990969,"Ten Tiny Breaths (Ten Tiny Breaths, #1)",author_ka_tucker,decade_2010s
2542,2543,7141642,The Thousand Autumns of Jacob de Zoet,author_david_mitchell,decade_2010s
2543,2544,18525,Dr. Faustus,author_christopher_marlowe,decade_1600s
2544,2545,84145,Dance with the Devil (Dark-Hunter #3),author_sherrilyn_kenyon,decade_2000s
2545,2546,6614,Lipstick Jungle,author_candace_bushnell,decade_2000s
2546,2547,79379,"Violets Are Blue (Alex Cross, #7)",author_james_patterson,decade_2000s
2547,2548,180116,"Awaken the Giant Within: How to Take Immediate Control of Your Mental, Emotional, Physical and Financial Destiny!",author_anthony_robbins author_tony_robbins author_frederick_l_covan,decade_1990s
2548,2549,30246,"Blue Moon (Anita Blake, Vampire Hunter, #8)",author_laurell_k_hamilton,decade_1990s
2549,2550,30242,"Burnt Offerings (Anita Blake, Vampire Hunter, #7)",author_laurell_k_hamilton,decade_1990s
2550,2551,19286669,"The Silent Sister (Riley MacPherson, #1)",author_diane_chamberlain,decade_2010s
2551,2552,9597,Player Piano,author_kurt_vonnegut_jr,decade_1950s
2553,2554,34511,"Monstrous Regiment (Discworld, #31; Industrial Revolution, #3)",author_terry_pratchett,decade_2000s
2554,2555,60931,Kindred,author_octavia_e_butler,decade_1970s
2556,2557,525488,"Boundaries: When to Say Yes, How to Say No to Take Control of Your Life",author_henry_cloud author_john_townsend,decade_1990s
2557,2558,17378508,"Blue Lily, Lily Blue (The Raven Cycle, #3)",author_maggie_stiefvater,decade_2010s
2559,2560,815716,The 21 Irrefutable Laws of Leadership: Follow Them and People Will Follow You,author_john_c_maxwell author_zig_ziglar,decade_1990s
2560,2561,51019,Cat's Eye,author_margaret_atwood,decade_1980s
2561,2562,15783307,"The Perfect Game (The Perfect Game, #1)",author_j_sterling,decade_2010s
2562,2563,7540092,"Monsters of Men (Chaos Walking, #3)",author_patrick_ness,decade_2010s
2563,2564,8647,"Shadow of the Giant (Ender's Shadow, #4)",author_orson_scott_card,decade_2000s
2564,2565,10128428,Wonderstruck,author_brian_selznick,decade_2010s
2565,2566,748862,Simple Abundance:  A Daybook of Comfort and Joy,author_sarah_ban_breathnach,decade_1990s
2566,2567,9917938,"Blood Red Road (Dust Lands, #1)",author_moira_young,decade_2010s
2567,2568,13131,"The 6th Target (Women's Murder Club, #6)",author_james_patterson author_maxine_paetro,decade_2000s
2568,2569,40395,"A Princess of Mars (Barsoom, #1)",author_edgar_rice_burroughs author_john_seelye,decade_1910s
2569,2570,17262203,"MaddAddam (MaddAddam, #3)",author_margaret_atwood,decade_2010s
2570,2571,77770,"These Happy Golden Years (Little House, #8)",author_laura_ingalls_wilder author_garth_williams,decade_1940s
2571,2572,19596,Color: A Natural History of the Palette,author_victoria_finlay,decade_2000s
2572,2573,5357,Skipping Christmas,author_john_grisham,decade_2000s
2573,2574,24244,"The Black Ice (Harry Bosch, #2; Harry Bosch Universe, #2)",author_michael_connelly,decade_1990s
2574,2575,12022079,Home Front,author_kristin_hannah,decade_2010s
2575,2576,16117506,"Beautiful Stranger (Beautiful Bastard, #2)",author_christina_lauren,decade_2010s
2576,2577,127459,"The Sweet Far Thing (Gemma Doyle, #3)",author_libba_bray,decade_2000s
2577,2578,5197,A Lesson Before Dying,author_ernest_j_gaines,decade_1990s
2578,2579,178357,SantaLand Diaries,author_david_sedaris,decade_1990s
2579,2580,24820165,See Me,author_nicholas_sparks,decade_2010s
2580,2581,7415016,"Mini Shopaholic (Shopaholic, #6)",author_sophie_kinsella,decade_2010s
2581,2582,857448,Harry the Dirty Dog,author_gene_zion author_margaret_bloy_graham,decade_1950s
2582,2583,18144115,All Fall Down,author_jennifer_weiner,decade_2010s
2583,2584,393199,Down and Out in Paris and London,author_george_orwell,decade_1930s
2584,2585,6081685,"Maid-sama! Vol. 01 (Maid-sama!, #1)",author_hiro_fujiwara,decade_2000s
2585,2586,381102,Griffin and Sabine (Griffin & Sabine #1),author_nick_bantock,decade_1990s
2586,2587,14061957,"Ruin and Rising (Shadow and Bone, #3)",author_leigh_bardugo,decade_2010s
2588,2589,421549,Certain Girls (Cannie Shapiro #2),author_jennifer_weiner,decade_2000s
2590,2591,743599,"Beyond the Highland Mist (Highlander, #1)",author_karen_marie_moning,decade_1990s
2591,2592,15654,The Stranger Beside Me: Ted Bundy The Shocking Inside Story,author_ann_rule,decade_1980s
2592,2593,3054684,"Stargazer (Evernight, #2)",author_claudia_gray,decade_2000s
2593,2594,7668,Rising Sun,author_michael_crichton,decade_1990s
2594,2595,136167,The Other Side of Midnight (Midnight #1),author_sidney_sheldon,decade_1970s
2595,2596,7936809,"The Reversal (Harry Bosch, #16; Mickey Haller, #4; Harry Bosch Universe, #19)",author_michael_connelly,decade_2010s
2596,2597,10065,Wayside School Is Falling Down (Wayside School #2),author_louis_sachar author_joel_schick,decade_1980s
2597,2598,7274337,The Invisible Bridge,author_julie_orringer author_arthur_morey,decade_2010s
2598,2599,15861491,"The Fall of Five (Lorien Legacies, #4)",author_pittacus_lore,decade_2010s
2599,2600,56759,The Mayor of Casterbridge,author_thomas_hardy author_keith_wilson,decade_1880s
2601,2602,498389,"The Devil's Star (Harry Hole, #5)",author_jo_nesb,decade_2000s
2602,2603,5159,Here on Earth,author_alice_hoffman,decade_1990s
2604,2605,190361,"Obsidian Butterfly (Anita Blake, Vampire Hunter, #9)",author_laurell_k_hamilton,decade_2000s
2605,2606,9268487,"The Daylight War (Demon Cycle, #3)",author_peter_v_brett,decade_2010s
2606,2607,1248179,The Appeal,author_john_grisham,decade_2000s
2607,2608,13830,"The Woman Who Rides Like a Man (Song of the Lioness, #3)",author_tamora_pierce,decade_1980s
2608,2609,8680417,"Midnight Riot (Peter Grant, #1)",author_ben_aaronovitch,decade_2010s
2609,2610,9303,Lucy Sullivan Is Getting Married,author_marian_keyes,decade_1990s
2610,2611,34501,"A Hat Full of Sky (Discworld, #32; Tiffany Aching, #2)",author_terry_pratchett,decade_2000s
2611,2612,50365,"A Suitable Boy (A Suitable Boy, #1)",author_vikram_seth,decade_1990s
2612,2613,22738563,We Should All Be Feminists,author_chimamanda_ngozi_adichie,decade_2010s
2613,2614,8087906,"River Marked (Mercy Thompson, #6)",author_patricia_briggs,decade_2010s
2614,2615,4135,I Like You: Hospitality Under the Influence,author_amy_sedaris,decade_2000s
2615,2616,22320,"Pattern Recognition (Blue Ant, #1)",author_william_gibson,decade_2000s
2616,2617,21936809,The Kind Worth Killing,author_peter__swanson,decade_2010s
2618,2619,355916,"Physik (Septimus Heap, #3)",author_angie_sage author_mark_zug,decade_2000s
2619,2620,6667,Boy: Tales of Childhood,author_roald_dahl author_quentin_blake,decade_1980s
2620,2621,10890,Traveling Mercies: Some Thoughts on Faith,author_anne_lamott,decade_1990s
2621,2622,184657,"Memorial Day (Mitch Rapp, #7)",author_vince_flynn,decade_2000s
2622,2623,13836,"Wild Magic (Immortals, #1)",author_tamora_pierce,decade_1990s
2623,2624,30013,Prelude to Foundation,author_isaac_asimov,decade_1980s
2624,2625,56728,"You Are Special (Wemmicksville, #1)",author_max_lucado,decade_1990s
2625,2626,18798983,"The Wrath and the Dawn (The Wrath and the Dawn, #1)",author_renee_ahdieh,decade_2010s
2626,2627,6260997,Half the Sky: Turning Oppression into Opportunity for Women Worldwide,author_nicholas_d_kristof author_sheryl_wudunn,decade_2000s
2627,2628,10798418,Why We Broke Up,author_daniel_handler author_maira_kalman,decade_2010s
2628,2629,18243700,"The Assassin's Blade (Throne of Glass, #0.1-0.5)",author_sarah_j_maas,decade_2010s
2629,2630,2807199,American Wife,author_curtis_sittenfeld,decade_2000s
2630,2631,29394,"Cursor's Fury (Codex Alera, #3)",author_jim_butcher,decade_2000s
2631,2632,334176,"The Sparrow (The Sparrow, #1)",author_mary_doria_russell,decade_1990s
2632,2633,10910,Mercy,author_jodi_picoult,decade_1990s
2633,2634,20727654,"The Paper Magician (The Paper Magician Trilogy, #1)",author_charlie_n_holmberg,decade_2010s
2635,2636,10335318,"Destiny of the Republic: A Tale of Madness, Medicine and the Murder of a President",author_candice_millard,decade_2010s
2636,2637,89724,We Have Always Lived in the Castle,author_shirley_jackson author_jonathan_lethem,decade_1960s
2638,2639,2761626,"The Brass Verdict (Harry Bosch, #14; Mickey Haller, #2; Harry Bosch Universe, #17)",author_michael_connelly,decade_2000s
2639,2640,216442,Dark Force Rising,author_timothy_zahn,decade_1990s
2640,2641,17262159,"Never Go Back (Jack Reacher, #18)",author_lee_child,decade_2010s
2641,2642,183656,The Two Princesses of Bamarre,author_gail_carson_levine,decade_2000s
2642,2643,228630,Black Boy,author_richard_wright author_jerry_w_ward_jr,decade_1940s
2643,2644,5167,Cane River,author_lalita_tademy,decade_2000s
2645,2646,29582,Foundation and Earth (Foundation #5),author_isaac_asimov,decade_1980s
2647,2648,99111,"The World of Winnie-the-Pooh (Winnie-the-Pooh, #1-2)",author_aa_milne author_ernest_h_shepard,decade_1920s
2648,2649,112803,The Story of My Experiments With Truth,author_mahatma_gandhi,decade_1940s
2649,2650,2265,It's Not About the Bike: My Journey Back to Life,author_lance_armstrong author_sally_jenkins,decade_1990s
2650,2651,45546,Undaunted Courage: The Pioneering First Mission to Explore America's Wild Frontier,author_stephen_e_ambrose,decade_1990s
2651,2652,18803640,H is for Hawk,author_helen_macdonald,decade_2010s
2652,2653,21423525,Us,author_david_nicholls,decade_2010s
2653,2654,66695,"Sojourn (Forgotten Realms: The Dark Elf Trilogy, #3; Legend of Drizzt, #3)",author_ra_salvatore,decade_1990s
2654,2655,6393082,"Ender's Game, Volume 1: Battle School (Ender's Saga)",author_christopher_yost author_orson_scott_card author_pasqual_ferry author_frank_darmata,decade_2000s
2655,2656,6218007,"Kimi ni Todoke: From Me to You, Vol. 1",author_karuho_shiina author_tomo_kimura,decade_2000s
2656,2657,182425,False Memory,author_dean_koontz,decade_1990s
2657,2658,34510,"Moving Pictures (Discworld, #10; Industrial Revolution, #1)",author_terry_pratchett,decade_1990s
2658,2659,12513614,"Captive in the Dark (The Dark Duet, #1)",author_cj_roberts,decade_2010s
2659,2660,81959,As a Man Thinketh,author_james_allen,decade_1900s
2660,2661,2082136,Bonk: The Curious Coupling of Science and Sex,author_mary_roach,decade_2000s
2661,2662,544257,"Midnight Alley (The Morganville Vampires, #3)",author_rachel_caine,decade_2000s
2662,2663,23278537,The Little Paris Bookshop,author_nina_george author_simon_pare,decade_2010s
2663,2664,13562049,Sweet Tooth,author_ian_mcewan,decade_2010s
2664,2665,17333880,"Twisted Perfection (Rosemary Beach, #5; Perfection, #1)",author_abbi_glines,decade_2010s
2665,2666,19675,"Executive Orders (Jack Ryan Universe, #9)",author_tom_clancy,decade_1990s
2666,2667,8592946,One Thousand Gifts: A Dare to Live Fully Right Where You Are,author_ann_voskamp,decade_2010s
2667,2668,156427,Psycho,author_robert_bloch,decade_1950s
2668,2669,45100,"Ship of Magic (Liveship Traders, #1)",author_robin_hobb,decade_1990s
2670,2671,41977,Circle of Friends,author_maeve_binchy,decade_1990s
2671,2672,23513349,Milk and Honey,author_rupi_kaur,decade_2010s
2672,2673,5720,"Rainbow Six (Jack Ryan Universe, #10)",author_tom_clancy,decade_1990s
2673,2674,16788,Fragile Things: Short Fictions and Wonders,author_neil_gaiman,decade_2000s
2674,2675,8196732,Sister,author_rosamund_lupton,decade_2010s
2675,2676,20518872,"The Three-Body Problem (Remembrance of Earth’s Past, #1)",author_liu_cixin author_ken_liu,decade_2000s
2676,2677,48002,"Thief of Time (Discworld, #26; Death, #5)",author_terry_pratchett,decade_2000s
2677,2678,154798,Superman: Red Son,author_mark_millar author_kilian_plunkett author_andrew_robinson author_walden_wong author_dave_johnson,decade_2000s
2678,2679,227593,Three Junes,author_julia_glass,decade_2000s
2679,2680,52309,The Autobiography of Benjamin Franklin,author_benjamin_franklin author_lewis_leary,decade_1790s
2680,2681,1858013,The Reason for God: Belief in an Age of Skepticism,author_timothy_j_keller,decade_2000s
2681,2682,12891107,"King of Thorns (The Broken Empire, #2)",author_mark__lawrence,decade_2010s
2682,2683,12160906,"The Sins of the Father (The Clifton Chronicles, #2)",author_jeffrey_archer,decade_2010s
2683,2684,187811,"Shadowland (The Mediator, #1)",author_meg_cabot,decade_2000s
2684,2685,3047849,"Killer (Pretty Little Liars, #6)",author_sara_shepard,decade_2000s
2686,2687,6431790,"Fang (Maximum Ride, #6)",author_james_patterson,decade_2010s
2687,2688,8546358,The Peach Keeper,author_sarah_addison_allen,decade_2010s
2689,2690,27239265,"The Short Drop (Gibson Vaughn, #1)",author_matthew_fitzsimmons,decade_2010s
2690,2691,33453,"You Suck (A Love Story, #2)",author_christopher_moore,decade_2000s
2691,2692,18104607,"Beautiful Oblivion (The Maddox Brothers, #1)",author_jamie_mcguire,decade_2010s
2692,2693,77711,"A Fire Upon the Deep (Zones of Thought, #1)",author_vernor_vinge,decade_1990s
2694,2695,19469,"The Face on the Milk Carton (Janie Johnson, #1)",author_caroline_b_cooney,decade_1990s
2695,2696,413158,Put Me in the Zoo,author_robert_lopshire,decade_1960s
2696,2697,6448470,"Firelight (Firelight, #1)",author_sophie_jordan,decade_2010s
2697,2698,9809,Invisible Cities,author_italo_calvino author_william_weaver,decade_1970s
2698,2699,11096647,"Flat-Out Love (Flat-Out Love, #1)",author_jessica_park,decade_2010s
2699,2700,17905709,The Narrow Road to the Deep North,author_richard_flanagan,decade_2010s
2700,2701,26582,"The Claiming of Sleeping Beauty (Sleeping Beauty, #1)",author_an_roquelaure author_anne_rice,decade_1980s
2701,2702,6114607,"The Midwife: A Memoir of Birth, Joy, and Hard Times",author_jennifer_worth,decade_2000s
2703,2704,9758764,Then Came You,author_jennifer_weiner,decade_2010s
2704,2705,395922,"The Awakening (The Vampire Diaries, #1)",author_lj_smith,decade_1990s
2705,2706,73070,"It Had to Be You (Chicago Stars, #1)",author_susan_elizabeth_phillips,decade_1990s
2706,2707,13707738,Boomerang: Travels in the New Third World,author_michael___lewis,decade_2010s
2707,2708,7227174,Fly Away Home,author_jennifer_weiner,decade_2010s
2708,2709,14662,The Red and the Black,author_stendhal author_roger_gard,decade_1830s
2709,2710,16183,"The Virgin's Lover (The Plantagenet and Tudor Novels, #13)",author_philippa_gregory,decade_2000s
2710,2711,332775,"Incarceron (Incarceron, #1)",author_catherine_fisher,decade_2000s
2711,2712,10800916,"Awake at Dawn (Shadow Falls, #2)",author_cc_hunter,decade_2010s
2713,2714,9462795,"Starcrossed (Starcrossed, #1)",author_josephine_angelini,decade_2010s
2714,2715,7739934,"Night Star (The Immortals, #5)",author_alyson_noel,decade_2010s
2715,2716,67238,Dead Poets Society,author_nh_kleinbaum,decade_1980s
2716,2717,23745132,Wreckage,author_emily_bleeker,decade_2010s
2717,2718,63720,"The Fifth Elephant (Discworld, #24; City Watch, #5)",author_terry_pratchett,decade_1990s
2718,2719,1524173,"The Sorcerer in the North (Ranger's Apprentice, #5)",author_john_flanagan,decade_2000s
2719,2720,639864,Autobiography of a Yogi,author_paramahansa_yogananda,decade_1940s
2720,2721,9595650,"Hexed (The Iron Druid Chronicles, #2)",author_kevin_hearne,decade_2010s
2721,2722,1325218,"Scary Stories to Tell in the Dark (Scary Stories, #1)",author_alvin_schwartz author_stephen_gammell,decade_1980s
2722,2723,26109394,Fool Me Once,author_harlan_coben,decade_2010s
2723,2724,27323,Hiroshima,author_john_hersey,decade_1940s
2724,2725,6316171,Hate List,author_jennifer_brown,decade_2000s
2725,2726,15283043,The Distance Between Us,author_kasie_west,decade_2010s
2726,2727,3873,"A History of God: The 4,000-Year Quest of Judaism, Christianity, and Islam",author_karen_armstrong,decade_1970s
2727,2728,16131032,"Abaddon's Gate (The Expanse, #3)",author_james_sa_corey,decade_2010s
2728,2729,5932,Twenty Love Poems and a Song of Despair,author_pablo_neruda author_ws_merwin author_cristina_garca,decade_1920s
2729,2730,382549,"The Cardinal of the Kremlin (Jack Ryan Universe, #5)",author_tom_clancy,decade_1980s
2730,2731,1062516,"No, David!",author_david_shannon,decade_1990s
2731,2732,18414,Utopia,author_thomas_more author_paul_turner,decade_1510s
2732,2733,1099301,"The Name of This Book Is Secret (Secret, #1)",author_pseudonymous_bosch author_gilbert_ford,decade_2000s
2733,2734,18053060,"Dorothy Must Die (Dorothy Must Die, #1)",author_danielle__paige,decade_2010s
2734,2735,16429,The Husband,author_dean_koontz,decade_2000s
2735,2736,7048800,The Particular Sadness of Lemon Cake,author_aimee_bender,decade_2010s
2736,2737,6588,"The Big Bad Wolf  (Alex Cross, #9)",author_james_patterson,decade_2000s
2737,2738,533465,Balzac and the Little Chinese Seamstress,author_dai_sijie author_ina_rilke,decade_2000s
2738,2739,18813642,Bad Feminist,author_roxane_gay,decade_2010s
2739,2740,226709,"Petals on the Wind (Dollanganger, #2)",author_vc_andrews,decade_1980s
2741,2742,9160695,Battle Hymn of the Tiger Mother,author_amy_chua,decade_2010s
2742,2743,19351043,Nimona,author_noelle_stevenson,decade_2010s
2744,2745,6537,"From Potter's Field (Kay Scarpetta, #6)",author_patricia_cornwell,decade_1990s
2745,2746,84736,"Mary, Mary (Alex Cross, #11)",author_james_patterson,decade_2000s
2746,2747,15055,Oranges Are Not the Only Fruit,author_jeanette_winterson,decade_1980s
2747,2748,16139641,"Grounded (Up in the Air, #3)",author_rk_lilley,decade_2010s
2748,2749,19427193,I Too Had a Love Story,author_ravinder_singh,decade_2000s
2749,2750,25051,"Mrs. Piggle-Wiggle (Mrs. Piggle Wiggle, #1)",author_betty_macdonald author_alexandra_boiger,decade_1940s
2750,2751,58962,"Trunk Music (Harry Bosch, #5; Harry Bosch Universe, #6)",author_michael_connelly,decade_1990s
2751,2752,18505796,"10% Happier: How I Tamed the Voice in My Head, Reduced Stress Without Losing My Edge, and Found Self-Help That Actually Works",author_dan___harris,decade_2010s
2753,2754,32504,"Blood Work (Harry Bosch Universe, #8; Terry McCaleb #1)",author_michael_connelly,decade_1990s
2754,2755,41821,The Gods Themselves,author_isaac_asimov,decade_1970s
2755,2756,6393047,"The Viper's Nest (39 Clues, #7)",author_peter_lerangis,decade_2010s
2756,2757,7742,"Ahab's Wife, or The Star-Gazer",author_sena_jeter_naslund,decade_1990s
2757,2758,13570,"Tsubasa: RESERVoir CHRoNiCLE, Vol. 01",author_clamp author_anthony_gerard,decade_2000s
2759,2760,297627,"The League of Extraordinary Gentlemen, Vol. 1",author_alan_moore author_kevin_oneill,decade_2000s
2760,2761,169756,Feed,author_mt_anderson,decade_2000s
2761,2762,3819326,"Angels' Blood (Guild Hunter, #1)",author_nalini_singh,decade_2000s
2762,2763,752900,Medea,author_euripides author_rex_warner,decade_0s
2763,2764,6342491,"The Demon King (Seven Realms, #1)",author_cinda_williams_chima,decade_2000s
2765,2766,38333,Black Hole,author_charles_burns,decade_1990s
2766,2767,19358975,"Saga, Vol. 3 (Saga, #3)",author_brian_k_vaughan author_fiona_staples,decade_2010s
2767,2768,20263040,"Personal (Jack Reacher, #19)",author_lee_child,decade_2010s
2768,2769,15994634,Z: A Novel of Zelda Fitzgerald,author_therese_anne_fowler,decade_2010s
2769,2770,4979,A Man Without a Country,author_kurt_vonnegut_jr,decade_2000s
2770,2771,17667452,When I Found You,author_catherine_ryan_hyde,decade_2000s
2771,2772,25893693,Lilac Girls,author_martha_hall_kelly,decade_2010s
2772,2773,552894,"7th Heaven (Women's Murder Club, #7)",author_james_patterson author_maxine_paetro,decade_2000s
2773,2774,23664710,"Make Me (Jack Reacher, #20)",author_lee_child,decade_2010s
2774,2775,18428067,A Constellation of Vital Phenomena,author_anthony_marra,decade_2010s
2775,2776,13496738,"While It Lasts (Sea Breeze, #3)",author_abbi_glines,decade_2010s
2776,2777,13414676,The End of Your Life Book Club,author_will_schwalbe,decade_2010s
2778,2779,16001443,"All In (The Blackstone Affair, #2)",author_raine_miller,decade_2010s
2779,2780,1814843,"The Siege of Macindaw (Ranger's Apprentice, #6)",author_john_flanagan,decade_2000s
2780,2781,49221,A Grief Observed,author_cs_lewis,decade_1960s
2781,2782,22416,"Transmetropolitan, Vol. 1: Back on the Street (Transmetropolitan, #1)",author_warren_ellis author_darick_robertston author_garth_ennis,decade_1990s
2782,2783,13833,"Emperor Mage (Immortals, #3)",author_tamora_pierce,decade_1990s
2783,2784,8099187,Decision Points,author_george_w_bush,decade_2010s
2784,2785,6387565,"Witch & Wizard (Witch & Wizard, #1)",author_james_patterson author_gabrielle_charbonnet,decade_2000s
2785,2786,386286,"Julie of the Wolves (Julie of the Wolves, #1)",author_jean_craighead_george author_john_schoenherr,decade_1970s
2786,2787,37743,Forever . . .,author_judy_blume,decade_1970s
2787,2788,22609391,The Wright Brothers,author_david_mccullough,decade_2010s
2789,2790,3147367,American Lion: Andrew Jackson in the White House,author_jon_meacham,decade_2000s
2790,2791,15842230,"The Forgotten (John Puller, #2)",author_david_baldacci,decade_2010s
2791,2792,16065004,"Shadows of Self (Mistborn, #5)",author_brandon_sanderson,decade_2010s
2792,2793,17262155,"Mad About the Boy (Bridget Jones, #3)",author_helen_fielding,decade_2010s
2793,2794,30633,The Four Loves,author_cs_lewis,decade_1960s
2794,2795,20639274,Archer's Voice,author_mia_sheridan,decade_2010s
2795,2796,11010251,The Lost Wife,author_alyson_richman,decade_2010s
2796,2797,10505,History of Beauty,author_umberto_eco author_girolamo_de_michele author_alastair_mcewen,decade_2000s
2797,2798,18765,"I, Claudius (Claudius, #1)",author_robert_graves,decade_1930s
2798,2799,13326831,"The Testing (The Testing, #1)",author_joelle_charbonneau,decade_2010s
2799,2800,17908462,"Takedown Twenty (Stephanie Plum, #20)",author_janet_evanovich,decade_2010s
2800,2801,13628209,The Boy Who Sneaks in My Bedroom Window,author_kirsty_moseley,decade_2010s
2801,2802,13829,"Terrier (Beka Cooper, #1)",author_tamora_pierce,decade_2000s
2802,2803,8788554,"First Grave on the Right (Charley Davidson, #1)",author_darynda_jones,decade_2010s
2803,2804,18039963,A House in the Sky,author_amanda_lindhout author_sara_corbett,decade_2010s
2804,2805,9615347,Anya's Ghost,author_vera_brosgol,decade_2010s
2805,2806,9912,The Rules of Attraction,author_bret_easton_ellis,decade_1980s
2806,2807,30262,"The Good, the Bad, and the Undead (The Hollows, #2)",author_kim_harrison,decade_2000s
2807,2808,66693,"The Crystal Shard (Forgotten Realms: Icewind Dale, #1; Legend of Drizzt, #4)",author_ra_salvatore,decade_1980s
2808,2809,44597,Wide Sargasso Sea,author_jean_rhys,decade_1960s
2809,2810,16286,The Magus,author_john_fowles,decade_1960s
2810,2811,189811,"King of the Murgos (The Malloreon, #2)",author_david_eddings,decade_1980s
2812,2813,20821614,"You (You, #1)",author_caroline_kepnes,decade_2010s
2813,2814,13618440,"Dreams of Gods & Monsters (Daughter of Smoke & Bone, #3)",author_laini_taylor,decade_2010s
2814,2815,1205297,Playing for Pizza,author_john_grisham,decade_2000s
2815,2816,9284655,"Tiger's Curse (The Tiger Saga, #1)",author_colleen_houck,decade_2010s
2816,2817,105,Chapterhouse: Dune (Dune Chronicles #6),author_frank_herbert,decade_1980s
2817,2818,20821284,Brown Girl Dreaming,author_jacqueline_woodson,decade_2010s
2818,2819,7094569,"Feed (Newsflesh Trilogy, #1)",author_mira_grant,decade_2010s
2819,2820,3476,Icy Sparks,author_gwyn_hyman_rubio,decade_1990s
2820,2821,77394,"Anne's House of Dreams (Anne of Green Gables, #5)",author_lm_montgomery,decade_1910s
2821,2822,75024,"The Templar Legacy (Cotton Malone, #1)",author_steve_berry,decade_2000s
2822,2823,89165,"J is for Judgment (Kinsey Millhone, #10)",author_sue_grafton,decade_1990s
2823,2824,4836308,The Physick Book of Deliverance Dane,author_katherine_howe,decade_2000s
2824,2825,55401,"Deadhouse Gates (The Malazan Book of the Fallen, #2)",author_steven_erikson,decade_2000s
2825,2826,17983690,"Lick (Stage Dive, #1)",author_kylie_scott,decade_2010s
2827,2828,2315892,Best Served Cold,author_joe_abercrombie,decade_2000s
2828,2829,18635113,Elizabeth Is Missing,author_emma_healey,decade_2010s
2829,2830,154424,"Consent to Kill (Mitch Rapp, #8)",author_vince_flynn,decade_2000s
2830,2831,8171378,The Warmth of Other Suns: The Epic Story of America's Great Migration,author_isabel_wilkerson,decade_2010s
2831,2832,20706317,The First Fifteen Lives of Harry August,author_claire_north,decade_2010s
2833,2834,11366,The Guns of August,author_barbara_w_tuchman author_robert_k_massie,decade_1960s
2834,2835,937249,"Separation of Power (Mitch Rapp, #5)",author_vince_flynn,decade_2000s
2835,2836,71865,"Tomorrow, When the War Began (Tomorrow, #1)",author_john_marsden,decade_1990s
2836,2837,6514074,"The Monuments Men: Allied Heroes, Nazi Thieves, and the Greatest Treasure Hunt in History",author_robert_m_edsel author_bret_witter,decade_2000s
2837,2838,18140047,Love Letters to the Dead,author_ava_dellaira,decade_2010s
2838,2839,10776793,War Brides,author_helen_bryan,decade_2000s
2839,2840,27071490,Homegoing,author_yaa_gyasi,decade_2010s
2840,2841,7237456,Packing for Mars: The Curious Science of Life in the Void,author_mary_roach,decade_2010s
2841,2842,3410425,"Divine Justice (Camel Club, #4)",author_david_baldacci,decade_2000s
2842,2843,3918010,"Kick-Ass (Kick-Ass, #1)",author_mark_millar author_john_romita_jr author_rob_liefeld,decade_2010s
2843,2844,408615,Left to Tell: Discovering God Amidst the Rwandan Holocaust,author_immacule_ilibagiza author_steve_erwin,decade_2000s
2844,2845,6686101,"Plague (Gone, #4)",author_michael__grant,decade_2010s
2845,2846,5344,Hard Times,author_charles_dickens,decade_1850s
2847,2848,3722183,A God in Ruins,author_kate_atkinson,decade_2010s
2849,2850,46202,"Magic Study (Study, #2)",author_maria_v_snyder,decade_2000s
2850,2851,667985,"Chobits, Vol. 1",author_clamp author_shirley_kubo,decade_2000s
2851,2852,57891,Battle Royale,author_koushun_takami author_yuji_oniki,decade_1990s
2852,2853,5126859,The Girl Who Chased the Moon,author_sarah_addison_allen,decade_2010s
2853,2854,107301,A Town Like Alice,author_nevil_shute,decade_1950s
2854,2855,18667945,#GIRLBOSS,author_sophia_amoruso,decade_2010s
2855,2856,2485785,The Secret Life of CeeCee Wilkes,author_diane_chamberlain,decade_2000s
2856,2857,188230,Crocodile on the Sandbank (Amelia Peabody #1),author_elizabeth_peters,decade_1970s
2857,2858,6070950,"Bed of Roses (Bride Quartet, #2)",author_nora_roberts,decade_2000s
2858,2859,19670,"Debt of Honor (Jack Ryan Universe, #8)",author_tom_clancy,decade_1990s
2859,2860,17343,Till We Have Faces,author_cs_lewis,decade_1950s
2860,2861,224500,"Point Blank (Alex Rider, #2)",author_anthony_horowitz,decade_2000s
2862,2863,93794,"The Kill Artist (Gabriel Allon, #1)",author_daniel_silva,decade_2000s
2863,2864,490867,"Knuffle Bunny: A Cautionary Tale (Knuffle Bunny, #1)",author_mo_willems,decade_2000s
2864,2865,47558,"The Gashlycrumb Tinies (The Vinegar Works, #1)",author_edward_gorey,decade_1960s
2865,2866,13147230,"The Long Earth (The Long Earth, #1)",author_terry_pratchett author_stephen_baxter,decade_2010s
2866,2867,1319,The War of Art: Break Through the Blocks & Win Your Inner Creative Battles,author_steven_pressfield author_robert_mckee,decade_2000s
2867,2868,13223520,"Existence (Existence Trilogy, #1)",author_abbi_glines,decade_2000s
2868,2869,11438,What We Talk About When We Talk About Love,author_raymond_carver,decade_1980s
2869,2870,104379,That Summer,author_sarah_dessen,decade_1990s
2870,2871,10790290,"Theft of Swords (The Riyria Revelations, #1-2)",author_michael_j_sullivan,decade_2010s
2871,2872,17286747,"Necessary Lies (Necessary Lies, #1)",author_diane_chamberlain,decade_2010s
2872,2873,218467,Lucifer's Hammer,author_larry_niven author_jerry_pournelle,decade_1970s
2873,2874,114144,Montana Sky,author_nora_roberts,decade_1990s
2874,2875,31548,Of Human Bondage,author_w_somerset_maugham author_benjamin_demott author_maeve_binchy,decade_1910s
2875,2876,18879761,I Was Here,author_gayle_forman,decade_2010s
2876,2877,99110,"The Complete Tales and Poems of Winnie-the-Pooh (Winnie-the-Pooh, #1-4)",author_aa_milne author_ernest_h_shepard,decade_1960s
2877,2878,32527,"Alone (Detective D.D. Warren, #1)",author_lisa_gardner,decade_2000s
2879,2880,17383994,"Divergent Series Complete Box Set (Divergent, #1-3)",author_veronica_roth,decade_2010s
2880,2881,116296,"Making Money (Discworld, #36; Moist Von Lipwig, #2)",author_terry_pratchett,decade_2000s
2881,2882,7074000,"Happy Ever After (Bride Quartet, #4)",author_nora_roberts,decade_2010s
2882,2883,10908,Harvesting the Heart,author_jodi_picoult,decade_1990s
2883,2884,16150830,"Never Fade (The Darkest Minds, #2)",author_alexandra_bracken,decade_2010s
2884,2885,3257136,Dewey: The Small-Town Library Cat Who Touched the World,author_vicki_myron author_bret_witter,decade_2000s
2885,2886,16248113,"The School for Good and Evil (The School for Good and Evil, #1)",author_soman_chainani,decade_2010s
2886,2887,30259,"For a Few Demons More (The Hollows, #5)",author_kim_harrison,decade_2000s
2887,2888,20821043,"The Secret Place (Dublin Murder Squad, #5)",author_tana_french,decade_2010s
2888,2889,6604209,"Mistborn Trilogy Boxed Set (Mistborn, #1-3)",author_brandon_sanderson,decade_2000s
2889,2890,227729,"The Coffin Dancer (Lincoln Rhyme, #2)",author_jeffery_deaver,decade_1990s
2890,2891,6545536,"The Emperor's Code (The 39 Clues, #8)",author_gordon_korman,decade_2010s
2892,2893,11082037,"The Drop (Harry Bosch, #17; Harry Bosch Universe, #21)",author_michael_connelly,decade_2010s
2893,2894,500503,"Sailor Moon, #1 (Sailor Moon, #1)",author_naoko_takeuchi,decade_1990s
2894,2895,17331349,Think Like a Freak,author_steven_d_levitt author_stephen_j_dubner,decade_2010s
2895,2896,13436373,Drama,author_raina_telgemeier author_gurihiru,decade_2010s
2896,2897,3110,Assassination Vacation,author_sarah_vowell,decade_2000s
2897,2898,92121,Nine Princes in Amber (The Chronicles of Amber #1),author_roger_zelazny,decade_1970s
2898,2899,18144053,The Museum of Extraordinary Things,author_alice_hoffman,decade_2010s
2899,2900,3220405,"Ender in Exile (Ender's Saga, #1.2)",author_orson_scott_card,decade_2000s
2900,2901,421129,"Undead and Unwed (Undead, #1)",author_maryjanice_davidson,decade_2000s
2901,2902,4005,The Fifth Mountain,author_paulo_coelho,decade_1990s
2902,2903,35519,The Power of Myth,author_joseph_campbell author_bill_moyers,decade_1980s
2903,2904,21418013,"Lock In (Lock In, #1)",author_john_scalzi,decade_2010s
2904,2905,17380041,Longbourn,author_jo_baker,decade_2010s
2905,2906,21412202,As You Wish: Inconceivable Tales from the Making of The Princess Bride,author_cary_elwes author_joe_layden author_various author_rob_reiner,decade_2010s
2907,2908,13522285,The Beginning of Everything,author_robyn_schneider,decade_2010s
2908,2909,6389704,"In Too Deep (The 39 Clues, #6)",author_jude_watson,decade_2000s
2909,2910,138269,Catch Me If You Can: The True Story of a Real Fake,author_frank_w_abagnale author_stan_redding,decade_1980s
2910,2911,30248,"Narcissus in Chains (Anita Blake, Vampire Hunter, #10)",author_laurell_k_hamilton,decade_2000s
2911,2912,119760,The Seat of the Soul,author_gary_zukav,decade_1980s
2912,2913,16099159,"Claim Me (Stark Trilogy, #2)",author_j_kenner,decade_2010s
2913,2914,3483,Special Topics in Calamity Physics,author_marisha_pessl,decade_2000s
2914,2915,18498558,Bird Box,author_josh_malerman,decade_2010s
2915,2916,12476820,"Partials (Partials Sequence, #1)",author_dan_wells,decade_2010s
2916,2917,72223,The Worst Hard Time: The Untold Story of Those Who Survived the Great American Dust Bowl,author_timothy_egan,decade_2000s
2917,2918,17802747,What She Left Behind,author_ellen_marie_wiseman,decade_2010s
2918,2919,3047850,"Wicked (Pretty Little Liars, #5)",author_sara_shepard,decade_2000s
2919,2920,184655,"Transfer of Power (Mitch Rapp, #3)",author_vince_flynn,decade_1990s
2920,2921,395090,Ariel,author_sylvia_plath,decade_1960s
2921,2922,13223349,"Batman, Volume 1: The Court of Owls",author_scott_snyder author_greg_capullo author_jonathan_glapion,decade_2010s
2922,2923,33457,"Practical Demonkeeping (Pine Cove, #1)",author_christopher_moore,decade_1990s
2923,2924,46438,"The Last Templar (Templar, #1)",author_raymond_khoury,decade_2000s
2924,2925,6534932,Official Book Club Selection: A Memoir According to Kathy Griffin,author_kathy_griffin,decade_2000s
2925,2926,240976,The Book of Laughter and Forgetting,author_milan_kundera author_aaron_asher,decade_1970s
2926,2927,479415,The Horse Whisperer,author_nicholas_evans,decade_1990s
2928,2929,3047851,"Wanted (Pretty Little Liars, #8)",author_sara_shepard,decade_2010s
2929,2930,1225621,"The Outlaw Demon Wails (The Hollows, #6)",author_kim_harrison,decade_2000s
2930,2931,433567,Flatland: A Romance of Many Dimensions,author_edwin_a_abbott author_banesh_hoffmann,decade_1880s
2931,2932,7728889,"The Diviners (The Diviners, #1)",author_libba_bray,decade_2010s
2932,2933,3798703,The Spectacular Now,author_tim_tharp,decade_2000s
2933,2934,14142,The Art of Loving,author_erich_fromm author_peter_d_kramer author_rainer_funk,decade_1950s
2935,2936,64218,"Eric (Discworld, #9; Rincewind #4)",author_terry_pratchett,decade_1990s
2936,2937,25102,A Game of You (The Sandman #5),author_neil_gaiman author_shawn_mcmanus author_colleen_doran author_bryan_talbot author_george_pratt author_stan_woch author_dick_giordano author_todd_klein,decade_1990s
2938,2939,16729,Beach Music,author_pat_conroy,decade_1970s
2939,2940,46601,"An Echo in the Darkness (Mark of the Lion, #2)",author_francine_rivers,decade_1990s
2940,2941,16429619,"The Kiss of Deception (The Remnant Chronicles, #1)",author_mary_e_pearson,decade_2010s
2941,2942,42933,"Tai-Pan (Asian Saga, #2)",author_james_clavell,decade_1960s
2942,2943,8573020,The Weird Sisters,author_eleanor_brown,decade_2010s
2943,2944,34498,"The Truth (Discworld, #25; Industrial Revolution, #2)",author_terry_pratchett,decade_2000s
2944,2945,10762469,The Leftovers,author_tom_perrotta,decade_2010s
2945,2946,66354,Flow: The Psychology of Optimal Experience,author_mihaly_csikszentmihalyi,decade_1990s
2946,2947,23454,"Dragons of Winter Night (Dragonlance: Chronicles, #2)",author_margaret_weis author_tracy_hickman,decade_1980s
2948,2949,693016,"Mine Till Midnight (The Hathaways, #1)",author_lisa_kleypas,decade_2000s
2949,2950,96123,All the President's Men,author_carl_bernstein author_bob_woodward,decade_1970s
2950,2951,7263429,Wolfsbane (Nightshade #2; Nightshade World #5),author_andrea_cremer,decade_2010s
2951,2952,20564,The Mill on the Floss,author_george_eliot author_as_byatt,decade_1860s
2952,2953,7334201,Super Sad True Love Story,author_gary_shteyngart,decade_2010s
2954,2955,13570854,"Lover at Last (Black Dagger Brotherhood, #11)",author_jr_ward,decade_2010s
2955,2956,10661081,Vampire Academy: The Ultimate Guide (Vampire Academy),author_michelle_rowen author_richelle_mead,decade_2010s
2956,2957,121732,Surprised by Joy: The Shape of My Early Life,author_cs_lewis,decade_1950s
2957,2958,24113,"Gödel, Escher, Bach: An Eternal Golden Braid",author_douglas_r_hofstadter,decade_1970s
2958,2959,153780,"Trickster's Queen (Daughter of the Lioness, #2)",author_tamora_pierce,decade_2000s
2959,2960,95819,"The Poetry of Robert Frost (Collected Poems, Complete & Unabridged)",author_robert_frost author_edward_connery_lathem,decade_1960s
2960,2961,8953,"Freak the Mighty (Freak The Mighty, #1)",author_rodman_philbrick,decade_1990s
2961,2962,15790873,"This Is What Happy Looks Like (This is What Happy Looks Like, #1)",author_jennifer_e_smith,decade_2010s
2962,2963,53817,What's So Amazing About Grace?,author_philip_yancey,decade_1990s
2963,2964,10816297,"Kill Shot (Mitch Rapp, #2)",author_vince_flynn,decade_2010s
2964,2965,74389,"The Plains of Passage (Earth's Children, #4)",author_jean_m_auel,decade_1990s
2965,2966,17733898,"Hard Luck (Diary of a Wimpy Kid, #8)",author_jeff_kinney,decade_2010s
2966,2967,9838,The Bookseller of Kabul,author_sne_seierstad author_ingrid_christopherson,decade_2000s
2967,2968,833710,"The Merchant of Death (Pendragon, #1)",author_dj_machale,decade_2000s
2968,2969,4703581,The City & the City,author_china_miville,decade_2000s
2970,2971,4345498,"Magic Strikes (Kate Daniels, #3)",author_ilona_andrews,decade_2000s
2971,2972,15748898,"My Favorite Mistake (My Favorite Mistake, #1)",author_chelsea_m_cameron,decade_2010s
2972,2973,124918,Airport,author_arthur_hailey,decade_1960s
2973,2974,7201913,"Angel (Maximum Ride, #7)",author_james_patterson,decade_2010s
2974,2975,4983,Kurt Vonnegut's Cat's Cradle (Modern Critical Interpretations),author_harold_bloom author_terry_southern author_david_h_goldsmith author_james_lundquist author_lawrence_r_broer author_peter_j_reed author_loree_rackstraw author_william_s_doxey author_jerome_klinkowitz author_richard_giannone author_john_l_simons author_leonard_mustazza author_zoltan_ab_dinagy author_peter_freese author_wendy_b_faris,decade_2000s
2975,2976,91248,"Ramona the Brave (Ramona, #3)",author_beverly_cleary author_alan_tiegreen,decade_1970s
2976,2977,216422,The Last Command,author_timothy_zahn,decade_1990s
2977,2978,13578175,The Emperor's Soul,author_brandon_sanderson,decade_2010s
2978,2979,2906039,Just After Sunset,author_stephen_king,decade_2000s
2979,2980,201114,Sold,author_patricia_mccormick,decade_2000s
2980,2981,552887,"Double Cross (Alex Cross, #13)",author_james_patterson,decade_2000s
2981,2982,27822,Eugene Onegin,author_alexander_pushkin author_james_e_falen,decade_1830s
2982,2983,13138635,"These Broken Stars (Starbound, #1)",author_amie_kaufman author_meagan_spooner,decade_2010s
2983,2984,2986865,"Eon: Dragoneye Reborn (Eon, #1)",author_alison_goodman,decade_2000s
2985,2986,7933615,"Hidden (House of Night, #10)",author_pc_cast author_kristin_cast,decade_2010s
2986,2987,11454587,"Spell Bound (Hex Hall, #3)",author_rachel_hawkins,decade_2010s
2987,2988,32979,"The Secret of the Old Clock (Nancy Drew, #1)",author_carolyn_keene author_russell_h_tandy author_sara_paretsky,decade_1930s
2988,2989,33810,"Plum Island (John Corey, #1)",author_nelson_demille,decade_1990s
2990,2991,10911,Second Glance,author_jodi_picoult,decade_2000s
2991,2992,94803,"Frog and Toad Together (Frog and Toad, #2)",author_arnold_lobel,decade_1970s
2992,2993,6219656,The Lottery,author_shirley_jackson,decade_1940s
2993,2994,58822,"Big Stone Gap (Big Stone Gap, #1)",author_adriana_trigiani,decade_2000s
2994,2995,74824,"The Alexandria Link (Cotton Malone, #2)",author_steve_berry,decade_2000s
2995,2996,7896345,"The Gathering (Darkness Rising, #1)",author_kelley_armstrong,decade_2010s
2996,2997,9833184,"The Fiery Heart (Bloodlines, #4)",author_richelle_mead,decade_2010s
2997,2998,6479550,"Magic Bleeds (Kate Daniels, #4)",author_ilona_andrews,decade_2010s
2998,2999,25152052,The Japanese Lover,author_isabel_allende author_nick_caistor author_amanda_hopkinson,decade_2010s
2999,3000,47990,"Jingo (Discworld, #21; City Watch, #4)",author_terry_pratchett,decade_1990s
3000,3001,704043,"Kiss of Midnight (Midnight Breed,  #1)",author_lara_adrian,decade_2000s
3001,3002,32071,Sons and Lovers,author_dh_lawrence author_geoff_dyer,decade_1910s
3002,3003,8155,A Woman of Substance (Emma Harte Saga #1),author_barbara_taylor_bradford,decade_1970s
3003,3004,15757434,"Crash (Crash, #1)",author_nicole__williams,decade_2010s
3004,3005,15791154,"The Hit (Will Robie, #2)",author_david_baldacci,decade_2010s
3005,3006,22200,"Count Zero (Sprawl, #2)",author_william_gibson,decade_1980s
3006,3007,24472,Peony in Love,author_lisa_see,decade_2000s
3007,3008,5231173,Twenty Boy Summer,author_sarah_ockler,decade_2000s
3009,3010,7058405,"The Ice Princess (Patrik Hedström, #1)",author_camilla_lckberg author_steven_t_murray,decade_2000s
3010,3011,22649,Bookends,author_jane_green,decade_2000s
3012,3013,88071,The Last Colony (Old Man's War #3),author_john_scalzi,decade_2000s
3013,3014,826582,If You Take a Mouse to School,author_laura_joffe_numeroff author_felicia_bond,decade_2000s
3014,3015,18593175,"Finding Cinderella (Hopeless, #2.5)",author_colleen_hoover,decade_2010s
3015,3016,9298,Last Chance Saloon,author_marian_keyes,decade_1990s
3016,3017,17156015,"Beauty from Pain (Beauty, #1)",author_georgia_cates,decade_2010s
3018,3019,77366,"The Hero and the Crown (Damar, #2)",author_robin_mckinley,decade_1980s
3019,3020,7723,The Metamorphosis and Other Stories,author_franz_kafka author_jason_baker author_donna_freed,decade_1910s
3020,3021,218357,The Space Between Us,author_thrity_umrigar,decade_2000s
3022,3023,4921,"Three Men in a Boat (Three Men, #1)",author_jerome_k_jerome,decade_1880s
3023,3024,214614,Desert Solitaire,author_edward_abbey,decade_1960s
3024,3025,6419,"Plum Lovin' (Stephanie Plum, #12.5)",author_janet_evanovich,decade_2000s
3025,3026,56454,Strengths Finder 2.0,author_tom_rath,decade_2000s
3026,3027,9570,Another Roadside Attraction,author_tom_robbins,decade_1970s
3027,3028,92163,Sarum: The Novel of England,author_edward_rutherfurd,decade_1980s
3028,3029,43328,Rage of Angels,author_sidney_sheldon,decade_1980s
3029,3030,8718952,"Vampire Academy Box Set (Vampire Academy, #1-4)",author_richelle_mead,decade_2010s
3030,3031,9395215,"Everlasting (The Immortals, #6)",author_alyson_noel,decade_2010s
3031,3032,17255435,"A Shade of Vampire (A Shade of Vampire, #1)",author_bella_forrest,decade_2010s
3032,3033,586472,The Right Stuff,author_tom_wolfe,decade_1970s
3033,3034,129645,Cocktails for Three,author_madeleine_wickham,decade_2000s
3034,3035,32255,"Vanish (Rizzoli & Isles, #5)",author_tess_gerritsen,decade_2000s
3035,3036,33441,"Fluke: Or, I Know Why the Winged Whale Sings",author_christopher_moore,decade_2000s
3036,3037,899492,The Tell-Tale Heart,author_edgar_allan_poe author_byron_glaser author_bill_d_fountain,decade_1840s
3037,3038,7362158,Girl in Translation,author_jean_kwok,decade_2010s
3038,3039,17565845,"Panic (Panic, #1)",author_lauren_oliver,decade_2010s
3039,3040,13146214,"Because of Low (Sea Breeze, #2)",author_abbi_glines,decade_2010s
3041,3042,217432,Between Sisters,author_kristin_hannah,decade_2000s
3042,3043,17920175,"Wayward (Wayward Pines, #2)",author_blake_crouch,decade_2010s
3044,3045,23305614,Finding Audrey,author_sophie_kinsella,decade_2010s
3045,3046,603422,"The Moosewood Cookbook: Recipes from Moosewood Restaurant, Ithaca, New York",author_mollie_katzen,decade_1970s
3046,3047,105551,Fox in Socks,author_dr_seuss,decade_1960s
3047,3048,2517,My Name is Red,author_orhan_pamuk author_erda_m_gknar,decade_1990s
3048,3049,78250,The Teachings of Don Juan: A Yaqui Way of Knowledge ,author_carlos_castaneda,decade_1960s
3049,3050,9509287,"The Sixth Man (Sean King & Michelle Maxwell, #5)",author_david_baldacci,decade_2010s
3051,3052,213647,"The Warrior Heir (The Heir Chronicles, #1)",author_cinda_williams_chima,decade_2000s
3052,3053,19004663,"Top Secret Twenty-One (Stephanie Plum, #21)",author_janet_evanovich,decade_2010s
3054,3055,16791,Death: The High Cost of Living Collected,author_neil_gaiman author_chris_bachalo author_mark_buckingham author_tori_amos,decade_1990s
3056,3057,13623150,"Destroy Me (Shatter Me, #1.5)",author_tahereh_mafi,decade_2010s
3057,3058,84839,"Gone (Quincy & Rainie, #5)",author_lisa_gardner,decade_2000s
3058,3059,40745,Mindset: The New Psychology of Success,author_carol_s_dweck,decade_2000s
3059,3060,5972040,Beyond the Grave (The 39 Clues #4),author_jude_watson,decade_2000s
3060,3061,26435,The Problem of Pain,author_cs_lewis,decade_1940s
3061,3062,2527900,"Nudge: Improving Decisions About Health, Wealth, and Happiness",author_richard_h_thaler author_cass_r_sunstein,decade_2000s
3062,3063,210329,"The Dark Is Rising (The Dark is Rising, #2)",author_susan_cooper,decade_1970s
3063,3064,23754479,Purity,author_jonathan_franzen,decade_2010s
3064,3065,32446,The Door to December,author_richard_paige author_dean_koontz,decade_1980s
3065,3066,53625,"Four Blind Mice (Alex Cross, #8)",author_james_patterson,decade_2000s
3067,3068,9595,"Slapstick, or Lonesome No More!",author_kurt_vonnegut_jr,decade_1970s
3068,3069,38315,Fooled by Randomness: The Hidden Role of Chance in Life and in the Markets,author_nassim_nicholas_taleb,decade_2000s
3069,3070,14975,"Labyrinth (Languedoc, #1)",author_kate_mosse,decade_2000s
3070,3071,7493,Founding Brothers: The Revolutionary Generation,author_joseph_j_ellis,decade_2000s
3071,3072,76679,Forward the Foundation (Foundation: Prequel #2),author_isaac_asimov,decade_1990s
3073,3074,16142053,"Going Clear: Scientology, Hollywood, and the Prison of Belief",author_lawrence_wright,decade_2010s
3074,3075,7619292,"Twilight: The Graphic Novel, Vol. 1 (Twilight: The Graphic Novel, #1)",author_young_kim author_stephenie_meyer,decade_2010s
3075,3076,56034,The French Lieutenant's Woman,author_john_fowles,decade_1960s
3076,3077,732562,The Rime of the Ancient Mariner,author_samuel_taylor_coleridge author_gustave_dor,decade_1790s
3077,3078,240130,The Paper Bag Princess,author_robert_munsch author_michael_martchenko,decade_1980s
3078,3079,163977,Tortilla Flat,author_john_steinbeck,decade_1930s
3079,3080,23814,"King Solomon's Mines (Allan Quatermain, #1)",author_h_rider_haggard,decade_1880s
3080,3081,12647642,"Love Unrehearsed (Love, #2)",author_tina_reber,decade_2010s
3081,3082,25105,Brief Lives (The Sandman #7),author_neil_gaiman author_jill_thompson author_vince_locke author_peter_straub,decade_1990s
3082,3083,3934321,"Nightfall (The Vampire Diaries: The Return, #1)",author_lj_smith,decade_2000s
3083,3084,3467,"The People of Sparks (Book of Ember, #2)",author_jeanne_duprau,decade_2000s
3084,3085,5954,Narcissus and Goldmund,author_hermann_hesse author_ursule_molinaro,decade_1930s
3085,3086,25106,Fables and Reflections (The Sandman #6),author_neil_gaiman author_bryan_talbot author_stan_woch author_p_craig_russell author_shawn_mcmanus author_john_watkiss author_jill_thompson author_duncan_eagleson author_kent_williams author_todd_klein,decade_1990s
3086,3087,17199504,"The Bone Season (The Bone Season, #1)",author_samantha_shannon,decade_2010s
3087,3088,31250,Little Dorrit,author_charles_dickens author_helen_small author_stephen_wall,decade_1850s
3089,3090,50833,Valley of the Dolls,author_jacqueline_susann,decade_1960s
3090,3091,12657,The Source,author_james_a_michener,decade_1960s
3091,3092,4954,You Shall Know Our Velocity!,author_dave_eggers,decade_2000s
3093,3094,201126,We're Going on a Bear Hunt,author_michael_rosen author_helen_oxenbury,decade_1980s
3095,3096,673657,"Guardians of the West (The Malloreon, #1)",author_david_eddings,decade_1980s
3096,3097,7076706,The Search,author_nora_roberts,decade_2010s
3097,3098,13147,"Honeymoon (Honeymoon, #1)",author_james_patterson author_howard_roughan,decade_2000s
3098,3099,45252,Pandora's Star,author_peter_f_hamilton,decade_2000s
3099,3100,322351,How to Eat Fried Worms,author_thomas_rockwell,decade_1970s
3100,3101,269322,The Raven and other poems,author_edgar_allan_poe author_philip_pullman,decade_1840s
3101,3102,6335026,The Weight of Silence,author_heather_gudenkauf,decade_2000s
3102,3103,22522808,Trigger Warning: Short Fictions and Disturbances,author_neil_gaiman,decade_2010s
3103,3104,106590,Lincoln,author_david_herbert_donald,decade_1990s
3104,3105,1811543,"Magic Burns (Kate Daniels, #2)",author_ilona_andrews,decade_2000s
3105,3106,3698,The Quiet American,author_graham_greene author_robert__stone,decade_1950s
3106,3107,16062211,"The Proposition (The Proposition, #1)",author_katie_ashley,decade_2010s
3107,3108,6541,"Cause of Death (Kay Scarpetta, #7)",author_patricia_cornwell,decade_1990s
3108,3109,77430,Master and Commander,author_patrick_obrian,decade_1960s
3109,3110,969275,"Dragon Ball, Vol. 1: The Monkey King (Dragon Ball, #1)",author_akira_toriyama,decade_1980s
3110,3111,89187,Revelation Space,author_alastair_reynolds,decade_2000s
3111,3112,7134202,"Private (Private, #1)",author_james_patterson author_maxine_paetro,decade_2010s
3112,3113,8205669,"Wicked Appetite (Lizzy & Diesel, #1)",author_janet_evanovich,decade_2000s
3113,3114,6054449,"Tales from a Not-So-Fabulous Life (Dork Diaries, #1)",author_rachel_rene_russell,decade_2000s
3114,3115,14384,A Hunger Like No Other (Immortals After Dark #2),author_kresley_cole,decade_2000s
3115,3116,10345927,"A Million Suns (Across the Universe, #2)",author_beth_revis,decade_2010s
3116,3117,28251,"The High Lord (Black Magician Trilogy, #3)",author_trudi_canavan,decade_2000s
3117,3118,17383934,The Valley of Amazement,author_amy_tan,decade_2010s
3118,3119,3465,Three Weeks With My Brother,author_nicholas_sparks author_micah_sparks,decade_2000s
3119,3120,24781,The High King (The Chronicles of Prydain #5),author_lloyd_alexander,decade_1960s
3120,3121,9462812,"Die for Me (Revenants, #1)",author_amy_plum,decade_2010s
3122,3123,2159,Confessions of an Economic Hit Man,author_john_perkins,decade_2000s
3123,3124,426504,Ficciones,author_jorge_luis_borges author_anthony_kerrigan author_anthony_bonner,decade_1940s
3124,3125,37304,"Winter Prey (Lucas Davenport, #5)",author_john_sandford,decade_1990s
3125,3126,4625,The Complete Short Stories,author_ernest_hemingway,decade_1920s
3126,3127,50033,"Dandelion Wine (Green Town, #1)",author_ray_bradbury,decade_1950s
3127,3128,43782,The Mummy (Ramses the Damned #1),author_anne_rice,decade_1980s
3128,3129,6570502,Switch: How to Change Things When Change Is Hard,author_chip_heath author_dan_heath,decade_2010s
3129,3130,24228353,Trail of Broken Wings,author_sejal_badani,decade_2010s
3130,3131,243705,The Collector,author_john_fowles,decade_1960s
3131,3132,183660,Fairest,author_gail_carson_levine,decade_2000s
3132,3133,9594,Timequake,author_kurt_vonnegut_jr,decade_1990s
3134,3135,17262366,"One Summer: America, 1927",author_bill_bryson,decade_2010s
3135,3136,41967,Evening Class,author_maeve_binchy,decade_1990s
3136,3137,34919,"The Talismans of Shannara (Heritage of Shannara, #4)",author_terry_brooks,decade_1990s
3138,3139,226378,A Hero of Our Time,author_mikhail_lermontov author_paul_foote,decade_1840s
3139,3140,9943,The Atonement Child,author_francine_rivers,decade_1990s
3141,3142,40923,Theodore Rex,author_edmund_morris,decade_2000s
3142,3143,10222,The Far Pavilions,author_mm_kaye,decade_1970s
3143,3144,2211221,"Nothing to Lose (Jack Reacher, #12)",author_lee_child,decade_2000s
3144,3145,17448960,"Falling into You (Falling, #1)",author_jasinda_wilder,decade_2010s
3145,3146,20819682,Adultery,author_paulo_coelho,decade_2010s
3146,3147,22443261,"The Rithmatist (The Rithmatist, #1)",author_brandon_sanderson,decade_2010s
3147,3148,42172,The Christmas Shoes (Christmas Hope #1),author_donna_vanliere,decade_2000s
3148,3149,196613,Skinny Bitch,author_rory_freedman author_kim_barnouin,decade_2000s
3149,3150,12299419,"Mystery Man (Dream Man, #1)",author_kristen_ashley,decade_2010s
3150,3151,899962,Curious George Goes to the Hospital,author_margret_rey author_ha_rey,decade_1960s
3151,3152,2054761,The Snowball: Warren Buffett and the Business of Life,author_alice_schroeder,decade_2000s
3152,3153,107779,"The Bride (Lairds' Fiancées, #1)",author_julie_garwood,decade_1980s
3153,3154,2836109,"Erak's Ransom (Ranger's Apprentice, #7)",author_john_flanagan,decade_2000s
3154,3155,18114060,Missing You,author_harlan_coben,decade_2010s
3155,3156,11691,Snow,author_orhan_pamuk author_maureen_freely,decade_2000s
3156,3157,6348045,"Halt's Peril (Ranger's Apprentice, #9)",author_john_flanagan,decade_2000s
3157,3158,715834,"The Apprentice (Rizzoli & Isles, #2)",author_tess_gerritsen,decade_2000s
3158,3159,1127996,Betty Crocker's Cookbook,author_betty_crocker,decade_1960s
3159,3160,359410,Elsewhere,author_gabrielle_zevin,decade_2000s
3160,3161,11737271,Stay Close,author_harlan_coben,decade_2010s
3161,3162,13133,The Quickie,author_james_patterson author_michael_ledwidge,decade_2000s
3162,3163,45169,"Step on a Crack (Michael Bennett, #1)",author_james_patterson author_michael_ledwidge,decade_2000s
3163,3164,15937108,Counting by 7s,author_holly_goldberg_sloan,decade_2010s
3164,3165,6421588,"Hourglass (Evernight, #3)",author_claudia_gray,decade_2010s
3165,3166,139417,"A Kiss of Shadows (Merry Gentry, #1)",author_laurell_k_hamilton,decade_2000s
3166,3167,777211,"Executive Power (Mitch Rapp, #6)",author_vince_flynn,decade_2000s
3167,3168,6781956,"Savor the Moment (Bride Quartet, #3)",author_nora_roberts author_angela_dawe,decade_2010s
3169,3170,954674,Little Brother,author_cory_doctorow,decade_2000s
3170,3171,136081,"Dearly Devoted Dexter (Dexter, #2)",author_jeff_lindsay,decade_2000s
3172,3173,22716194,Inside the O'Briens,author_lisa_genova,decade_2010s
3173,3174,175983,"Memories of Ice (The Malazan Book of the Fallen, #3)",author_steven_erikson,decade_2000s
3174,3175,2029927,"Odd Hours (Odd Thomas, #4)",author_dean_koontz,decade_2000s
3175,3176,261122,"The Dead Girls' Dance (The Morganville Vampires, #2)",author_rachel_caine,decade_2000s
3176,3177,13834,"The Realms of the Gods (Immortals, #4)",author_tamora_pierce,decade_1990s
3177,3178,4922079,"One Second After (After, #1)",author_william_r_forstchen,decade_2000s
3178,3179,385706,"Gregor and the Curse of the Warmbloods (Underland Chronicles, #3)",author_suzanne_collins,decade_2000s
3179,3180,9279177,The Lover's Dictionary,author_david_levithan,decade_2010s
3180,3181,32525,Art Through the Ages ,author_helen_gardner author_fred_s_kleiner author_christin_j_mamiya,decade_1920s
3181,3182,15567,"The Wishsong of Shannara (The Original Shannara Trilogy, #3)",author_terry_brooks,decade_1980s
3182,3183,2498983,The Darkest Kiss (Lords of the Underworld #2),author_gena_showalter,decade_2000s
3183,3184,2200877,The Sugar Queen,author_sarah_addison_allen,decade_2000s
3184,3185,9761771,"Pure (Covenant, #2)",author_jennifer_l_armentrout,decade_2010s
3187,3188,9595620,"Hammered (The Iron Druid Chronicles, #3)",author_kevin_hearne,decade_2010s
3188,3189,14383,No Rest for the Wicked (Immortals After Dark #3),author_kresley_cole,decade_2000s
3189,3190,3313418,"Extreme Measures (Mitch Rapp, #11)",author_vince_flynn,decade_2000s
3190,3191,23093367,"Saga, Vol. 4 (Saga, #4)",author_brian_k_vaughan author_fiona_staples,decade_2010s
3191,3192,18528454,"A Beautiful Wedding (Beautiful, #2.5)",author_jamie_mcguire,decade_2010s
3192,3193,16071701,Bad Monkey,author_carl_hiaasen,decade_2010s
3193,3194,16099180,Sisterland,author_curtis_sittenfeld,decade_2010s
3194,3195,6224826,"Juliet, Naked",author_nick_hornby,decade_2000s
3195,3196,801178,Chicken Soup for the Soul,author_jack_canfield author_mark_victor_hansen,decade_1990s
3196,3197,7039,"Tears of the Giraffe (No. 1 Ladies' Detective Agency, #2)",author_alexander_mccall_smith,decade_2000s
3197,3198,49350,"The Concrete Blonde (Harry Bosch, #3; Harry Bosch Universe, #3)",author_michael_connelly,decade_1990s
3198,3199,13612739,"Seduced in the Dark (The Dark Duet, #2)",author_cj_roberts,decade_2010s
3199,3200,34541,Carpe Jugulum (Discworld #23; Witches #6),author_terry_pratchett,decade_1990s
3200,3201,6388558,The Warlord Wants Forever (Immortals After Dark #1),author_kresley_cole,decade_2000s
3201,3202,9601,Bluebeard,author_kurt_vonnegut_jr,decade_1980s
3202,3203,120253,Good Faeries/Bad Faeries,author_brian_froud author_terry_windling,decade_1990s
3204,3205,550844,Cycle of the Werewolf,author_stephen_king author_bernie_wrightson,decade_1980s
3205,3206,91357,The Devil's Arithmetic,author_jane_yolen,decade_1980s
3206,3207,248787,The World Without Us,author_alan_weisman,decade_2000s
3207,3208,239186,"Isaac's Storm: A Man, a Time, and the Deadliest Hurricane in History",author_erik_larson,decade_1990s
3208,3209,23341607,The Rumor,author_elin_hilderbrand,decade_2010s
3209,3210,18839,Orlando,author_virginia_woolf,decade_1920s
3210,3211,2410506,Thanks for the Memories,author_cecelia_ahern,decade_2000s
3212,3213,26050,Angels Fall,author_nora_roberts,decade_2000s
3213,3214,6339304,"Pursuit of Honor (Mitch Rapp, #12)",author_vince_flynn,decade_2000s
3214,3215,2299110,Acheron (Dark-Hunter #14),author_sherrilyn_kenyon,decade_2000s
3215,3216,6135237,South of Broad,author_pat_conroy,decade_2000s
3217,3218,3657138,"Fade (Wake, #2)",author_lisa_mcmann,decade_2000s
3218,3219,775346,The Little Friend,author_donna_tartt,decade_2000s
3219,3220,3165162,"Percy Jackson and the Olympians (Percy Jackson and the Olympians, #1-3)",author_rick_riordan,decade_2000s
3220,3221,2133795,"Savvy (Savvy, #1)",author_ingrid_law,decade_2000s
3221,3222,4452257,The Book of Basketball: The NBA According to The Sports Guy,author_bill_simmons,decade_2000s
3222,3223,13151,"London Bridges (Alex Cross, #10)",author_james_patterson,decade_2000s
3224,3225,634583,Wings of Fire: An Autobiography,author_apj_abdul_kalam author_arun_tiwari,decade_1990s
3226,3227,13588394,The Signal and the Noise: Why So Many Predictions Fail - But Some Don't,author_nate_silver,decade_2010s
3227,3228,25614492,Salt to the Sea,author_ruta_sepetys,decade_2010s
3228,3229,16319,"The Body in the Library (Miss Marple, #3)",author_agatha_christie,decade_1940s
3229,3230,119,The Lord of the Rings: The Art of The Fellowship of the Ring,author_gary_russell,decade_2000s
3230,3231,8379374,"Backstage Pass (Sinners on Tour, #1)",author_olivia_cunning,decade_2010s
3231,3232,189182,The Story About Ping,author_marjorie_flack author_kurt_wiese,decade_1930s
3235,3236,17345258,The All-Girl Filling Station's Last Reunion,author_fannie_flagg,decade_2010s
3236,3237,25354,Bastard Out of Carolina,author_dorothy_allison,decade_1990s
3237,3238,9464733,Beauty Queens,author_libba_bray,decade_2010s
3238,3239,4699575,"Daemon (Daemon, #1)",author_daniel_suarez,decade_2000s
3239,3240,4035,The Burden of Proof,author_scott_turow,decade_1990s
3240,3241,22299763,"Crooked Kingdom (Six of Crows, #2)",author_leigh_bardugo,decade_2010s
3242,3243,333867,The Stars My Destination,author_alfred_bester author_neil_gaiman,decade_1950s
3243,3244,24431,"Trickster's Choice (Daughter of the Lioness, #1)",author_tamora_pierce,decade_2000s
3244,3245,15839984,"Cruel Beauty (Cruel Beauty Universe, #1)",author_rosamund_hodge,decade_2010s
3245,3246,11289,"The Rise of Endymion (Hyperion Cantos, #4)",author_dan_simmons,decade_1990s
3246,3247,3977,"Endymion (Hyperion Cantos, #3)",author_dan_simmons,decade_1990s
3247,3248,920607,The Arrival,author_shaun_tan,decade_2000s
3248,3249,15704486,"Calamity (The Reckoners, #3)",author_brandon_sanderson,decade_2010s
3249,3250,10873,Shopgirl,author_steve_martin,decade_2000s
3251,3252,24580,The Adventures of Tom Sawyer & Adventures of Huckleberry Finn,author_mark_twain,decade_1870s
3252,3253,15701217,The Woman Upstairs,author_claire_messud,decade_2010s
3253,3254,74731,"The Stupidest Angel: A Heartwarming Tale of Christmas Terror (Pine Cove, #3)",author_christopher_moore,decade_2000s
3257,3258,116012,Carolina Moon,author_nora_roberts,decade_2000s
3258,3259,16138688,The Painted Girls,author_cathy_marie_buchanan,decade_2010s
3259,3260,13402447,"UnEnchanted (An Unfortunate Fairy Tale, #1)",author_chanda_hahn,decade_2010s
3260,3261,7897478,"The Bedwetter: Stories of Courage, Redemption, and Pee",author_sarah_silverman,decade_2010s
3261,3262,2247142,"The Talented Mr. Ripley (Ripley, #1)",author_patricia_highsmith,decade_1950s
3262,3263,8662836,"Chain Reaction (Perfect Chemistry, #3)",author_simone_elkeles,decade_2010s
3263,3264,390711,"Noble House (Asian Saga, #5)",author_james_clavell,decade_1980s
3264,3265,28866,"Dark Prince (Dark, #1)",author_christine_feehan,decade_1990s
3266,3267,16131077,The Shining Girls,author_lauren_beukes,decade_2010s
3267,3268,1128178,The Zookeeper's Wife,author_diane_ackerman,decade_2000s
3268,3269,24499258,Slade House,author_david_mitchell,decade_2010s
3269,3270,18170143,An Astronaut's Guide to Life on Earth,author_chris_hadfield,decade_2010s
3270,3271,2321296,"Ink Exchange (Wicked Lovely, #2)",author_melissa_marr,decade_2000s
3272,3273,5347,Bleachers,author_john_grisham,decade_2000s
3273,3274,206962,Hop On Pop,author_dr_seuss,decade_1960s
3274,3275,8,"Harry Potter Boxed Set, Books 1-5 (Harry Potter, #1-5)",author_jk_rowling author_mary_grandpr,decade_2000s
3275,3276,103983,"Skeleton Key (Alex Rider, #3)",author_anthony_horowitz,decade_2000s
3276,3277,43930,Gone for Good,author_harlan_coben,decade_2000s
3277,3278,45101,"The Mad Ship (Liveship Traders, #2)",author_robin_hobb,decade_1990s
3278,3279,722864,"Inside the Human Body (The Magic School Bus, #3)",author_joanna_cole author_bruce_degen,decade_1980s
3279,3280,126507,"Lost Light (Harry Bosch, #9; Harry Bosch Universe, #11)",author_michael_connelly,decade_2000s
3280,3281,20578940,"The Iron Trial (Magisterium, #1)",author_holly_black author_cassandra_clare,decade_2010s
3281,3282,12962439,"A Game of Thrones: The Graphic Novel, Vol. 1",author_daniel_abraham author_george_rr_martin author_tommy_patterson,decade_2010s
3282,3283,7091370,"The Carrie Diaries (The Carrie Diaries, #1)",author_candace_bushnell,decade_2010s
3284,3285,17860199,"The World of Divergent: The Path to Allegiant (Divergent, #2.5)",author_veronica_roth,decade_2010s
3285,3286,228258,"Tribulation Force (Left Behind, #2)",author_tim_lahaye author_jerry_b_jenkins,decade_1990s
3286,3287,7015635,Food Rules: An Eater's Manual,author_michael_pollan,decade_2000s
3288,3289,263147,"Vampire Kisses (Vampire Kisses, #1)",author_ellen_schreiber,decade_2000s
3289,3290,16044981,"Fly Away (Firefly Lane, #2)",author_kristin_hannah,decade_2010s
3290,3291,28689,"Stone of Farewell (Memory, Sorrow, and Thorn, #2)",author_tad_williams,decade_1990s
3291,3292,76104,The Exploits of Sherlock Holmes,author_adrian_conan_doyle author_john_dickson_carr,decade_1950s
3293,3294,23156040,Those Who Leave and Those Who Stay (The Neapolitan Novels #3),author_elena_ferrante author_ann_goldstein,decade_2010s
3294,3295,28250,"The Novice (Black Magician Trilogy, #2)",author_trudi_canavan,decade_2000s
3295,3296,97782,Then We Came to the End,author_joshua_ferris,decade_2000s
3296,3297,17202452,"One Week Girlfriend (One Week Girlfriend, #1)",author_monica__murphy,decade_2010s
3297,3298,45102,"Ship of Destiny (Liveship Traders, #3)",author_robin_hobb,decade_2000s
3298,3299,15990489,A Week in Winter,author_maeve_binchy,decade_2010s
3300,3301,282356,"Hana-Kimi, Vol. 1 (Hana-Kimi, #1)",author_hisaya_nakajo author_david_ury,decade_1990s
3301,3302,13928,"Daughter of the Forest  (Sevenwaters, #1)",author_juliet_marillier,decade_1990s
3302,3303,556511,The Very Busy Spider,author_eric_carle,decade_1980s
3303,3304,37738,Freckle Juice,author_judy_blume,decade_1970s
3304,3305,7155145,Linchpin: Are You Indispensable?,author_seth_godin,decade_2010s
3306,3307,78508,The River of Doubt: Theodore Roosevelt's Darkest Journey,author_candice_millard,decade_2000s
3307,3308,4477,Complications: A Surgeon's Notes on an Imperfect Science,author_atul_gawande author_susanne_kuhlmannkrieg,decade_2000s
3308,3309,7779059,"Side Jobs: Stories from the Dresden Files (The Dresden Files, #12.5)",author_jim_butcher,decade_2010s
3310,3311,690866,The Hundred Secret Senses,author_amy_tan,decade_1990s
3311,3312,23638955,Pretty Baby,author_mary_kubica,decade_2010s
3312,3313,2595138,The Gargoyle,author_andrew_davidson,decade_2000s
3313,3314,823,"Quicksilver (The Baroque Cycle, #1)",author_neal_stephenson,decade_2000s
3314,3315,17287028,My Story,author_elizabeth__smart author_chris_stewart,decade_2010s
3315,3316,176327,"The Fairy-Tale Detectives (The Sisters Grimm, #1)",author_michael_buckley author_peter_ferguson,decade_2000s
3316,3317,149847,Mort: The Play,author_terry_pratchett author_stephen_briggs,decade_1990s
3317,3318,6909544,"Birthmarked (Birthmarked, #1)",author_caragh_m_obrien,decade_2010s
3318,3319,284440,"Skulduggery Pleasant (Skulduggery Pleasant, #1)",author_derek_landy author_tom_percival,decade_2000s
3320,3321,7805,Pale Fire,author_vladimir_nabokov,decade_1960s
3321,3322,89788,The Lady and the Unicorn,author_tracy_chevalier,decade_2000s
3322,3323,5338,A Christmas Carol and Other Christmas Writings,author_charles_dickens author_michael_slater,decade_1840s
3323,3324,18007533,One More Thing: Stories and Other Stories,author_bj_novak,decade_2010s
3324,3325,7557548,Men at Arms: The Play,author_terry_pratchett author_stephen_briggs,decade_1990s
3325,3326,5212771,"Carpe Corpus (The Morganville Vampires, #6)",author_rachel_caine,decade_2000s
3326,3327,16120760,The Shock of the Fall,author_nathan_filer,decade_2010s
3327,3328,13597728,"Asylum (Asylum, #1)",author_madeleine_roux,decade_2010s
3328,3329,24388326,The Heart Goes Last,author_margaret_atwood,decade_2010s
3329,3330,30260,"A Fistful of Charms (The Hollows, #4)",author_kim_harrison,decade_2000s
3331,3332,12813630,The Coldest Girl in Coldtown,author_holly_black,decade_2010s
3332,3333,13079,Skinny Dip,author_carl_hiaasen,decade_2000s
3333,3334,23492741,The Marriage of Opposites,author_alice_hoffman,decade_2010s
3334,3335,12987640,Imagine: How Creativity Works,author_jonah_lehrer,decade_2010s
3335,3336,2295829,"Feast of Fools (The Morganville Vampires, #4)",author_rachel_caine,decade_2000s
3337,3338,6751,Consider the Lobster and Other Essays,author_david_foster_wallace,decade_2000s
3338,3339,7005865,"The Atlantis Complex (Artemis Fowl, #7)",author_eoin_colfer,decade_2010s
3339,3340,43781,Merrick (The Vampire Chronicles #7),author_anne_rice,decade_2000s
3340,3341,18739426,"The Bands of Mourning (Mistborn, #6)",author_brandon_sanderson,decade_2010s
3341,3342,11987,The Myth of Sisyphus and Other Essays,author_albert_camus author_justin_obrien,decade_1940s
3342,3343,16071745,"Someday, Someday, Maybe",author_lauren_graham,decade_2010s
3344,3345,19547856,Simon vs. the Homo Sapiens Agenda,author_becky_albertalli,decade_2010s
3345,3346,383206,Wives and Daughters,author_elizabeth_gaskell author_pam_morris,decade_1860s
3346,3347,12558285,"Splintered (Splintered, #1)",author_ag_howard,decade_2010s
3347,3348,153540,The Little House,author_virginia_lee_burton,decade_1940s
3348,3349,6174,Survival in Auschwitz,author_primo_levi author_stuart_j_woolf author_philip_roth,decade_1940s
3349,3350,500743,"The Wizard Heir (The Heir Chronicles, #2)",author_cinda_williams_chima,decade_2000s
3350,3351,32831,"The Mysterious Island (Extraordinary Voyages, #12)",author_jules_verne author_caleb_carr author_jordan_stump,decade_1870s
3351,3352,321577,Girl in Hyacinth Blue,author_susan_vreeland,decade_1990s
3352,3353,457762,Sylvester and the Magic Pebble,author_william_steig,decade_1960s
3353,3354,9542439,"The Lady of the Rivers (The Plantagenet and Tudor Novels, #1)",author_philippa_gregory,decade_2010s
3354,3355,8437667,Live Wire (Myron Bolitar #10),author_harlan_coben,decade_2010s
3355,3356,818811,Escape,author_carolyn_jessop author_laura_palmer,decade_2000s
3356,3357,15154,"The Collectors (Camel Club, #2)",author_david_baldacci,decade_2000s
3357,3358,841628,The Hitchhiker's Guide to the Galaxy: A Trilogy in Four Parts,author_douglas_adams,decade_1980s
3358,3359,78876,"Maskerade (Discworld, #18; Witches #5)",author_terry_pratchett,decade_1990s
3359,3360,219205,"Lord Foul's Bane (The Chronicles of Thomas Covenant the Unbeliever, #1)",author_stephen_r_donaldson,decade_1970s
3360,3361,50937,"First, Break All the Rules: What the World's Greatest Managers Do Differently",author_marcus_buckingham author_curt_coffman,decade_1990s
3361,3362,47994,"The Last Continent (Discworld, #22; Rincewind #6)",author_terry_pratchett,decade_1990s
3362,3363,7769,Dr. Seuss's ABC: An Amazing Alphabet Book! (Bright and Early Board Books),author_dr_seuss,decade_1960s
3363,3364,205476,Our Town,author_thornton_wilder author_donald_margulies author_tappan_wilder,decade_1930s
3364,3365,3047848,"Heartless (Pretty Little Liars, #7)",author_sara_shepard,decade_2010s
3365,3366,32501,"Echo Park (Harry Bosch, #12; Harry Bosch Universe, #14)",author_michael_connelly,decade_2000s
3366,3367,113138,The Winner,author_david_baldacci,decade_1990s
3367,3368,18659623,Through the Woods,author_emily_carroll,decade_2010s
3368,3369,94319,"Ark Angel (Alex Rider, #6)",author_anthony_horowitz,decade_2000s
3370,3371,20423680,"The Last Town (Wayward Pines, #3)",author_blake_crouch,decade_2010s
3371,3372,23009402,Saint Anything,author_sarah_dessen,decade_2010s
3372,3373,13320466,The Twelve Tribes of Hattie,author_ayana_mathis,decade_2010s
3373,3374,16434,The Taking,author_dean_koontz,decade_2000s
3374,3375,226706,"If There Be Thorns (Dollanganger, #3)",author_vc_andrews,decade_1980s
3375,3376,228696,Owl Moon,author_jane_yolen author_john_schoenherr,decade_1980s
3376,3377,12857,The Gambler,author_fyodor_dostoyevsky author_constance_garnett author_gary_saul_morson,decade_1860s
3377,3378,13413589,"Frost Burned (Mercy Thompson, #7)",author_patricia_briggs,decade_2010s
3378,3379,59145,Père Goriot,author_honor_de_balzac,decade_1830s
3379,3380,3522419,"Nemesis (Harry Hole, #4)",author_jo_nesb author_don_bartlett,decade_2000s
3381,3382,84151,"Night Play (Dark-Hunter #5, Were-Hunter #1)",author_sherrilyn_kenyon,decade_2000s
3383,3384,12351649,"Perfection (Neighbor from Hell, #2)",author_rl_mathewson,decade_2010s
3384,3385,6687247,Too Big to Fail: The Inside Story of How Wall Street and Washington Fought to Save the Financial System from Crisis — and Themselves,author_andrew_ross_sorkin,decade_2000s
3385,3386,1470232,Magic Hour,author_kristin_hannah,decade_2000s
3386,3387,4796,The Winter of Our Discontent,author_john_steinbeck author_susan_shillinglaw,decade_1960s
3387,3388,373755,"Absalom, Absalom!",author_william_faulkner,decade_1930s
3388,3389,22510983,"Girl Online (Girl Online, #1)",author_zoe_sugg author_siobhan_curham,decade_2010s
3389,3390,205821,Caddie Woodlawn  (Caddie Woodlawn #1),author_carol_ryrie_brink,decade_1930s
3390,3391,24950845,"Tricky Twenty-Two (Stephanie Plum, #22)",author_janet_evanovich,decade_2010s
3391,3392,139855,Knowing God,author_ji_packer,decade_1970s
3392,3393,68396,"The Halfling's Gem (Forgotten Realms: Icewind Dale, #3; Legend of Drizzt, #6)",author_ra_salvatore,decade_1990s
3393,3394,2177236,Hold Tight,author_harlan_coben,decade_2000s
3394,3395,71252,The Kindly Ones (The Sandman #9),author_neil_gaiman author_marc_hempel author_richard_case author_disraeli author_teddy_kristiansen author_glyn_dillon author_charles_vess author_dean_ormston author_kevin_nowlan author_todd_klein author_frank_mcconnell,decade_1990s
3395,3396,25103,Worlds' End (The Sandman #8),author_neil_gaiman author_mike_allred author_gary_amaro author_mark_buckingham author_david_giordano author_tony_harris author_steve_leialoha author_vince_locke author_shea_anton_pensa author_alec_stevens author_bryan_talbot author_john_watkiss author_todd_klein author_michael_zulli author_stephen_king,decade_1990s
3396,3397,826845,The Chrysalids,author_john_wyndham,decade_1950s
3397,3398,122967,The Ugly Duckling,author_hans_christian_andersen author_jerry_pinkney,decade_1840s
3399,3400,29641,The End of the Affair,author_graham_greene author_monica_ali,decade_1950s
3400,3401,25205422,Who Do You Love,author_jennifer_weiner,decade_2010s
3401,3402,739840,Bambi,author_felix_salten author_barbara_cooney,decade_1920s
3402,3403,59924,The Lathe of Heaven,author_ursula_k_le_guin,decade_1970s
3403,3404,1362,The Histories,author_herodotus author_aubrey_de_slincourt author_john_m_marincola,decade_0s
3404,3405,17798287,"Driven (Driven, #1)",author_k_bromberg,decade_2010s
3405,3406,18402,The Dante Club,author_matthew_pearl,decade_2000s
3406,3407,46544,"The Shelters of Stone (Earth's Children, #5)",author_jean_m_auel,decade_2000s
3407,3408,5292853,"Hunting Ground (Alpha & Omega, #2)",author_patricia_briggs,decade_2000s
3408,3409,5356711,The Winner Stands Alone,author_paulo_coelho,decade_2000s
3409,3410,133430,Centennial,author_james_a_michener,decade_1970s
3410,3411,6261522,"The Body Finder (The Body Finder, #1)",author_kimberly_derting,decade_2010s
3411,3412,6870,Enduring Love,author_ian_mcewan,decade_1990s
3412,3413,36071,First Things First,author_stephen_r_covey author_a_roger_merrill author_rebecca_r_merrill,decade_1990s
3413,3414,28541,"Dragonsong (Harper Hall, #1)",author_anne_mccaffrey,decade_1970s
3414,3415,595375,Annie on My Mind,author_nancy_garden,decade_1980s
3415,3416,6428887,Pirate Latitudes,author_michael_crichton,decade_2000s
3416,3417,328854,Motherless Brooklyn,author_jonathan_lethem,decade_1990s
3417,3418,714902,"Noughts & Crosses (Noughts & Crosses, #1)",author_malorie_blackman,decade_2000s
3418,3419,152519,Incidents in the Life of a Slave Girl,author_harriet_jacobs,decade_1860s
3419,3420,8519822,"The Enchantress (The Secrets of the Immortal Nicholas Flamel, #6)",author_michael_scott,decade_2010s
3420,3421,8255917,Washington: A Life,author_ron_chernow,decade_2010s
3421,3422,16070521,"Come Away with Me (With Me in Seattle, #1)",author_kristen_proby,decade_2010s
3423,3424,12866426,"Taken at Dusk (Shadow Falls, #3)",author_cc_hunter,decade_2010s
3425,3426,15739018,"Taking Chances (Taking Chances, #1)",author_molly_mcadams,decade_2010s
3426,3427,10464963,The Buddha in the Attic,author_julie_otsuka,decade_2010s
3427,3428,8680,Fierce Invalids Home from Hot Climates,author_tom_robbins,decade_2000s
3428,3429,18007535,The Winter People,author_jennifer_mcmahon,decade_2010s
3429,3430,8428069,"The Lying Game (The Lying Game, #1)",author_sara_shepard,decade_2010s
3430,3431,32258,"Body Double (Rizzoli & Isles, #4)",author_tess_gerritsen,decade_2000s
3431,3432,18143905,The Opposite of Loneliness: Essays and Stories,author_marina_keegan,decade_2010s
3432,3433,6613956,The Solitude of Prime Numbers,author_paolo_giordano author_shaun_whiteside,decade_2000s
3433,3434,15835685,"Clash (Crash, #2)",author_nicole__williams,decade_2010s
3434,3435,17349203,"Fortunately, the Milk",author_neil_gaiman author_skottie_young,decade_2010s
3435,3436,20898019,"Ms. Marvel, Vol. 1: No Normal",author_g_willow_wilson author_adrian_alphona,decade_2010s
3436,3437,178476,Slave to Sensation (Psy-Changeling #1),author_nalini_singh,decade_2000s
3438,3439,89716,"Al Capone Does My Shirts (Al Capone at Alcatraz, #1)",author_gennifer_choldenko,decade_2000s
3439,3440,6723348,"The Fall (The Strain Trilogy, #2)",author_guillermo_del_toro author_chuck_hogan,decade_2000s
3440,3441,17378527,"The Raven King (The Raven Cycle, #4)",author_maggie_stiefvater,decade_2010s
3441,3442,13152287,Bringing Up Bébé: One American Mother Discovers the Wisdom of French Parenting,author_pamela_druckerman author_abby_craden,decade_2010s
3442,3443,6538,Portrait of a Killer: Jack the Ripper - Case Closed,author_patricia_cornwell,decade_2000s
3443,3444,448873,"The Thief (The Queen's Thief, #1)",author_megan_whalen_turner,decade_1990s
3444,3445,235718,"Succubus Blues (Georgina Kincaid, #1)",author_richelle_mead,decade_2000s
3445,3446,8874743,When God Was a Rabbit,author_sarah_winman,decade_2010s
3446,3447,18003300,Love & Misadventure,author_lang_leav,decade_2010s
3448,3449,85392,Term Limits,author_vince_flynn,decade_1990s
3449,3450,7948230,"Crooked Letter, Crooked Letter",author_tom_franklin,decade_2000s
3450,3451,46199,Letters to a Young Poet,author_rainer_maria_rilke author_reginald_snell author_franz_xaver_kappus,decade_1920s
3451,3452,439275,"Princess in the Spotlight (The Princess Diaries, #2)",author_meg_cabot,decade_2000s
3452,3453,12425532,"Of Poseidon (The Syrena Legacy, #1)",author_anna_banks,decade_2010s
3453,3454,84140,Night Embrace (Dark-Hunter #2),author_sherrilyn_kenyon,decade_2000s
3454,3455,110444,"The Lake House (When the Wind Blows, #2)",author_james_patterson,decade_2000s
3455,3456,80566,Run,author_ann_patchett,decade_2000s
3456,3457,203220,Les Fleurs du Mal,author_charles_baudelaire author_richard_howard,decade_1850s
3457,3458,16169737,"The Heist (Fox and O'Hare, #1)",author_janet_evanovich author_lee_goldberg,decade_2010s
3458,3459,49540,Les Liaisons dangereuses,author_pierreambroise_choderlos_de_laclos author_douglas_parme,decade_1780s
3459,3460,164531,The Railway Children,author_e_nesbit,decade_1900s
3460,3461,26245853,"The Last Mile (Amos Decker, #2)",author_david_baldacci,decade_2010s
3461,3462,8785374,"Snuff (Discworld, #39; City Watch #8)",author_terry_pratchett,decade_2010s
3462,3463,8559047,"Magic Slays (Kate Daniels, #5)",author_ilona_andrews,decade_2010s
3463,3464,5128,The Doors of Perception & Heaven and Hell,author_aldous_huxley,decade_1950s
3466,3467,13495034,"The Black Box (Harry Bosch, #18; Harry Bosch Universe, #22)",author_michael_connelly,decade_2010s
3467,3468,5180,The Rapture of Canaan,author_sheri_reynolds,decade_1990s
3468,3469,38169,"Alas, Babylon",author_pat_frank,decade_1950s
3469,3470,184661,"The Third Option (Mitch Rapp, #4)",author_vince_flynn,decade_2000s
3470,3471,1238684,"The Stonekeeper (Amulet, #1)",author_kazu_kibuishi,decade_2000s
3471,3472,284996,The Complete Stories,author_flannery_oconnor,decade_1970s
3472,3473,6780439,"Dark Visions (Dark Visions, #1-3)",author_lj_smith,decade_1990s
3473,3474,18138189,"Tower Lord (Raven's Shadow, #2)",author_anthony__ryan,decade_2010s
3474,3475,5355136,Look Again,author_lisa_scottoline,decade_2000s
3475,3476,4264,Fever Pitch,author_nick_hornby,decade_1990s
3477,3478,12700306,"Tricked (The Iron Druid Chronicles, #4)",author_kevin_hearne,decade_2010s
3478,3479,106393,The Coldest Winter Ever,author_sister_souljah,decade_1990s
3479,3480,402843,"Zen Mind, Beginner's Mind: Informal Talks on Zen Meditation and Practice",author_shunryu_suzuki,decade_1970s
3480,3481,25489025,The Vegetarian,author_han_kang author_deborah_____smith,decade_2000s
3481,3482,333538,The Castle,author_franz_kafka author_mark_harman author_regaip_minareci author_erif_yeilbucak,decade_1920s
3482,3483,15985373,"Emperor of Thorns (The Broken Empire, #3)",author_mark__lawrence,decade_2010s
3484,3485,51299,Letter to a Christian Nation,author_sam_harris,decade_2000s
3485,3486,6441509,"Shadow Souls (The Vampire Diaries: The Return, #2)",author_lj_smith,decade_2010s
3486,3487,781046,When It Happens,author_susane_colasanti,decade_2000s
3487,3488,40929,The Rise of Theodore Roosevelt,author_edmund_morris,decade_1970s
3488,3489,24983,"Doomsday Book (Oxford Time Travel, #1)",author_connie_willis,decade_1990s
3489,3490,20767918,"The Escape (John Puller, #3)",author_david_baldacci,decade_2010s
3490,3491,20342617,Just Mercy: A Story of Justice and Redemption,author_bryan_stevenson,decade_2010s
3491,3492,110694,"The Seeress of Kell (The Malloreon, #5)",author_david_eddings,decade_1990s
3492,3493,34452,"Many Lives, Many Masters: The True Story of a Prominent Psychiatrist, His Young Patient, and the Past Life Therapy That Changed Both Their Lives",author_brian_l_weiss,decade_1980s
3493,3494,20881071,"The Burning Room (Harry Bosch, #19; Harry Bosch Universe, #24)",author_michael_connelly,decade_2010s
3495,3496,6871617,"This Side of the Grave (Night Huntress, #5)",author_jeaniene_frost,decade_2010s
3496,3497,153784,"First Test (Protector of the Small, #1)",author_tamora_pierce,decade_1990s
3497,3498,1162022,On the Jellicoe Road,author_melina_marchetta,decade_2000s
3498,3499,3061,The Natural Way to Draw,author_kimon_nicolaides author_mamie_harmon,decade_1940s
3499,3500,66692,"Streams of Silver (Forgotten Realms: Icewind Dale, #2; Legend of Drizzt, #5)",author_ra_salvatore,decade_1980s
3500,3501,16249,Angry Housewives Eating Bon Bons,author_lorna_landvik,decade_2000s
3501,3502,16052012,Flora and Ulysses: The Illuminated Adventures,author_kate_dicamillo author_kg_campbell,decade_2010s
3502,3503,158119,If You Could See Me Now,author_cecelia_ahern,decade_2000s
3503,3504,67,The Known World,author_edward_p_jones,decade_2000s
3504,3505,38462,Giovanni's Room,author_james_____baldwin,decade_1950s
3505,3506,856917,"Absolute Boyfriend, Vol. 1",author_yuu_watase,decade_2000s
3506,3507,17333227,"The Gods of Guilt (Mickey Haller, #6; Harry Bosch Universe, #23)",author_michael_connelly,decade_2010s
3507,3508,12749,"Swann's Way (In Search of Lost Time, #1)",author_marcel_proust author_simon_vance author_lydia_davis,decade_1910s
3508,3509,682920,"The Little Mouse, the Red Ripe Strawberry, and the Big Hungry Bear",author_don____wood author_audrey_wood,decade_1980s
3509,3510,30245,"Cerulean Sins (Anita Blake, Vampire Hunter, #11)",author_laurell_k_hamilton,decade_2000s
3511,3512,9634967,"Robopocalypse (Robopocalypse, #1)",author_daniel_h_wilson,decade_2010s
3512,3513,32432,"Fear Nothing (Moonlight Bay, #1)",author_dean_koontz,decade_1990s
3513,3514,6547187,"First Drop of Crimson (Night Huntress World, #1)",author_jeaniene_frost,decade_2010s
3514,3515,1434105,"Plum Lucky (Stephanie Plum, #13.5)",author_janet_evanovich,decade_2000s
3515,3516,2334751,This Charming Man,author_marian_keyes,decade_2000s
3517,3518,51070,"The Secret Diary of Adrian Mole, Aged 13 3/4  (Adrian Mole, #1)",author_sue_townsend,decade_1980s
3518,3519,31196,The Razor's Edge,author_w_somerset_maugham,decade_1940s
3519,3520,47559,"Amphigorey (Amphigorey, #1)",author_edward_gorey,decade_1970s
3520,3521,14498,Neil Gaiman's Neverwhere,author_mike_carey author_glenn_fabry author_neil_gaiman,decade_1990s
3521,3522,4447622,"Some Girls Bite (Chicagoland Vampires, #1)",author_chloe_neill,decade_2000s
3522,3523,17143,Go Tell It on the Mountain,author_james_____baldwin,decade_1950s
3523,3524,27000,"Lost in a Good Book (Thursday Next, #2)",author_jasper_fforde,decade_2000s
3524,3525,16113737,The Reason I Jump: The Inner Voice of a Thirteen-Year-Old Boy with Autism,author_naoki_higashida author_ka_yoshida author_david_mitchell,decade_2000s
3525,3526,26252859,"The Hidden Oracle (The Trials of Apollo, #1)",author_rick_riordan,decade_2010s
3526,3527,7039218,"Once Burned (Night Prince, #1)",author_jeaniene_frost,decade_2010s
3527,3528,24911006,Missoula: Rape and the Justice System in a College Town,author_jon_krakauer,decade_2010s
3528,3529,509784,The End of Eternity,author_isaac_asimov,decade_1950s
3529,3530,371787,"Sorceress of Darshiva (The Malloreon, #4)",author_david_eddings,decade_1980s
3530,3531,65497,"Love Comes Softly (Love Comes Softly, #1)",author_janette_oke,decade_1970s
3531,3532,18666047,"Half a King (Shattered Sea, #1)",author_joe_abercrombie,decade_2010s
3532,3533,78987,"The Prodigal Daughter (Kane & Abel, #2)",author_jeffrey_archer,decade_1980s
3533,3534,12652457,"The Broken Eye (Lightbringer, #3)",author_brent_weeks,decade_2010s
3534,3535,53022,The Collected Poems of W.B. Yeats,author_wb_yeats author_richard_j_finneran,decade_1990s
3536,3537,627984,"Stone Cold (Camel Club, #3)",author_david_baldacci,decade_2000s
3538,3539,1215290,Rudolph the Red-Nosed Reindeer,author_barbara_shook_hazen author_robert_lewis_may author_richard_scarry,decade_1950s
3539,3540,9555,The Elephant Vanishes,author_haruki_murakami author_jay_rubin author_alfred_birnbaum,decade_1990s
3540,3541,218427,"Gateway (Heechee Saga, #1)",author_frederik_pohl,decade_1970s
3541,3542,15014,Crucial Conversations: Tools for Talking When Stakes Are High,author_kerry_patterson author_joseph_grenny author_ron_mcmillan author_al_switzler author_stephen_r_covey,decade_2000s
3542,3543,25669,How the Irish Saved Civilization,author_thomas_cahill,decade_1990s
3543,3544,30071,"The Walking Dead, Book One (The Walking Dead #1-12)",author_robert_kirkman author_tony_moore author_charlie_adlard author_cliff_rathburn,decade_2000s
3544,3545,13615414,Gulp: Adventures on the Alimentary Canal,author_mary_roach,decade_2010s
3545,3546,53645,Tender at the Bone: Growing Up at the Table,author_ruth_reichl,decade_1990s
3546,3547,34492,"Wintersmith (Discworld, #35; Tiffany Aching, #3)",author_terry_pratchett,decade_2000s
3547,3548,22327,The Miracle Worker,author_william__gibson,decade_1950s
3548,3549,16033906,"Fever (Breathless, #2)",author_maya_banks,decade_2010s
3549,3550,783291,The Almost Moon,author_alice_sebold,decade_2000s
3550,3551,41913,The Children of Men,author_pd_james,decade_1990s
3551,3552,91953,Leviathan,author_thomas_hobbes author_cb_macpherson,decade_1650s
3552,3553,20454672,Mean Streak,author_sandra_brown,decade_2010s
3553,3554,17880708,"Fueled (Driven, #2)",author_k_bromberg,decade_2010s
3554,3555,2195289,I Was Told There'd Be Cake,author_sloane_crosley,decade_2000s
3555,3556,17157,Marie Antoinette: The Journey,author_antonia_fraser,decade_2000s
3556,3557,161099,"Good Night, Mr. Tom",author_michelle_magorian,decade_1980s
3557,3558,7600924,Forbidden,author_tabitha_suzuma,decade_2010s
3558,3559,18209454,"The Thousand-Dollar Tan Line (Veronica Mars, #1)",author_rob_thomas author_jennifer_graham,decade_2010s
3559,3560,703,The Plot Against America,author_philip_roth,decade_2000s
3560,3561,144977,The Tender Bar,author_jr_moehringer,decade_2000s
3561,3562,201345,"Martin the Warrior (Redwall, #6)",author_brian_jacques,decade_1990s
3562,3563,7801229,"The Exiled Queen (Seven Realms, #2)",author_cinda_williams_chima,decade_2010s
3564,3565,17461,"Misty of Chincoteague (Misty, #1)",author_marguerite_henry author_wesley_dennis,decade_1940s
3566,3567,22686,The Other Woman,author_jane_green,decade_2000s
3568,3569,43325,Nothing Lasts Forever,author_sidney_sheldon,decade_1990s
3569,3570,4820,"Mayflower: A Story of Courage, Community, and War",author_nathaniel_philbrick,decade_2000s
3570,3571,435045,Wicked Deeds on a Winter's Night (Immortals After Dark #4),author_kresley_cole,decade_2000s
3571,3572,6462,His Excellency: George Washington,author_joseph_j_ellis,decade_2000s
3572,3573,22323,"Burning Chrome (Sprawl, #0)",author_william_gibson author_bruce_sterling,decade_1980s
3573,3574,7569223,Last Night at Chateau Marmont,author_lauren_weisberger,decade_2010s
3574,3575,1728744,"Sleeping Beauty (Disney Princess, 5)",author_al_singer author_walt_disney_company,decade_1970s
3575,3576,13638570,"Out of Breath (Breathing, #3)",author_rebecca_donovan,decade_2010s
3577,3578,104089,Tigana,author_guy_gavriel_kay,decade_1990s
3578,3579,8765,I Feel Bad about My Neck: And Other Thoughts on Being a Woman,author_nora_ephron,decade_2000s
3579,3580,78950,"Little Men (Little Women, #2)",author_louisa_may_alcott,decade_1870s
3580,3581,415,Gravity's Rainbow,author_thomas_pynchon,decade_1970s
3581,3582,173526,"The Ragamuffin Gospel: Good News for the Bedraggled, Beat-Up, and Burnt Out",author_brennan_manning author_michael_w_smith author_rich_mullins,decade_1990s
3582,3583,93728,"Princess in Love (The Princess Diaries, #3)",author_meg_cabot,decade_2000s
3583,3584,429138,"River God (Ancient Egypt, #1)",author_wilbur_smith,decade_1990s
3584,3585,140963,O Pioneers!,author_willa_cather,decade_1910s
3585,3586,1237300,The Shock Doctrine: The Rise of Disaster Capitalism,author_naomi_klein,decade_2000s
3586,3587,21094993,The Girl Who Saved the King of Sweden,author_jonas_jonasson author_rachel_willsonbroyles,decade_2010s
3587,3588,3686,Truth and Beauty,author_ann_patchett,decade_2000s
3588,3589,13369678,"The Vincent Brothers (The Vincent Boys, #2)",author_abbi_glines,decade_2010s
3589,3590,35743,The Tin Drum,author_gnter_grass,decade_1950s
3590,3591,214332,The Case for Faith: A Journalist Investigates the Toughest Objections to Christianity,author_lee_strobel,decade_2000s
3592,3593,248484,Book of a Thousand Days,author_shannon_hale author_james_noel_smith,decade_2000s
3593,3594,194366,The Return of Sherlock Holmes,author_arthur_conan_doyle,decade_1900s
3594,3595,23522,Mythology: Timeless Tales of Gods and Heroes,author_edith_hamilton author_steele_savage,decade_1940s
3596,3597,23577,Lies & the Lying Liars Who Tell Them: A Fair & Balanced Look at the Right,author_al_franken,decade_2000s
3597,3598,597,Killing Yourself to Live: 85% of a True Story,author_chuck_klosterman,decade_2000s
3598,3599,26827675,Troublemaker: Surviving Hollywood and Scientology,author_leah_remini author_rebecca_paley,decade_2010s
3600,3601,55398,"House of Chains (The Malazan Book of the Fallen, #4)",author_steven_erikson,decade_2000s
3601,3602,6662883,Oz: The Wonderful Wizard of Oz,author_eric_shanower author_skottie_young author_l_frank_baum,decade_2010s
3603,3604,682761,The Nazi Officer's Wife: How One Jewish Woman Survived the Holocaust,author_edith_hahn_beer author_susan_dworkin author_susan_sarandon author_julia_ormond author_rory_kennedy,decade_1990s
3604,3605,85459,Northern Lights,author_nora_roberts,decade_2000s
3606,3607,13644055,"Opposition (Lux, #5)",author_jennifer_l_armentrout,decade_2010s
3607,3608,30271,"Incubus Dreams (Anita Blake, Vampire Hunter, #12)",author_laurell_k_hamilton,decade_2000s
3608,3609,22435,"The Fabric of the Cosmos: Space, Time, and the Texture of Reality",author_brian_greene,decade_2000s
3609,3610,31099,Babyville,author_jane_green,decade_2000s
3610,3611,6202318,"A Touch of Dead (Sookie Stackhouse, #4.1, #4.3, #5.1, #7.1, #8.1)",author_charlaine_harris,decade_2000s
3612,3613,11507,My Name Is Asher Lev,author_chaim_potok,decade_1970s
3613,3614,27528,"Nicolae (Left Behind, #3)",author_tim_lahaye author_jerry_b_jenkins,decade_1990s
3614,3615,15793184,Calling Me Home,author_julie_kibler,decade_2010s
3615,3616,6289920,"Covet (Fallen Angels, #1)",author_jr_ward,decade_2000s
3616,3617,6600137,"Captivate (Need, #2)",author_carrie_jones,decade_2010s
3617,3618,4961048,Wishful Drinking,author_carrie_fisher,decade_2000s
3618,3619,21717,"Triptych (Will Trent, #1)",author_karin_slaughter,decade_2000s
3620,3621,352921,"A Fatal Grace (Chief Inspector Armand Gamache, #2)",author_louise_penny,decade_2000s
3621,3622,7156505,"The 9th Judgment  (Women's Murder Club, #9)",author_james_patterson author_maxine_paetro,decade_2010s
3622,3623,13353667,Zoo,author_james_patterson author_michael_ledwidge,decade_2010s
3623,3624,9465845,"Vespers Rising (The 39 Clues, #11)",author_rick_riordan author_gordon_korman author_peter_lerangis author_jude_watson,decade_2010s
3624,3625,29501,"The End of Faith: Religion, Terror, and the Future of Reason",author_sam_harris,decade_2000s
3625,3626,1902241,"The Adoration of Jenna Fox (Jenna Fox Chronicles, #1)",author_mary_e_pearson,decade_2000s
3626,3627,7592279,"The Emperor of Nihon-Ja (Ranger's Apprentice, #10)",author_john_flanagan,decade_2010s
3627,3628,24812,The Complete Calvin and Hobbes,author_bill_watterson,decade_2000s
3628,3629,23686,"Ranma ½, Vol. 1 (Ranma ½ (US 2nd), #1)",author_rumiko_takahashi,decade_1980s
3629,3630,2815590,Serena,author_ron_rash,decade_2000s
3631,3632,12007,"Use of Weapons (Culture, #3)",author_iain_m_banks,decade_1990s
3632,3633,17267122,"Pulse (Collide, #2)",author_gail_mchugh,decade_2010s
3633,3634,115076,Love Walked In,author_marisa_de_los_santos,decade_2000s
3634,3635,92143,Bone: The Complete Edition,author_jeff_smith,decade_1990s
3635,3636,2479827,"Eragon, Eldest & Brisingr (Inheritance, #1-3)",author_christopher_paolini,decade_2000s
3636,3637,5941233,"Thirst No. 1: The Last Vampire, Black Blood, and Red Dice (Thirst, #1)",author_christopher_pike,decade_1990s
3637,3638,11741,Housekeeping,author_marilynne_robinson,decade_1980s
3638,3639,511614,"The 101 Dalmatians (The Hundred and One Dalmatians, #1)",author_dodie_smith author_michael_dooling,decade_1950s
3639,3640,119389,Windmills of the Gods,author_sidney_sheldon,decade_1980s
3640,3641,747746,The Curious Case of Benjamin Button,author_f_scott_fitzgerald,decade_1920s
3641,3642,38262,Moll Flanders,author_daniel_defoe,decade_1720s
3642,3643,175675,Ragtime,author_el_doctorow,decade_1970s
3643,3644,35921,"On Basilisk Station (Honor Harrington, #1)",author_david_weber,decade_1990s
3644,3645,3272165,Bad Science,author_ben_goldacre,decade_2000s
3645,3646,80642,Garlic and Sapphires: The Secret Life of a Critic in Disguise,author_ruth_reichl,decade_2000s
3647,3648,24094,"Wolf-Speaker (Immortals, #2)",author_tamora_pierce,decade_1990s
3648,3649,8135807,"Rock Me (Ross Siblings, #2)",author_cherrie_lynn,decade_2010s
3649,3650,6748,A Supposedly Fun Thing I'll Never Do Again:  Essays and Arguments,author_david_foster_wallace,decade_1990s
3650,3651,98413,"Nana, Vol. 1 (Nana, #1)",author_ai_yazawa,decade_2000s
3651,3652,298567,"Revenge of the Witch (The Last Apprentice / Wardstone Chronicles, #1)",author_joseph_delaney author_patrick__arrasmith,decade_2000s
3652,3653,32257,"The Sinner (Rizzoli & Isles, #3)",author_tess_gerritsen,decade_2000s
3653,3654,6250169,"Unseen Academicals (Discworld, #37; Rincewind #8)",author_terry_pratchett,decade_2000s
3654,3655,11071466,Second Chance Summer,author_morgan_matson,decade_2010s
3655,3656,381704,Bergdorf Blondes,author_plum_sykes,decade_2000s
3656,3657,17162,"The Chocolate War (Chocolate War, #1)",author_robert_cormier,decade_1970s
3659,3660,25104,The Wake (The Sandman #10),author_neil_gaiman author_michael_zulli author_jon_j_muth author_charles_vess author_mikal_gilmore,decade_1990s
3661,3662,765281,Lady and the Tramp,author_teddy_slater author_bill_langley author_ron_dias author_walt_disney_company,decade_1940s
3662,3663,153795,"Squire (Protector of the Small, #3)",author_tamora_pierce,decade_2000s
3663,3664,1821571,"Snakehead (Alex Rider, #7)",author_anthony_horowitz,decade_2000s
3664,3665,10560331,"Out of Sight, Out of Time (Gallagher Girls, #5)",author_ally_carter,decade_2010s
3665,3666,15778138,"Just for Now (Sea Breeze, #4)",author_abbi_glines,decade_2010s
3666,3667,17286958,Killing Jesus: A History,author_bill_oreilly author_martin_dugard,decade_2010s
3667,3668,183822,"Sandstorm (Sigma Force, #1)",author_james_rollins,decade_2000s
3669,3670,18656030,"Cibola Burn (The Expanse, #4)",author_james_sa_corey,decade_2010s
3670,3671,353814,The Charm School,author_nelson_demille,decade_1980s
3671,3672,332631,"Y: The Last Man, Vol. 2: Cycles (Y: The Last Man, #2)",author_brian_k_vaughan author_pia_guerra author_jos_marzn_jr,decade_2000s
3672,3673,3475268,"White Witch, Black Curse (The Hollows, #7)",author_kim_harrison,decade_2000s
3674,3675,93426,Genghis Khan and the Making of the Modern World,author_jack_weatherford,decade_2000s
3675,3676,126609,Sister Carrie,author_theodore_dreiser,decade_1900s
3676,3677,9409469,"The Gray Wolf Throne (Seven Realms, #3)",author_cinda_williams_chima,decade_2010s
3678,3679,7904429,"Scott Pilgrim, Volume 6: Scott Pilgrim's Finest Hour",author_bryan_lee_omalley,decade_2010s
3679,3680,31623,"Blow Fly (Kay Scarpetta, #12)",author_patricia_cornwell,decade_2000s
3680,3681,33443,"Chocolate Chip Cookie Murder (Hannah Swensen, #1)",author_joanne_fluke,decade_2000s
3681,3682,9729504,"Lost in Shangri-la: A True Story of Survival, Adventure, and the Most Incredible Rescue Mission of World War II",author_mitchell_zuckoff,decade_2010s
3682,3683,7247854,"The Disappearing Spoon: And Other True Tales of Madness, Love, and the History of the World from the Periodic Table of the Elements",author_sam_kean,decade_2010s
3683,3684,52635,The Hellbound Heart,author_clive_barker,decade_1980s
3684,3685,17704903,Empty Mansions: The Mysterious Life of Huguette Clark and the Spending of a Great American Fortune,author_bill_dedman author_paul_clark_newell_jr,decade_2010s
3685,3686,6457081,Remarkable Creatures ,author_tracy_chevalier,decade_2000s
3686,3687,3558003,"Lord of Misrule (The Morganville Vampires, #5)",author_rachel_caine,decade_2000s
3687,3688,39031,"The Cabinet of Curiosities (Pendergast, #3)",author_douglas_preston author_lincoln_child,decade_2000s
3690,3691,20620995,Take Me with You,author_catherine_ryan_hyde,decade_2010s
3691,3692,9820,Crossing to Safety,author_wallace_stegner,decade_1980s
3692,3693,9440448,"Buried Prey (Lucas Davenport, #21)",author_john_sandford,decade_2010s
3693,3694,13497505,Love Does: Discover a Secretly Incredible Life in an Ordinary World,author_bob_goff,decade_2010s
3694,3695,106835,The Intelligent Investor (Collins Business Essentials),author_benjamin_graham author_jason_zweig author_warren_buffett,decade_2000s
3695,3696,2095,The Universe in a Nutshell,author_stephen_hawking,decade_2000s
3696,3697,9300768,"The Heroes (First Law World, #5)",author_joe_abercrombie,decade_2010s
3698,3699,5296,An Ideal Husband,author_oscar_wilde,decade_1890s
3700,3701,22557520,"After (After, #1)",author_anna_todd,decade_2010s
3701,3702,1966969,"Fire Study (Study, #3)",author_maria_v_snyder,decade_2000s
3702,3703,11734,"The Human Stain (The American Trilogy, #3)",author_philip_roth,decade_2000s
3703,3704,16303287,The Bane Chronicles,author_cassandra_clare author_sarah_rees_brennan author_maureen_johnson author_cassandra_jean,decade_2010s
3704,3705,409918,"The Narrows (Harry Bosch, #10; Harry Bosch Universe, #12)",author_michael_connelly,decade_2000s
3705,3706,13312527,"The Opportunist (Love Me with Lies, #1)",author_tarryn_fisher,decade_2010s
3706,3707,14096,"Wherever You Go, There You Are: Mindfulness Meditation in Everyday Life",author_jon_kabatzinn,decade_1990s
3707,3708,50144,Kitchen,author_banana_yoshimoto author_megan_backus,decade_1980s
3708,3709,123543,"The Bourne Legacy (Jason Bourne, #4)",author_eric_van_lustbader,decade_2000s
3709,3710,129619,"A Kingdom of Dreams (Westmoreland, #1)",author_judith_mcnaught,decade_1980s
3710,3711,7095831,"Ship Breaker (Ship Breaker, #1)",author_paolo_bacigalupi,decade_2010s
3711,3712,385742,"Gregor and the Prophecy of Bane (Underland Chronicles, #2)",author_suzanne_collins,decade_2000s
3712,3713,85733,Beach Road,author_james_patterson author_peter_de_jonge,decade_2000s
3714,3715,325085,Nicholas Nickleby,author_charles_dickens author_mark_ford,decade_1830s
3715,3716,4673605,"Dean Koontz's Frankenstein, Volume 1: Prodigal Son",author_dean_koontz author_kevin_j_anderson author_chuck_dixon author_brett_booth,decade_2000s
3716,3717,12651,The Social Contract,author_jeanjacques_rousseau author_maurice_cranston,decade_1760s
3717,3718,3002300,"Chains (Seeds of America, #1)",author_laurie_halse_anderson,decade_2000s
3719,3720,110331,The Federalist Papers,author_alexander_hamilton author_james_madison author_john_jay author_philopublius author_clinton_rossiter author_charles_r_kessler,decade_1780s
3721,3722,25242224,"The Story of the Lost Child (The Neapolitan Novels, #4)",author_elena_ferrante author_ann_goldstein,decade_2010s
3722,3723,1629601,The Disreputable History of Frankie Landau-Banks,author_e_lockhart,decade_2000s
3723,3724,6578507,The Postmistress,author_sarah_blake author_orlagh_cassidy,decade_2000s
3724,3725,10790277,"Rise of Empire (The Riyria Revelations, #3-4)",author_michael_j_sullivan,decade_2010s
3725,3726,657371,Tweak: Growing Up On Methamphetamines,author_nic_sheff,decade_2000s
3726,3727,10836728,"The Rook (The Checquy Files, #1)",author_daniel_omalley,decade_2010s
3727,3728,44170,"The Looking Glass Wars (The Looking Glass Wars, #1)",author_frank_beddor,decade_2000s
3728,3729,2241558,"The Other Queen (The Plantagenet and Tudor Novels, #15)",author_philippa_gregory,decade_2000s
3729,3730,6261961,Labor Day,author_joyce_maynard,decade_2000s
3730,3731,7576115,"I Shall Wear Midnight (Discworld, #38; Tiffany Aching, #4)",author_terry_pratchett,decade_2010s
3731,3732,17831614,"Beautiful Player (Beautiful Bastard, #3)",author_christina_lauren,decade_2010s
3732,3733,18077903,"Creativity, Inc.: Overcoming the Unseen Forces That Stand in the Way of True Inspiration",author_ed_catmull author_amy_wallace,decade_2000s
3733,3734,91760,The Diary of Frida Kahlo: An Intimate Self-Portrait,author_frida_kahlo author_carlos_fuentes author_sarah_m_lowe,decade_1990s
3734,3735,11580,Creepshow,author_stephen_king author_bernie_wrightson author_michele_wrightson,decade_1980s
3736,3737,29925,"Gods and Generals (The Civil War Trilogy, #1)",author_jeff_shaara,decade_1990s
3737,3738,2712967,The Darkest Pleasure (Lords of the Underworld #3),author_gena_showalter,decade_2000s
3738,3739,151370,"Many Waters (A Wrinkle in Time Quintet, #4)",author_madeleine_lengle,decade_1980s
3739,3740,598159,"Panda Bear, Panda Bear, What Do You See?",author_bill_martin_jr author_eric_carle,decade_2000s
3740,3741,8701129,"Love You More (Tessa Leoni, #1; Detective D.D. Warren, #5)",author_lisa_gardner,decade_2010s
3741,3742,792161,"War Horse (War Horse, #1)",author_michael_morpurgo,decade_1980s
3743,3744,21685,"A Drink Before the War (Kenzie & Gennaro, #1)",author_dennis_lehane,decade_1990s
3744,3745,657034,"Heartsick (Archie Sheridan & Gretchen Lowell, #1)",author_chelsea_cain,decade_2000s
3745,3746,12820360,"Edenbrooke (Edenbrooke, #1)",author_julianne_donaldson,decade_2010s
3746,3747,16248311,The Perfume Collector,author_kathleen_tessaro,decade_2010s
3747,3748,15704001,"Seduction and Snacks (Chocolate Lovers, #1)",author_tara_sivec,decade_2010s
3748,3749,15768191,"Sweet Peril (Sweet, #2)",author_wendy_higgins,decade_2010s
3749,3750,39030,"Reliquary (Pendergast, #2)",author_douglas_preston author_lincoln_child,decade_1990s
3750,3751,8459594,"Blood, Bones, and Butter: The Inadvertent Education of a Reluctant Chef",author_gabrielle_hamilton,decade_2000s
3752,3753,10,"Harry Potter Collection (Harry Potter, #1-6)",author_jk_rowling,decade_2000s
3753,3754,30016,The Naked Sun (Robot #2),author_isaac_asimov,decade_1950s
3754,3755,114230,Bartleby the Scrivener,author_herman_melville,decade_1850s
3755,3756,23512999,The Bazaar of Bad Dreams,author_stephen_king,decade_2010s
3756,3757,9835731,"The Hypnotist (Joona Linna, #1)",author_lars_kepler author_ann_long,decade_2000s
3757,3758,76658,"On a Pale Horse (Incarnations of Immortality, #1)",author_piers_anthony,decade_1980s
3759,3760,43324,Are You Afraid of the Dark?,author_sidney_sheldon,decade_1980s
3760,3761,25378,The Dirt: Confessions of the World's Most Notorious Rock Band,author_tommy_lee author_vince_neil author_nikki_sixx author_neil_strauss author_mick_mars author_tommy_lee,decade_2000s
3761,3762,7797,Ten Apples Up On Top!,author_theo_lesieg author_roy_mckie,decade_1960s
3762,3763,331319,An American Tragedy,author_theodore_dreiser author_richard_r_lingeman,decade_1920s
3763,3764,4645,The Snows of Kilimanjaro and Other Stories,author_ernest_hemingway,decade_1930s
3764,3765,673252,Anne McCaffrey's Dragonflight #1,author_brynne_stephens author_lela_dowling author_cynthia_martin author_anne_mccaffrey,decade_1990s
3765,3766,9503336,Silver Girl,author_elin_hilderbrand,decade_2010s
3766,3767,22896,Practical Magic,author_alice_hoffman,decade_1990s
3767,3768,13536649,"Trapped (The Iron Druid Chronicles, #5)",author_kevin_hearne,decade_2010s
3768,3769,9475,"Midnight for Charlie Bone (The Children of the Red King, #1)",author_jenny_nimmo,decade_2000s
3769,3770,23395680,"Illuminae (The Illuminae Files, #1)",author_amie_kaufman author_jay_kristoff,decade_2010s
3770,3771,140671,"The Black Company (The Chronicles of the Black Company, #1)",author_glen_cook,decade_1980s
3771,3772,42986,"War and Remembrance (The Henry Family, #2)",author_herman_wouk,decade_1970s
3772,3773,37034,The Woman in Black,author_susan_hill author_john_lawrence,decade_1980s
3773,3774,239810,The Best Christmas Pageant Ever (The Herdmans #1),author_barbara_robinson,decade_1970s
3775,3776,9827,"King Rat (Asian Saga, #4)",author_james_clavell,decade_1960s
3776,3777,8811134,"Fear (Gone, #5)",author_michael__grant,decade_2010s
3777,3778,24422492,"Never Never: Part Two (Never Never, #2)",author_colleen_hoover author_tarryn_fisher,decade_2010s
3778,3779,327255,The Fourth Protocol,author_frederick_forsyth,decade_1980s
3779,3780,10990,"Lord John and the Private Matter (Lord John Grey, #1)",author_diana_gabaldon,decade_2000s
3780,3781,9681214,"The Goddess Test (Goddess Test, #1)",author_aimee_carter,decade_2010s
3781,3782,36086,"The Ghost Map: The Story of London's Most Terrifying Epidemic - and How It Changed Science, Cities, and the Modern World",author_steven_johnson,decade_2000s
3782,3783,9297774,"Eve (Eve, #1)",author_anna_carey,decade_2010s
3783,3784,18353714,"The Target (Will Robie, #3)",author_david_baldacci,decade_2010s
3784,3785,52372,On Photography,author_susan_sontag,decade_1970s
3785,3786,504420,"Protect and Defend (Mitch Rapp, #10)",author_vince_flynn,decade_2000s
3786,3787,5182,Songs in Ordinary Time,author_mary_mcgarry_morris,decade_1990s
3787,3788,40067,Thunderstruck,author_erik_larson,decade_2000s
3788,3789,1168341,"Physics of the Impossible: A Scientific Exploration into the World of Phasers, Force Fields, Teleportation, and Time Travel",author_michio_kaku,decade_2000s
3789,3790,15595,The Midwife's Apprentice,author_karen_cushman,decade_1990s
3790,3791,40200,The Crimson Petal and the White,author_michel_faber,decade_2000s
3791,3792,4701,A Spot of Bother,author_mark_haddon,decade_2000s
3792,3793,8709524,"Silver Shadows (Bloodlines, #5)",author_richelle_mead,decade_2010s
3793,3794,16255,"Tales of the City (Tales of the City, #1)",author_armistead_maupin,decade_1970s
3794,3795,100924,"Perelandra (Space Trilogy, #2)",author_cs_lewis,decade_1940s
3795,3796,5510384,"Tricks (Tricks, #1)",author_ellen_hopkins,decade_2000s
3797,3798,11100431,"Heir of Novron (The Riyria Revelations, #5-6)",author_michael_j_sullivan,decade_2010s
3798,3799,93261,The Legend of Sleepy Hollow,author_washington_irving,decade_1820s
3799,3800,3863861,Just the Sexiest Man Alive,author_julie_james,decade_2000s
3800,3801,9436746,"10th Anniversary (Women's Murder Club, #10)",author_james_patterson author_maxine_paetro,decade_2010s
3801,3802,922991,The Island,author_victoria_hislop,decade_2000s
3802,3803,32441,The Good Guy,author_dean_koontz,decade_1980s
3803,3804,64948,Whispers,author_dean_koontz,decade_1980s
3804,3805,6777616,"The Weed That Strings the Hangman's Bag (Flavia de Luce, #2)",author_alan_bradley,decade_2010s
3805,3806,32422,Hideaway,author_dean_koontz,decade_1990s
3806,3807,634407,"Knots and Crosses (Inspector Rebus, #1)",author_ian_rankin author_mircea_pricjan,decade_1980s
3808,3809,138396,"The Walking Dead, Vol. 02: Miles Behind Us",author_robert_kirkman author_charlie_adlard,decade_2000s
3809,3810,3828382,Tribes: We Need You to Lead Us,author_seth_godin,decade_2000s
3810,3811,46815,Wasted: A Memoir of Anorexia and Bulimia,author_marya_hornbacher,decade_1990s
3811,3812,7468160,Every Last One,author_anna_quindlen,decade_2010s
3812,3813,7505716,Alice's Adventures in Wonderland & Other Stories,author_lewis_carroll author_john_tenniel,decade_1860s
3813,3814,6547188,"Black Magic Sanction (The Hollows, #8)",author_kim_harrison,decade_2010s
3814,3815,11505008,"Wheat Belly: Lose the Wheat, Lose the Weight, and Find Your Path Back to Health",author_william__davis,decade_2010s
3815,3816,18500665,"End of Days (Penryn & the End of Days, #3)",author_susan_ee,decade_2010s
3816,3817,36315,The Best of H.P. Lovecraft: Bloodcurdling Tales of Horror and the Macabre,author_hp_lovecraft author_august_derleth author_robert_bloch,decade_1960s
3817,3818,82192,"The Crystal Cave (Arthurian Saga, #1)",author_mary__stewart,decade_1970s
3818,3819,8138071,"Pale Demon (The Hollows, #9)",author_kim_harrison,decade_2010s
3819,3820,160149,The Call of Cthulhu and Other Weird Stories,author_hp_lovecraft author_st_joshi,decade_1920s
3820,3821,15015,"Conversations with God: An Uncommon Dialogue, Book 1",author_neale_donald_walsch,decade_1990s
3821,3822,23705512,You're Never Weird on the Internet (Almost),author_felicia_day author_joss_whedon,decade_2010s
3822,3823,7926569,Now You See Her,author_james_patterson author_michael_ledwidge,decade_2010s
3823,3824,268601,"Glory in Death (In Death, #2)",author_jd_robb,decade_1990s
3824,3825,16002136,"Hawkeye, Volume 1: My Life as a Weapon",author_matt_fraction author_david_aja author_javier_pulido author_matt_hollingsworth author_chris_eliopoulos author_alan_davis,decade_2010s
3826,3827,6375845,Batman: Hush,author_jeph_loeb author_jim_lee author_scott_williams author_alex_sinclair author_richard_starkings,decade_2000s
3827,3828,11299,After the Quake,author_haruki_murakami author_jay_rubin,decade_2000s
3828,3829,6405929,"I, Alex Cross (Alex Cross, #16)",author_james_patterson,decade_2000s
3829,3830,53498,"Love That Dog (Jack, #1)",author_sharon_creech,decade_2000s
3830,3831,73864,A Man Named Dave (Dave Pelzer #3),author_dave_pelzer,decade_1990s
3831,3832,121927,"Danse Macabre (Anita Blake, Vampire Hunter, #14)",author_laurell_k_hamilton,decade_2000s
3832,3833,40425,"Tarzan of the Apes (Tarzan, #1)",author_edgar_rice_burroughs,decade_1910s
3834,3835,26023,"Bright Lights, Big Ass: A Self-Indulgent, Surly, Ex-Sorority Girl's Guide to Why It Often Sucks in the City, or Who Are These Idiots and Why Do They All Live Next Door to Me?",author_jen_lancaster,decade_2000s
3835,3836,74998,"The Magic Faraway Tree (The Faraway Tree, #2)",author_enid_blyton,decade_1940s
3836,3837,17650,The Robber Bride,author_margaret_atwood,decade_1990s
3837,3838,2679633,"Pleasure Unbound (Demonica, #1)",author_larissa_ione,decade_2000s
3838,3839,1388813,"Midnight Awakening (Midnight Breed, #3)",author_lara_adrian,decade_2000s
3840,3841,1611988,A Prisoner of Birth,author_jeffrey_archer,decade_2000s
3841,3842,6424184,"Thirst No. 2: Phantom, Evil Thirst, and Creatures of Forever (Thirst, #2)",author_christopher_pike,decade_2010s
3843,3844,347610,King Leopold's Ghost,author_adam_hochschild,decade_1990s
3844,3845,10830444,Guilty Wives,author_james_patterson author_david_ellis,decade_2010s
3845,3846,12283261,"Between the Lines (Between the Lines, #1)",author_jodi_picoult author_samantha_van_leer,decade_2010s
3846,3847,10059498,The Midwife's Confession,author_diane_chamberlain,decade_2010s
3847,3848,9635657,"Tales from a Not-So-Talented Pop Star (Dork Diaries, #3)",author_rachel_rene_russell,decade_2010s
3848,3849,10138607,Habibi,author_craig_thompson,decade_2010s
3849,3850,11093329,"The House of Silk (Sherlock Holmes, #1)",author_anthony_horowitz,decade_2010s
3851,3852,9761778,"Deity (Covenant, #3)",author_jennifer_l_armentrout,decade_2010s
3852,3853,116020,Walden & Civil Disobedience,author_henry_david_thoreau author_ws_merwin,decade_1850s
3853,3854,6236809,"Black Bird, Vol. 01 (Black Bird, #1)",author_kanoko_sakurakouji author_jn_productions author_pancha_diaz,decade_2000s
3854,3855,28678119,"Paper Princess (The Royals, #1)",author_erin_watt author_elle_kennedy author_jen_frederick,decade_2010s
3856,3857,99894,The Boys from Brazil,author_ira_levin,decade_1970s
3857,3858,884288,"Interesting Times (Discworld, #17; Rincewind #5)",author_terry_pratchett,decade_1990s
3858,3859,2003625,Dark Desires After Dusk (Immortals After Dark #6),author_kresley_cole,decade_2000s
3859,3860,169875,"Searching for Dragons (Enchanted Forest Chronicles, #2)",author_patricia_c_wrede author_peter_de_sve,decade_1990s
3861,3862,7091713,"Kiss of Death (The Morganville Vampires, #8)",author_rachel_caine author_cynthia_holloway,decade_2010s
3862,3863,17828418,"Fixed on You (Fixed, #1)",author_laurelin_paige,decade_2010s
3863,3864,3173558,"Maximum Ride, Vol. 1 (Maximum Ride: The Manga, #1)",author_james_patterson author_narae_lee,decade_2000s
3864,3865,12099007,"The Last Boyfriend (Inn BoonsBoro, #2)",author_nora_roberts author_macleod_andrews,decade_2010s
3865,3866,10776592,"The Boy in the Suitcase (Nina Borg, #1)",author_lene_kaaberbl author_agnete_friis,decade_2000s
3866,3867,22571552,So You've Been Publicly Shamed,author_jon_ronson,decade_2010s
3867,3868,81779,The Symposium,author_plato author_christopher_gill,decade_0s
3868,3869,11711,Vernon God Little,author_dbc_pierre,decade_2000s
3869,3870,76867,"A Darkness More Than Night (Harry Bosch, #7; Terry McCaleb, #2; Harry Bosch Universe, #9)",author_michael_connelly,decade_2000s
3871,3872,58098,for colored girls who have considered suicide/when the rainbow is enuf,author_ntozake_shange,decade_1970s
3872,3873,26236956,The Obsession,author_nora_roberts,decade_2010s
3873,3874,30228,"Micah (Anita Blake, Vampire Hunter, #13)",author_laurell_k_hamilton,decade_2000s
3874,3875,7060582,"Twice Bitten (Chicagoland Vampires, #3)",author_chloe_neill,decade_2010s
3875,3876,320167,"The Last Precinct (Kay Scarpetta, #11)",author_patricia_cornwell,decade_2000s
3876,3877,10047589,Girls in White Dresses,author_jennifer_close,decade_2010s
3877,3878,92780,Cold Comfort Farm,author_stella_gibbons author_lynne_truss author_roz_chast,decade_1930s
3878,3879,12842134,"Just One Year (Just One Day, #2)",author_gayle_forman,decade_2010s
3879,3880,17876897,"One with You (Crossfire, #5)",author_sylvia_day,decade_2010s
3880,3881,203805,Vincent Van Gogh: The Complete Paintings,author_rainer_metzger author_ingo_f_walther,decade_1980s
3881,3882,12605157,"The $100 Startup: Reinvent the Way You Make a Living, Do What You Love, and Create a New Future",author_chris_guillebeau,decade_2010s
3882,3883,33458,"The Lust Lizard of Melancholy Cove (Pine Cove, #2)",author_christopher_moore,decade_1990s
3883,3884,154091,"Mona Lisa Overdrive (Sprawl, #3)",author_william_gibson,decade_1980s
3884,3885,29780253,Born a Crime: Stories From a South African Childhood,author_trevor_noah,decade_2010s
3885,3886,18553,"The Cay (The Cay, #1)",author_theodore_taylor,decade_1960s
3886,3887,107770,The Secret (Highlands' Lairds #1),author_julie_garwood,decade_1990s
3887,3888,3238153,North of Beautiful,author_justina_chen,decade_2000s
3888,3889,77554,The Stone Diaries,author_carol_shields,decade_1990s
3890,3891,1087075,"Shoe Addicts Anonymous (Shoe Addict, #1)",author_beth_harbison,decade_2000s
3891,3892,124509,Smilla's Sense of Snow,author_peter_heg author_tiina_nunnally,decade_1990s
3892,3893,135611,Shakespeare: The World as Stage,author_bill_bryson,decade_2000s
3893,3894,9282,The Smoke Jumper,author_nicholas_evans,decade_2000s
3894,3895,4570768,Willow,author_julia_hoban,decade_2000s
3895,3896,56073,Living History,author_hillary_rodham_clinton,decade_2000s
3896,3897,106076,Batman: Dark Victory,author_jeph_loeb author_tim_sale,decade_2000s
3897,3898,7821828,The Hare With Amber Eyes: A Family's Century of Art and Loss,author_edmund_de_waal,decade_2000s
3900,3901,11861062,"Starters (Starters, #1)",author_lissa_price,decade_2010s
3901,3902,1611656,Dark Needs at Night's Edge (Immortals After Dark #5),author_kresley_cole,decade_2000s
3902,3903,38787,Pedro Páramo,author_juan_rulfo author_margaret_sayers_peden author_susan_sontag,decade_1950s
3903,3904,77391,"Anne of Ingleside (Anne of Green Gables, #6)",author_lm_montgomery,decade_1930s
3905,3906,43928,Deal Breaker (Myron Bolitar #1),author_harlan_coben,decade_1990s
3906,3907,34080,The Waste Land,author_ts_eliot author_michael_north,decade_1920s
3907,3908,22875451,The Royal We,author_heather_cocks author_jessica__morgan,decade_2010s
3908,3909,861326,"The Viscount Who Loved Me (Bridgertons, #2)",author_julia_quinn,decade_2000s
3909,3910,9531,"Peter and the Shadow Thieves (Peter and the Starcatchers, #2)",author_dave_barry author_ridley_pearson author_greg_call,decade_2000s
3911,3912,2071575,The Beach House,author_jane_green,decade_2000s
3912,3913,28634,Immortality,author_milan_kundera,decade_1990s
3913,3914,15793074,"Best Kept Secret (The Clifton Chronicles, #3)",author_jeffrey_archer,decade_2010s
3914,3915,910863,"Spin (Spin, #1)",author_robert_charles_wilson,decade_2000s
3915,3916,12083,Long Day's Journey Into Night,author_eugene_oneill,decade_1950s
3916,3917,74928,"Hellsing, Vol. 01 (Hellsing, #1)",author_kohta_hirano author_duane_johnson,decade_1990s
3917,3918,228261,"Soul Harvest: The World Takes Sides (Left Behind, #4)",author_tim_lahaye author_jerry_b_jenkins,decade_1990s
3918,3919,123106,Twisted,author_laurie_halse_anderson,decade_2000s
3919,3920,4692,"The Physician (Cole Family Trilogy, #1)",author_noah_gordon,decade_1980s
3920,3921,21337,"Prodigal Son (Dean Koontz's Frankenstein, #1)",author_dean_koontz author_kevin_j_anderson author_scott_brick,decade_2000s
3921,3922,122125,How Do Dinosaurs Say Good Night?,author_jane_yolen author_mark_teague,decade_2000s
3924,3925,573201,The Icarus Agenda,author_robert_ludlum,decade_1980s
3925,3926,7098304,Demon from the Dark (Immortals After Dark #10),author_kresley_cole,decade_2010s
3926,3927,18108281,"The King (Black Dagger Brotherhood, #12)",author_jr_ward,decade_2010s
3927,3928,21031,When Nietzsche Wept,author_irvin_d_yalom,decade_1990s
3928,3929,365990,"The Crossing (The Border Trilogy, #2)",author_cormac_mccarthy,decade_1990s
3929,3930,19068,The Nicomachean Ethics,author_aristotle author_jak_thomson author_jonathan_barnes author_hugh_tredennick,decade_0s
3930,3931,11198480,Not a Fan: Becoming a Completely Committed Follower of Jesus,author_kyle_idleman,decade_2010s
3932,3933,14990,Spook: Science Tackles the Afterlife,author_mary_roach,decade_2000s
3933,3934,171547,Songs of Innocence and of Experience,author_william_blake,decade_1780s
3934,3935,306364,"Sugar Daddy (Travises, #1)",author_lisa_kleypas,decade_2000s
3935,3936,900065,The Berenstain Bears and the Messy Room,author_stan_berenstain author_jan_berenstain,decade_1980s
3936,3937,349473,Blaze,author_richard_bachman author_stephen_king,decade_2000s
3937,3938,286507,"Demon Lord of Karanda (The Malloreon, #3)",author_david_eddings,decade_1980s
3938,3939,2693801,History of Art,author_hw_janson author_anthony_f_janson,decade_1960s
3939,3940,7202831,"Ice Cold (Rizzoli & Isles, #8)",author_tess_gerritsen,decade_2010s
3940,3941,68520,"The Winter King (The Warlord Chronicles, #1)",author_bernard_cornwell,decade_1990s
3941,3942,59969,"Sin City, Vol. 2: A Dame to Kill For (Sin City, #2)",author_frank_miller,decade_1990s
3942,3943,544424,"Leaving Paradise (Leaving Paradise, #1)",author_simone_elkeles,decade_2000s
3943,3944,475276,"D.N.Angel, Vol. 1 (D.N.Angel, #1)",author_yukiru_sugisaki,decade_1990s
3944,3945,226791,Total Control,author_david_baldacci,decade_1990s
3945,3946,6411016,Matterhorn,author_karl_marlantes,decade_2000s
3946,3947,2159225,"The Mysterious Benedict Society and the Perilous Journey (The Mysterious Benedict Society, #2)",author_trenton_lee_stewart author_diana_sudyka,decade_2000s
3947,3948,37526,Henry V,author_william_shakespeare author_barbara_a_mowat author_paul_werstine,decade_1590s
3948,3949,19083,Politics,author_aristotle,decade_0s
3949,3950,522776,The Wolf of Wall Street,author_jordan_belfort,decade_2000s
3950,3951,174834,The Cost of Discipleship,author_dietrich_bonhoeffer,decade_1930s
3951,3952,29430012,A Gentleman in Moscow,author_amor_towles,decade_2010s
3952,3953,6792458,The New Jim Crow: Mass Incarceration in the Age of Colorblindness,author_michelle_alexander,decade_2010s
3953,3954,32585,Hunger,author_knut_hamsun author_george_egerton,decade_1890s
3954,3955,18465852,The Book of Unknown Americans,author_cristina_henriquez,decade_2010s
3955,3956,11112619,"Fever (The Chemical Garden, #2)",author_lauren_destefano,decade_2010s
3956,3957,64865,"B is for Burglar  (Kinsey Millhone, #2)",author_sue_grafton,decade_1980s
3957,3958,3289281,"When Will There Be Good News? (Jackson Brodie, #3)",author_kate_atkinson,decade_2000s
3958,3959,3134981,The Joker,author_brian_azzarello author_lee_bermejo,decade_2000s
3959,3960,359375,Night Watch (Watch #1),author_sergei_lukyanenko author_andrew_bromfield,decade_1990s
3960,3961,17402288,Dept. of Speculation,author_jenny_offill,decade_2010s
3961,3962,22544024,Secrets of a Charmed Life,author_susan_meissner,decade_2010s
3962,3963,85448,The Great Santini,author_pat_conroy,decade_1970s
3963,3964,51606,Johnny Got His Gun,author_dalton_trumbo,decade_1930s
3964,3965,32502,"Angels Flight (Harry Bosch, #6; Harry Bosch Universe, #7)",author_michael_connelly,decade_1990s
3965,3966,4909,"Teacher Man (Frank McCourt, #3)",author_frank_mccourt,decade_2000s
3966,3967,5489684,"Vampire Kisses: The Beginning (Vampire Kisses, #1-3)",author_ellen_schreiber,decade_2000s
3967,3968,9307674,"The Last Guardian (Artemis Fowl, #8)",author_eoin_colfer,decade_2010s
3968,3969,414895,Planet of the Apes,author_pierre_boulle author_xan_fielding,decade_1960s
3969,3970,7600922,"Ghost Town (The Morganville Vampires, #9)",author_rachel_caine,decade_2010s
3970,3971,182496,Evergreen,author_belva_plain,decade_1970s
3972,3973,592657,Deliverance,author_james_dickey,decade_1970s
3973,3974,28547,"Dragonsinger (Harper Hall, #2)",author_anne_mccaffrey,decade_1970s
3974,3975,13049981,"Boundless (Unearthly, #3)",author_cynthia_hand,decade_2010s
3975,3976,29354916,The Whistler,author_john_grisham,decade_2010s
3976,3977,568454,"D.Gray-man, Volume 01",author_katsura_hoshino author_mayumi_kobayashi,decade_2000s
3977,3978,41810,The Robots of Dawn (Robot #3),author_isaac_asimov,decade_1980s
3978,3979,18431,The Rule of Four,author_ian_caldwell author_dustin_thomason,decade_2000s
3979,3980,16718083,"The Redemption of Callie & Kayden (The Coincidence, #2)",author_jessica_sorensen,decade_2010s
3980,3981,16277248,"Avatar: The Last Airbender (The Search, #1)",author_gene_luen_yang author_bryan_konietzko author_michael_dante_dimartino author_dave_marshall author_gurihiru,decade_2010s
3981,3982,32505,"The Closers (Harry Bosch, #11; Harry Bosch Universe, #13)",author_michael_connelly,decade_2000s
3982,3983,275000,"Fire and Ice (Warriors, #2)",author_erin_hunter,decade_2000s
3983,3984,5509920,The Darkest Whisper (Lords of the Underworld #4),author_gena_showalter,decade_2000s
3984,3985,46190,Love Is a Mix Tape,author_rob_sheffield,decade_2000s
3985,3986,14595,Please Kill Me: The Uncensored Oral History of Punk,author_legs_mcneil author_gillian_mccain,decade_1990s
3986,3987,29632984,The Things We Wish Were True,author_marybeth_mayhew_whalen,decade_2010s
3987,3988,833549,"Frog and Toad All Year (Frog and Toad, #3)",author_arnold_lobel,decade_1970s
3988,3989,68418,"The Dark Elf Trilogy Collector's Edition (Forgotten Realms: Dark Elf Trilogy, #1-3; Legend of Drizzt, #1-3)",author_ra_salvatore,decade_1990s
3989,3990,30225,"The Harlequin (Anita Blake, Vampire Hunter #15)",author_laurell_k_hamilton,decade_2000s
3990,3991,237320,So B. It,author_sarah_weeks,decade_2000s
3991,3992,1675216,"Found (The Missing, #1)",author_margaret_peterson_haddix,decade_2000s
3992,3993,26192467,First Comes Love,author_emily_giffin,decade_2010s
3993,3994,682745,The Basketball Diaries,author_jim_carroll,decade_1970s
3994,3995,59978,"Sin City, Vol. 4: That Yellow Bastard (Sin City, #4)",author_frank_miller,decade_1990s
3997,3998,82747," Angels (Walsh Family, #3)",author_marian_keyes,decade_2000s
3998,3999,8306745,"A World Without Heroes (Beyonders, #1)",author_brandon_mull,decade_2010s
3999,4000,5201089,"The Kings of Clonmel (Ranger's Apprentice, #8)",author_john_flanagan,decade_2000s
4000,4001,25816688,The Fireman,author_joe_hill,decade_2010s
4001,4002,19346451,"The Revenge of Seven (Lorien Legacies, #5)",author_pittacus_lore,decade_2010s
4002,4003,387749,Ben-Hur: A Tale of the Christ,author_lew_wallace,decade_1880s
4003,4004,9646,Homage to Catalonia,author_george_orwell author_lionel_trilling,decade_1930s
4004,4005,251519,Good Grief,author_lolly_winston,decade_2000s
4005,4006,18635622,"A Knight of the Seven Kingdoms (The Tales of Dunk and Egg, #1-3)",author_george_rr_martin author_gary_gianni,decade_2010s
4006,4007,7747263,"Misguided Angel (Blue Bloods, #5)",author_melissa_de_la_cruz,decade_2010s
4007,4008,16109563,"Undeniable (Undeniable, #1)",author_madeline_sheehan,decade_2010s
4010,4011,28233082,"The Girl In The Ice (Detective Erika Foster, #1)",author_robert_bryndza,decade_2010s
4011,4012,1270615,"Buffy the Vampire Slayer: The Long Way Home (Season 8, #1)",author_joss_whedon author_georges_jeanty,decade_2000s
4012,4013,7324659,Medium Raw: A Bloody Valentine to the World of Food and the People Who Cook,author_anthony_bourdain,decade_2010s
4013,4014,3562,"Emily of New Moon (Emily, #1)",author_lm_montgomery,decade_1920s
4014,4015,113205,Heart of a Dog,author_mikhail_bulgakov author_mirra_ginsburg author_mikhail_bulgakov,decade_1920s
4015,4016,676737,Grendel,author_john_gardner,decade_1970s
4016,4017,68528,"The Pale Horseman (The Saxon Stories, #2)",author_bernard_cornwell,decade_2000s
4017,4018,64582,Chaos: Making a New Science,author_james_gleick,decade_1980s
4018,4019,16982,Marvels,author_kurt_busiek author_alex_ross,decade_1990s
4019,4020,13722902,A Hologram for the King,author_dave_eggers,decade_2010s
4020,4021,10959277,The Future of Us,author_jay_asher author_carolyn_mackler,decade_2010s
4021,4022,1713912,"Cross Country (Alex Cross, #14)",author_james_patterson,decade_2000s
4022,4023,6538757,"Rock Chick (Rock Chick, #1)",author_kristen_ashley,decade_2000s
4023,4024,11366397,"The Program (The Program, #1)",author_suzanne_young,decade_2010s
4024,4025,84777,"City of Bones (Harry Bosch, #8; Harry Bosch Universe, #10)",author_michael_connelly,decade_2000s
4025,4026,45244,Judas Unchained,author_peter_f_hamilton,decade_2000s
4026,4027,7035,"Morality for Beautiful Girls (No. 1 Ladies' Detective Agency, #3)",author_alexander_mccall_smith,decade_2000s
4027,4028,4570679,Going Too Far,author_jennifer_echols,decade_2000s
4028,4029,16240761,The Son,author_philipp_meyer,decade_2010s
4029,4030,84132,"The Dream Hunter (Dark-Hunter #10, Dream-Hunter #1)",author_sherrilyn_kenyon,decade_2000s
4030,4031,33455,Island of the Sequined Love Nun,author_christopher_moore author_oliver_wyman,decade_1990s
4031,4032,26114135,All the Ugly and Wonderful Things,author_bryn_greenwood,decade_2010s
4032,4033,16101126,The Moon and More,author_sarah_dessen,decade_2010s
4033,4034,353,Time Enough for Love,author_robert_a_heinlein,decade_1970s
4034,4035,3895,The Barefoot Contessa Cookbook,author_ina_garten author_melanie_acevedo,decade_1990s
4035,4036,7800188,"Virals (Virals, #1)",author_kathy_reichs author_brendan_reichs,decade_2010s
4036,4037,12902549,"An Invisible Thread: The True Story of an 11-Year-Old Panhandler, a Busy Sales Executive, and an Unlikely Meeting with Destiny",author_laura_schroff author_alex_tresniowski author_valerie_salembier,decade_2010s
4037,4038,6167746,"Marked / Betrayed / Chosen / Untamed (House of Night, #1-4)",author_pc_cast author_kristin_cast,decade_2000s
4038,4039,6365221,Mennonite in a Little Black Dress: A Memoir of Going Home,author_rhoda_janzen,decade_2000s
4039,4040,830791,The Simple Truth,author_david_baldacci,decade_1990s
4040,4041,26891429,"The City of Mirrors (The Passage, #3)",author_justin_cronin,decade_2010s
4043,4044,395962,"Kushiel's Chosen (Phèdre's Trilogy, #2)",author_jacqueline_carey,decade_2000s
4044,4045,22874559,Half Girlfriend,author_chetan_bhagat,decade_2010s
4046,4047,52397,"Parable of the Sower (Earthseed, #1)",author_octavia_e_butler,decade_1990s
4047,4048,11872242,"11th Hour (Women's Murder Club, #11)",author_james_patterson author_maxine_paetro,decade_2010s
4048,4049,13151129,"Earth Unaware (The First Formic War, #1)",author_orson_scott_card author_aaron_johnston,decade_2010s
4050,4051,9999107,The American Heiress,author_daisy_goodwin,decade_2010s
4051,4052,659612,"Seeds of Yesterday (Dollanganger, #4)",author_vc_andrews,decade_1980s
4054,4055,608287,Jesus' Son,author_denis_johnson,decade_1990s
4055,4056,13573622,"The Last Man (Mitch Rapp, #13)",author_vince_flynn,decade_2010s
4056,4057,9503,Saving Fish from Drowning,author_amy_tan,decade_2000s
4057,4058,13547381,Love Anthony,author_lisa_genova,decade_2010s
4058,4059,641604,Purple Cow: Transform Your Business by Being Remarkable,author_seth_godin,decade_2000s
4059,4060,16131489,"The Last Star (The 5th Wave, #3)",author_rick_yancey,decade_2010s
4061,4062,426825,QB VII,author_leon_uris,decade_1970s
4062,4063,24876258,"The Aeronaut's Windlass (The Cinder Spires, #1)",author_jim_butcher,decade_2010s
4063,4064,23529,From Hell,author_alan_moore author_eddie_campbell author_pete_mullins,decade_1990s
4064,4065,86321,"Black Rose (In the Garden, #2)",author_nora_roberts,decade_2000s
4065,4066,65910,"The Perfect Husband (Quincy & Rainie, #1)",author_lisa_gardner,decade_1990s
4066,4067,113310,The Eight (The Eight #1),author_katherine_neville,decade_1980s
4067,4068,1499952,"Daddy-Long-Legs (Daddy-Long-Legs, #1)",author_jean_webster,decade_1910s
4068,4069,161887,East,author_edith_pattou,decade_2000s
4069,4070,127584,"Dragonquest (Pern, #2)",author_anne_mccaffrey,decade_1970s
4070,4071,357636,Civilization and Its Discontents,author_sigmund_freud author_james_strachey author_peter_gay,decade_1930s
4071,4072,12394068,A Street Cat Named Bob: How One Man and His Cat Found Hope on the Streets,author_james_bowen,decade_2010s
4072,4073,17411703,"Complete Me (Stark Trilogy, #3)",author_j_kenner,decade_2010s
4073,4074,19288321,"Fool's Assassin (The Fitz and the Fool, #1)",author_robin_hobb,decade_2010s
4074,4075,31979,"Astonishing X-Men, Volume 1: Gifted",author_joss_whedon author_john_cassaday,decade_2000s
4075,4076,5152561,"Fragile Eternity (Wicked Lovely, #3)",author_melissa_marr,decade_2000s
4076,4077,11227041,"The Gamble (Colorado Mountain, #1)",author_kristen_ashley,decade_2010s
4077,4078,32628,The Great and Secret Show (Book of the Art #1),author_clive_barker,decade_1980s
4078,4079,29,The Mother Tongue: English and How It Got That Way,author_bill_bryson,decade_1990s
4079,4080,1918305,The Geography of Bliss: One Grump's Search for the Happiest Places in the World,author_eric____weiner,decade_2000s
4080,4081,231,I am Charlotte Simmons,author_tom_wolfe,decade_2000s
4081,4082,25564665,"The Mistake (Off-Campus, #2)",author_elle_kennedy,decade_2010s
4082,4083,73089,"Match Me If You Can (Chicago Stars, #6)",author_susan_elizabeth_phillips,decade_2000s
4083,4084,59830,"Heaven and Earth (Three Sisters Island, #2)",author_nora_roberts,decade_2000s
4084,4085,32430,The Bad Place,author_dean_koontz,decade_1980s
4085,4086,17204568,"Crazy Little Thing (Bell Harbor, #1)",author_tracy_brogan,decade_2010s
4087,4088,3609763,"The Twilight Saga: The Official Illustrated Guide (Twilight, #4.5)",author_stephenie_meyer,decade_2010s
4089,4090,64023,Celebration of Discipline: The Path to Spiritual Growth,author_richard_j_foster,decade_1970s
4090,4091,517188,The Prime of Miss Jean Brodie,author_muriel_spark,decade_1960s
4091,4092,138202,"Sloppy Firsts (Jessica Darling, #1)",author_megan_mccafferty,decade_2000s
4092,4093,13477676,"Forgive Me, Leonard Peacock",author_matthew_quick,decade_2010s
4093,4094,39963,"A Long Way from Chicago (A Long Way from Chicago, #1)",author_richard_peck,decade_1990s
4094,4095,5575,Cradle and All,author_james_patterson,decade_1980s
4096,4097,18465566,This One Summer,author_mariko_tamaki author_jillian_tamaki,decade_2010s
4098,4099,1883838,The Heroin Diaries: A Year In The Life Of A Shattered Rock Star,author_nikki_sixx,decade_2000s
4099,4100,4957350,Tinkers,author_paul_harding,decade_2000s
4100,4101,15568,"The Druid of Shannara (Heritage of Shannara, #2)",author_terry_brooks,decade_1990s
4101,4102,22843341,Stepbrother Dearest,author_penelope_ward,decade_2010s
4102,4103,14376,Einstein's Dreams,author_alan_lightman,decade_1990s
4103,4104,5695,Demons,author_fyodor_dostoyevsky author_richard_pevear author_larissa_volokhonsky,decade_1870s
4104,4105,84144,Seize the Night (Dark-Hunter #6),author_sherrilyn_kenyon,decade_2000s
4105,4106,49455,Notes from Underground,author_fyodor_dostoyevsky author_christian_redl author_philip_dossick author_emanuela_guercetti author_michelleirne_brudny author_richard_pevear author_norman_dietz author_donald_fanger author_coderati author_boris_de_schlzer author_larissa_volokhonsky,decade_1860s
4108,4109,18301124,Making Faces,author_amy_harmon,decade_2010s
4109,4110,288644,Q & A,author_vikas_swarup,decade_2000s
4110,4111,29430013,The Trespasser (Dublin Murder Squad #6),author_tana_french,decade_2010s
4111,4112,789344,"Encyclopedia Brown, Boy Detective (Encyclopedia Brown, #1)",author_donald_j_sobol,decade_1960s
4112,4113,138685,"Dissolution (Matthew Shardlake, #1)",author_cj_sansom,decade_2000s
4113,4114,890143,"The Clique (The Clique, #1)",author_lisi_harrison,decade_2000s
4114,4115,17910054,The Sixth Extinction: An Unnatural History,author_elizabeth_kolbert,decade_2010s
4115,4116,13325079,Billy Lynn's Long Halftime Walk,author_ben_fountain,decade_2010s
4116,4117,99315,A Whole New Mind: Why Right-Brainers Will Rule the Future,author_daniel_h_pink,decade_2000s
4117,4118,77160,"Across the Nightingale Floor (Tales of the Otori, #1)",author_lian_hearn,decade_2000s
4118,4119,2094,A Briefer History of Time,author_stephen_hawking author_leonard_mlodinow,decade_2000s
4119,4120,117047,The Blind Watchmaker: Why the Evidence of Evolution Reveals a Universe Without Design,author_richard_dawkins,decade_1980s
4120,4121,59822,"Face the Fire (Three Sisters Island, #3)",author_nora_roberts,decade_2000s
4121,4122,17834834,Once We Were Brothers,author_ronald_h_balson,decade_2010s
4122,4123,27401883,When I'm Gone,author_emily_bleeker author_dan_john_miller,decade_2010s
4123,4124,16435,Life Expectancy,author_dean_koontz,decade_2000s
4124,4125,2866413,"The Dragon Heir (The Heir Chronicles, #3)",author_cinda_williams_chima,decade_2000s
4125,4126,7171876,"Fallout (Crank, #3)",author_ellen_hopkins,decade_2010s
4126,4127,123598,"Black Notice (Kay Scarpetta, #10)",author_patricia_cornwell,decade_1990s
4127,4128,28449257,The Wonder,author_emma_donoghue,decade_2010s
4128,4129,111218,Innocent Traitor,author_alison_weir,decade_2000s
4129,4130,4656,The Fourth Hand,author_john_irving,decade_2000s
4130,4131,425123,"Gone, Baby, Gone (Kenzie & Gennaro, #4)",author_dennis_lehane,decade_1990s
4132,4133,217436,On Mystic Lake,author_kristin_hannah,decade_1990s
4133,4134,78131,"The Killing Game (Eve Duncan, #2)",author_iris_johansen,decade_1990s
4134,4135,15768409,"The Retribution of Mara Dyer (Mara Dyer, #3)",author_michelle_hodkin,decade_2010s
4136,4137,2145681,A Wolf at the Table,author_augusten_burroughs,decade_2000s
4137,4138,40290,"Seventh Son (Tales of Alvin Maker, #1)",author_orson_scott_card,decade_1980s
4138,4139,16697,The Mysteries of Pittsburgh,author_michael_chabon,decade_1980s
4139,4140,146274,Manhunt: The 12-Day Chase for Lincoln's Killer,author_james_l_swanson,decade_2000s
4140,4141,6631792,The Book of Tomorrow,author_cecelia_ahern,decade_2000s
4142,4143,18298225,On the Fence,author_kasie_west,decade_2010s
4143,4144,25153134,Follow You Home,author_mark__edwards,decade_2010s
4145,4146,481446,Nefertiti,author_michelle_moran,decade_2000s
4146,4147,11709037,"You Are Not So Smart: Why You Have Too Many Friends on Facebook, Why Your Memory Is Mostly Fiction, and 46 Other Ways You're Deluding Yourself",author_david_mcraney,decade_2010s
4147,4148,72854,"Into the Wilderness (Wilderness, #1)",author_sara_donati,decade_1990s
4148,4149,1519,"The Oresteia  (Ορέστεια, #1-3)",author_aeschylus author_robert_fagles author_william_bedell_stanford,decade_0s
4149,4150,17167084,"How the Light Gets In (Chief Inspector Armand Gamache, #9)",author_louise_penny,decade_2010s
4152,4153,111222,The Life of Elizabeth I,author_alison_weir,decade_1990s
4154,4155,8163722,Earth (The Book): A Visitor's Guide to the Human Race,author_jon_stewart author_rory_albanese author_kevin_bleyer author_rich_bloomquist author_steve_bodow author_tim_carvell author_wyatt_cenac author_hallie_haglund author_jr_havlan author_david_javerbaum author_elliott_kalan author_josh_lieb author_sam_means author_jo_miller author_john_oliver author_daniel_radosh author_jason_ross,decade_2010s
4155,4156,6315602,"My Soul to Take (Soul Screamers, #1)",author_rachel_vincent,decade_2000s
4156,4157,15019,"Conversations With God: An Uncommon Dialogue, Book 2",author_neale_donald_walsch,decade_1990s
4157,4158,9413044,"Everneath (Everneath, #1)",author_brodi_ashton,decade_2010s
4158,4159,3400816,"Plum Spooky (Stephanie Plum, #14.5)",author_janet_evanovich,decade_2000s
4159,4160,1426,Warrior of the Light,author_paulo_coelho,decade_1990s
4160,4161,2548866,"James Potter and the Hall of Elders' Crossing (James Potter, #1)",author_g_norman_lippert,decade_2000s
4161,4162,2936415,Where Men Win Glory: The Odyssey of Pat Tillman,author_jon_krakauer,decade_2000s
4162,4163,824062,God's Smuggler,author_brother_andrew author_elizabeth_sherrill author_john_sherrill,decade_1960s
4164,4165,18660447,The Fill-In Boyfriend,author_kasie_west,decade_2010s
4165,4166,161426,How I Live Now,author_meg_rosoff,decade_2000s
4166,4167,47613,"Mister Monday (The Keys to the Kingdom, #1)",author_garth_nix,decade_2000s
4169,4170,6006518,"Strange Angels (Strange Angels, #1)",author_lili_st_crow author_lilith_saintcrow,decade_2000s
4170,4171,103342,Stolen Lives: Twenty Years in a Desert Jail,author_malika_oufkir author_michle_fitoussi,decade_1990s
4171,4172,6013511,Black Hills,author_nora_roberts,decade_2000s
4172,4173,91714,Civil War: A Marvel Comics Event,author_mark_millar author_steve_mcniven author_dexter_vines author_morry_hollowell,decade_2000s
4173,4174,609870,The Vow: The Kim & Krickitt Carpenter Story,author_kim_carpenter author_john_r_perry author_krickitt_carpenter,decade_2000s
4174,4175,7171856,The Puppet Masters,author_robert_a_heinlein,decade_1950s
4175,4176,23212667,All the Missing Girls,author_megan_miranda,decade_2010s
4176,4177,921651,Just Go to Bed,author_mercer_mayer,decade_1980s
4178,4179,228063,"xxxHolic, Vol. 1 (xxxHOLiC, #1)",author_clamp author_william_flanagan,decade_2000s
4179,4180,279692,"Miss Nelson Is Back (Miss Nelson, #2)",author_harry_allard author_james__marshall,decade_1980s
4180,4181,77505,"Green Mars (Mars Trilogy, #2)",author_kim_stanley_robinson,decade_1990s
4181,4182,28691,"To Green Angel Tower (Memory, Sorrow, and Thorn, #3)",author_tad_williams,decade_1990s
4182,4183,45685,The Canterville Ghost,author_oscar_wilde author_inga_moore,decade_1880s
4183,4184,18630542,Seconds,author_bryan_lee_omalley author_nathan_fairbairn,decade_2010s
4184,4185,16134551,"Fallen Crest High (Fallen Crest High, #1)",author_tijan,decade_2010s
4186,4187,6572,Suffer the Children,author_john_saul,decade_1970s
4187,4188,24137,"Catherine, Called Birdy",author_karen_cushman,decade_1990s
4188,4189,613283,Princess: A True Story of Life Behind the Veil in Saudi Arabia,author_jean_sasson,decade_1990s
4189,4190,15547,"Magic Kingdom For Sale/Sold (Magic Kingdom of Landover, #1)",author_terry_brooks,decade_1980s
4190,4191,68984,The Power of Your Subconscious Mind,author_joseph_murphy author_ian_mcmahan,decade_1960s
4191,4192,31341,"Blood And Gold (The Vampire Chronicles, #8)",author_anne_rice,decade_2000s
4192,4193,10816908,"The Crown of Embers (Fire and Thorns, #2)",author_rae_carson,decade_2010s
4193,4194,153785,"Page (Protector of the Small, #2)",author_tamora_pierce,decade_2000s
4194,4195,18170039,"The Guard (The Selection, #2.5)",author_kiera_cass,decade_2010s
4195,4196,816870,Johnny Tremain,author_esther_forbes author_lynd_ward,decade_1940s
4196,4197,172732,The Motorcycle Diaries: Notes on a Latin American Journey,author_ernesto_che_guevara author_aleida_guevara_march,decade_1990s
4197,4198,16090636,"Fight with Me (With Me in Seattle, #2)",author_kristen_proby,decade_2010s
4198,4199,125956,"Black: The Birth of Evil (The Circle, #1)",author_ted_dekker,decade_2000s
4199,4200,6437061,"The Hundred Thousand Kingdoms (Inheritance Trilogy, #1)",author_nk_jemisin,decade_2010s
4200,4201,857445,Officer Buckle & Gloria,author_peggy_rathmann,decade_1990s
4201,4202,63033,The Savage Detectives,author_roberto_bolao author_natasha_wimmer,decade_1990s
4202,4203,11300302,"Alice in Zombieland (White Rabbit Chronicles, #1)",author_gena_showalter,decade_2010s
4203,4204,6801582,"Spells (Wings, #2)",author_aprilynne_pike,decade_2000s
4204,4205,59151,Chess Story,author_stefan_zweig author_joel_rotenberg author_hans_hausmann author_dirk_muller author_peter_gay author_willy_trenktrebitsch author_mario_adorf author_gert_westphal,decade_1940s
4206,4207,11198312,"The Medusa Plot (39 Clues: Cahills vs. Vespers, #1)",author_gordon_korman,decade_2010s
4207,4208,266904,"The Penderwicks: A Summer Tale of Four Sisters, Two Rabbits, and a Very Interesting Boy (The Penderwicks #1)",author_jeanne_birdsall,decade_2000s
4208,4209,7164343,"The Lion (John Corey, #5)",author_nelson_demille,decade_2010s
4209,4210,112754,"Kiss of the Highlander (Highlander, #4)",author_karen_marie_moning,decade_2000s
4210,4211,12722468,Elizabeth the Queen: The Life of a Modern Monarch,author_sally_bedell_smith,decade_2010s
4211,4212,19101283,The Son,author_jo_nesb author_charlotte_barslund,decade_2010s
4212,4213,6839093,"Chew, Vol. 1: Taster's Choice",author_john_layman author_rob_guillory,decade_2000s
4213,4214,785453,A Single Shard,author_linda_sue_park,decade_2000s
4214,4215,29187,"Time of the Twins (Dragonlance: Legends, #1)",author_margaret_weis author_tracy_hickman,decade_1980s
4215,4216,7743117,Sacré Bleu: A Comedy d'Art,author_christopher_moore,decade_2010s
4216,4217,331256,Roadside Picnic,author_arkady_strugatsky author_boris_strugatsky author_antonina_w_bouis author_antonina_w_bouis author_theodore_sturgeon,decade_1970s
4217,4218,2068676,"Queen of Babble Gets Hitched (Queen of Babble, #3)",author_meg_cabot,decade_2000s
4218,4219,182381,Cranford,author_elizabeth_gaskell,decade_1850s
4219,4220,11761,Underworld,author_don_delillo,decade_1990s
4220,4221,50140,Big Sur,author_jack_kerouac author_aram_saroyan,decade_1960s
4221,4222,200572,"My Man Jeeves (Jeeves, #1)",author_pg_wodehouse,decade_1910s
4222,4223,6368610,"Radiant Shadows (Wicked Lovely, #4)",author_melissa_marr,decade_2010s
4223,4224,13448656,"Motorcycle Man (Dream Man, #4)",author_kristen_ashley,decade_2010s
4224,4225,20980987,"The Art of Asking; or, How I Learned to Stop Worrying and Let People Help",author_amanda_palmer,decade_2010s
4225,4226,14288998,"Into the Still Blue (Under the Never Sky, #3)",author_veronica_rossi,decade_2010s
4226,4227,296302,The Last Summer (of You and Me),author_ann_brashares,decade_2000s
4227,4228,95406,"Preacher, Volume 2: Until the End of the World",author_garth_ennis author_steve_dillon,decade_1990s
4228,4229,36,The Lord of the Rings: Weapons and Warfare,author_chris___smith author_christopher_lee author_richard_taylor,decade_2000s
4229,4230,215543,"The Lost City of Faar (Pendragon, #2)",author_dj_machale,decade_2000s
4230,4231,31374,"A Great Deliverance (Inspector Lynley, #1)",author_elizabeth__george,decade_1980s
4231,4232,7194,The Club Dumas,author_arturo_prezreverte author_sonia_soto,decade_1990s
4232,4233,248482,"Enna Burning (The Books of Bayern, #2)",author_shannon_hale,decade_2000s
4233,4234,93724,"Twilight (The Mediator, #6)",author_meg_cabot,decade_2000s
4235,4236,105999,"Dear Mr. Henshaw (Leigh Botts, #1)",author_beverly_cleary author_paul_o_zelinsky,decade_1980s
4236,4237,16055,The Magician's Assistant,author_ann_patchett,decade_1990s
4237,4238,3378,Generation X: Tales for an Accelerated Culture,author_douglas_coupland,decade_1990s
4238,4239,23168277,The Sympathizer,author_viet_thanh_nguyen,decade_2010s
4239,4240,16305,"Evil Under the Sun (Hercule Poirot, #23)",author_agatha_christie,decade_1940s
4240,4241,17375956,"Reaper's Property (Reapers MC, #1)",author_joanna_wylde,decade_2010s
4241,4242,164542,"My Friend Flicka (Flicka, #1)",author_mary_ohara author_dave_blossom,decade_1940s
4242,4243,12326644,"The Kingmaker's Daughter (The Plantagenet and Tudor Novels, #4)",author_philippa_gregory author_mirjana_valent,decade_2010s
4243,4244,292275,Hedda Gabler,author_henrik_ibsen author_william_archer,decade_1890s
4245,4246,22698568,"The Invasion of the Tearling (The Queen of the Tearling, #2)",author_erika_johansen,decade_2010s
4247,4248,8724779,Marked / Betrayed / Chosen / Untamed / Hunted (House of Night #1-5),author_pc_cast author_kristin_cast,decade_2000s
4248,4249,588369,A Place Called Here,author_cecelia_ahern,decade_2000s
4249,4250,99664,The Painted Veil,author_w_somerset_maugham,decade_1920s
4250,4251,31337,"Blackwood Farm (The Vampire Chronicles, #9)",author_anne_rice,decade_2000s
4251,4252,832543,Anatomy of the Spirit: The Seven Stages of Power and Healing,author_caroline_myss,decade_1990s
4252,4253,7036,"The Kalahari Typing School for Men (No. 1 Ladies' Detective Agency, #4)",author_alexander_mccall_smith,decade_2000s
4253,4254,16158535,A Hundred Summers,author_beatriz_williams,decade_2010s
4254,4255,25558608,"A Torch Against the Night (An Ember in the Ashes, #2)",author_sabaa_tahir,decade_2010s
4255,4256,556136,The Wednesday Wars,author_gary_d_schmidt,decade_2000s
4256,4257,227454,"The Legacy (Forgotten Realms: Legacy of the Drow, #1; Legend of Drizzt, #7)",author_ra_salvatore,decade_1990s
4257,4258,803171,Skippyjon Jones,author_judy_schachner,decade_2000s
4258,4259,9410421,Chasing Fire,author_nora_roberts,decade_2010s
4259,4260,95887,Eat That Frog!: 21 Great Ways to Stop Procrastinating and Get More Done in Less Time,author_brian_tracy,decade_2000s
4260,4261,4600,"Moo, Baa, La La La!",author_sandra_boynton,decade_1980s
4261,4262,342504,The Science of Getting Rich,author_wallace_d_wattles,decade_1910s
4262,4263,2277444,"The Last Oracle (Sigma Force, #5)",author_james_rollins,decade_2000s
4264,4265,101911,Vinegar Hill,author_a_manette_ansay,decade_1990s
4265,4266,234501,"Startide Rising (The Uplift Saga, #2)",author_david_brin,decade_1980s
4266,4267,16282066,"Significance (Significance, #1)",author_shelly_crane,decade_2010s
4267,4268,880,Pompeii,author_robert___harris,decade_2000s
4268,4269,25066991,"The Guilty (Will Robie, #4)",author_david_baldacci,decade_2010s
4269,4270,243685,A History of Western Philosophy,author_bertrand_russell,decade_1940s
4272,4273,672875,Le Morte d'Arthur: King Arthur and the Legends of the Round Table,author_thomas_malory author_keith_baines author_robert_graves,decade_1480s
4273,4274,196764,A Piece of Cake,author_cupcake_brown,decade_2000s
4274,4275,24782,Taran Wanderer (The Chronicles of Prydain #4),author_lloyd_alexander,decade_1960s
4275,4276,136637,"Brimstone (Pendergast, #5; Diogenes, #1)",author_douglas_preston author_lincoln_child,decade_2000s
4277,4278,114166,"Devil in Winter (Wallflowers, #3)",author_lisa_kleypas,decade_2000s
4278,4279,2169506,"The Dead and the Gone (Last Survivors, #2)",author_susan_beth_pfeffer,decade_2000s
4280,4281,6758331,The Darkest Passion (Lords of the Underworld #5),author_gena_showalter,decade_2010s
4281,4282,4601396,Pygmy,author_chuck_palahniuk,decade_2000s
4282,4283,16130307,"Revenge Wears Prada: The Devil Returns (The Devil Wears Prada, #2)",author_lauren_weisberger,decade_2010s
4283,4284,5693,Selected Stories,author_anton_chekhov author_richard_pevear author_larissa_volokhonsky,decade_1900s
4286,4287,11433,"Redemption (Redemption, #1)",author_karen_kingsbury author_gary_smalley,decade_2000s
4287,4288,64481,A Northern Light,author_jennifer_donnelly,decade_2000s
4288,4289,79705,"Apollyon (Left Behind, #5)",author_tim_lahaye author_jerry_b_jenkins,decade_1990s
4289,4290,192893,"Whose Body?  (Lord Peter Wimsey, #1)",author_dorothy_l_sayers,decade_1920s
4290,4291,24215,Alice's Adventures in Wonderland: A Pop-Up Adaptation,author_robert_sabuda author_lewis_carroll,decade_2000s
4291,4292,737957,Michelangelo and the Pope's Ceiling,author_ross_king,decade_2000s
4292,4293,11922,"Stolen (Women of the Otherworld, #2)",author_kelley_armstrong,decade_2000s
4293,4294,85306,"Hour Game (Sean King & Michelle Maxwell, #2)",author_david_baldacci,decade_2000s
4294,4295,2277378,"The Cruelest Month (Chief Inspector Armand Gamache, #3)",author_louise_penny,decade_2000s
4295,4296,10444,"Ballet Shoes (Shoes, #1)",author_noel_streatfeild author_diane_goode,decade_1930s
4297,4298,668,We the Living,author_ayn_rand author_leonard_peikoff,decade_1930s
4298,4299,20443207,"The Winner's Crime (The Winner's Trilogy, #2)",author_marie_rutkoski,decade_2010s
4299,4300,18282800,The Ladies' Room,author_carolyn_brown,decade_2010s
4300,4301,76889,100 Selected Poems,author_ee_cummings,decade_1950s
4301,4302,2202049,"Such a Pretty Fat: One Narcissist's Quest to Discover If Her Life Makes Her Ass Look Big, or Why Pie Is Not the Answer",author_jen_lancaster,decade_2000s
4302,4303,831194,"Forest of Secrets (Warriors, #3)",author_erin_hunter,decade_2000s
4303,4304,6065182,The Little Stranger,author_sarah_waters,decade_2000s
4304,4305,17562900,"Night Broken (Mercy Thompson, #8)",author_patricia_briggs,decade_2010s
4305,4306,17399160,"Snow Like Ashes (Snow Like Ashes, #1)",author_sara_raasch,decade_2010s
4306,4307,17830123,We Are Not Ourselves,author_matthew__thomas,decade_2010s
4307,4308,59821,"Red Lily (In the Garden, #3)",author_nora_roberts,decade_2000s
4309,4310,68526,"Lords of the North (The Saxon Stories, #3)",author_bernard_cornwell,decade_2000s
4310,4311,162719,"Just Ella (The Palace Chronicles, #1)",author_margaret_peterson_haddix,decade_1990s
4311,4312,16122643,"Eyes Wide Open (The Blackstone Affair, #3)",author_raine_miller,decade_2010s
4312,4313,18404427,China Dolls,author_lisa_see,decade_2010s
4313,4314,238360,Megan Meade's Guide to the McGowan Boys,author_kate_brian,decade_2000s
4314,4315,911579,Bread and Jam for Frances,author_russell_hoban author_lillian_hoban,decade_1960s
4316,4317,15858,Mirror Mirror,author_gregory_maguire,decade_2000s
4317,4318,21969786,More Than This,author_patrick_ness,decade_2010s
4319,4320,95621,"As Sure as the Dawn (Mark of the Lion, #3)",author_francine_rivers,decade_1990s
4320,4321,16158596,Lexicon,author_max_barry,decade_2010s
4322,4323,20701984,El Deafo,author_cece_bell author_david_lasky,decade_2010s
4323,4324,16140408,"Down London Road (On Dublin Street, #2)",author_samantha_young,decade_2010s
4324,4325,30069,"The Walking Dead, Vol. 03: Safety Behind Bars",author_robert_kirkman author_charlie_adlard,decade_2000s
4325,4326,22584,"Flow My Tears, the Policeman Said",author_philip_k_dick,decade_1970s
4327,4328,73385,A Knight in Shining Armor,author_jude_deveraux,decade_1980s
4328,4329,7157310,"Rot & Ruin (Rot & Ruin, #1)",author_jonathan_maberry,decade_2010s
4329,4330,22632,The Trial and Death of Socrates,author_plato author_gma_grube author_john_m_cooper,decade_0s
4331,4332,261243,History of the Peloponnesian War,author_thucydides author_rex_warner author_moses_i_finley,decade_0s
4332,4333,2918374,The Red Badge of Courage and Selected Short Fiction  ,author_stephen_crane author_george_stade author_richard_fusco,decade_1890s
4333,4334,5776788,"Sandman Slim (Sandman Slim, #1)",author_richard_kadrey,decade_2000s
4334,4335,5556466,The Last Child,author_john_hart,decade_2000s
4335,4336,17717,Labyrinths:  Selected Stories and Other Writings,author_jorge_luis_borges author_donald_a_yates author_james_e_irby author_andr_maurois,decade_1960s
4337,4338,52258,The Price of Salt,author_patricia_highsmith,decade_1950s
4338,4339,9662386,"Tiger's Quest (The Tiger Saga, #2)",author_colleen_houck,decade_2010s
4339,4340,6319978,"Friday Night Bites (Chicagoland Vampires, #2)",author_chloe_neill,decade_2000s
4341,4342,365006,The Oath,author_frank_e_peretti,decade_1990s
4342,4343,2218252,"Rumors (Luxe, #2)",author_anna_godbersen,decade_2000s
4343,4344,16101018,The Day the Crayons Quit,author_drew_daywalt author_oliver_jeffers,decade_2010s
4344,4345,93729,"Princess in Waiting (The Princess Diaries, #4)",author_meg_cabot,decade_2000s
4345,4346,11281852,Kisses from Katie: A Story of Relentless Love and Redemption,author_katie_j_davis author_beth_clark,decade_2010s
4347,4348,88077,The Magic Mountain,author_thomas_mann author_john_e_woods,decade_1920s
4348,4349,32507,Chasing the Dime,author_michael_connelly,decade_2000s
4349,4350,17234658,"A Thousand Pieces of You (Firebird, #1)",author_claudia_gray,decade_2010s
4350,4351,828084,Pictures of Hollis Woods,author_patricia_reilly_giff,decade_2000s
4351,4352,45245,"The Reality Dysfunction (Night's Dawn, #1)",author_peter_f_hamilton,decade_1990s
4352,4353,119382,The Sands of Time,author_sidney_sheldon,decade_1980s
4353,4354,13537891,NW,author_zadie_smith,decade_2010s
4354,4355,530848,"Eighth Grade Bites (The Chronicles of Vladimir Tod, #1)",author_heather_brewer,decade_2000s
4355,4356,10639,The Paradox of Choice: Why More Is Less,author_barry_schwartz,decade_2000s
4356,4357,30324,Blood and Chocolate,author_annette_curtis_klause,decade_1990s
4357,4358,6413193,"Nine Dragons (Harry Bosch, #15; Mickey Haller, #3; Harry Bosch Universe, #18)",author_michael_connelly,decade_2000s
4358,4359,9784,"Women in Love (Brangwen Family, #2)",author_dh_lawrence,decade_1920s
4359,4360,31106,Second Chance,author_jane_green,decade_2000s
4360,4361,889284,The Postman,author_david_brin,decade_1980s
4361,4362,12799058,Summerland,author_elin_hilderbrand,decade_2010s
4362,4363,15957,The Patron Saint of Liars,author_ann_patchett,decade_1990s
4363,4364,96593,The Success Principles: How to Get from Where You Are to Where You Want to Be,author_jack_canfield author_janet_switzer,decade_2000s
4364,4365,13565914,"Knight (Unfinished Hero, #1)",author_kristen_ashley,decade_2010s
4365,4366,7723797,Business Model Generation,author_alexander_osterwalder author_yves_pigneur,decade_2010s
4366,4367,10954979,The Swerve: How the World Became Modern,author_stephen_greenblatt,decade_2010s
4367,4368,10108,"The Autobiography of Henry VIII: With Notes by His Fool, Will Somers",author_margaret_george,decade_1980s
4368,4369,3717,Stranger than Fiction,author_chuck_palahniuk,decade_2000s
4369,4370,570172,The Brain That Changes Itself: Stories of Personal Triumph from the Frontiers of Brain Science,author_norman_doidge,decade_2000s
4370,4371,61181,The Ringworld Engineers (Ringworld #2),author_larry_niven,decade_1970s
4371,4372,7766027,"I Hunt Killers (Jasper Dent, #1)",author_barry_lyga,decade_2010s
4372,4373,17880714,"Crashed (Driven, #3)",author_k_bromberg,decade_2010s
4373,4374,23398625,Kitchens of the Great Midwest,author_j_ryan_stradal,decade_2010s
4374,4375,1031461,Stone Soup,author_ann_mcgovern author_winslow_pinney_pels author_winslow_pinn author_ey_pels,decade_1970s
4376,4377,15734464,"12th of Never (Women's Murder Club, #12)",author_james_patterson author_maxine_paetro,decade_2010s
4377,4378,15790883,"Promise of Blood (Powder Mage, #1)",author_brian__mcclellan,decade_2010s
4378,4379,294042,"Black Order (Sigma Force, #3)",author_james_rollins,decade_2000s
4379,4380,2199587,"Fractured (Will Trent, #2)",author_karin_slaughter,decade_2000s
4380,4381,28763485,The Sun Is Also a Star,author_nicola_yoon,decade_2010s
4381,4382,23717678,The Murder House,author_james_patterson author_david_ellis,decade_2010s
4382,4383,38180,On the Beach,author_nevil_shute,decade_1950s
4383,4384,22749994,Funny Girl,author_nick_hornby,decade_2010s
4384,4385,6257535,New York,author_edward_rutherfurd,decade_2000s
4385,4386,20764879,"A Gathering of Shadows (Shades of Magic, #2)",author_ve_schwab author_victoria_schwab,decade_2010s
4386,4387,65948,From the Corner of His Eye,author_dean_koontz,decade_2000s
4387,4388,9833,"Blind Willow, Sleeping Woman",author_haruki_murakami author_philip_gabriel author_jay_rubin,decade_2000s
4388,4389,2815949,Barefoot Contessa Back to Basics,author_ina_garten author_quentin_bacon,decade_2000s
4389,4390,31100,To Have and to Hold,author_jane_green,decade_2000s
4390,4391,80570,Smashed: Story of a Drunken Girlhood,author_koren_zailckas,decade_2000s
4391,4392,9355,Until I Find You,author_john_irving,decade_2000s
4392,4393,6380822,"The Dark Divine (The Dark Divine, #1)",author_bree_despain,decade_2000s
4394,4395,241823,Women Who Run With the Wolves: Myths and Stories of the Wild Woman Archetype,author_clarissa_pinkola_ests,decade_1990s
4395,4396,169879,"Calling on Dragons (Enchanted Forest Chronicles, #3)",author_patricia_c_wrede author_peter_de_sve,decade_1990s
4397,4398,2467566,The Long Tail: Why the Future of Business is Selling Less of More,author_chris_anderson,decade_2000s
4398,4399,54270,Mein Kampf,author_adolf_hitler,decade_1920s
4399,4400,31098,Swapping Lives,author_jane_green,decade_2000s
4400,4401,4201106,"A Rule Against Murder (Chief Inspector Armand Gamache, #4)",author_louise_penny,decade_2000s
4401,4402,12951824,"The Perfect Hope (Inn Boonsboro, #3)",author_nora_roberts,decade_2010s
4402,4403,12368985,"Consequences (Consequences, #1)",author_aleatha_romig,decade_2010s
4403,4404,783127,The 7 Habits of Highly Effective Teens: The Ultimate Teenage Success Guide,author_sean_covey,decade_1990s
4404,4405,7150174,"The Strange Case of Origami Yoda (Origami Yoda, #1)",author_tom_angleberger,decade_2010s
4405,4406,33727,"Welcome to Temptation (Dempseys, #1)",author_jennifer_crusie,decade_1990s
4406,4407,8537327,Inside Out & Back Again,author_thanhha_lai,decade_2010s
4407,4408,12995284,"Dreamless (Starcrossed, #2)",author_josephine_angelini,decade_2010s
4408,4409,13323842,"Predestined (Existence Trilogy, #2)",author_abbi_glines,decade_2010s
4409,4410,349254,The Lord of the Rings: The Return of the King: Visual Companion,author_jude_fisher,decade_2000s
4410,4411,37875,"The Art of the Start: The Time-Tested, Battle-Hardened Guide for Anyone Starting Anything",author_guy_kawasaki,decade_2000s
4411,4412,7099273,"The Other Wes Moore: One Name, Two Fates",author_wes__moore author_tavis_smiley,decade_2010s
4412,4413,86643,"Mistress of the Art of Death (Mistress of the Art of Death, #1)",author_ariana_franklin,decade_2000s
4413,4414,89284,"Assholes Finish First (Tucker Max, #2)",author_tucker_max,decade_2000s
4415,4416,73086,Kiss an Angel,author_susan_elizabeth_phillips,decade_1990s
4416,4417,7815744,The Upside of Irrationality: The Unexpected Benefits of Defying Logic at Work and at Home,author_dan_ariely,decade_2010s
4417,4418,12358,The Partly Cloudy Patriot,author_sarah_vowell author_katherine_streeter,decade_2000s
4418,4419,34898,"My Father's Dragon (My Father's Dragon, #1)",author_ruth_stiles_gannett,decade_1940s
4419,4420,18505832,Natchez Burning,author_greg_iles,decade_2010s
4421,4422,32416,"Hannibal Rising (Hannibal Lecter, #4)",author_thomas_harris,decade_2000s
4422,4423,238126,"Immortal in Death (In Death, #3)",author_jd_robb,decade_1990s
4423,4424,6696602,"Infinity (Chronicles of Nick, #1)",author_sherrilyn_kenyon,decade_2010s
4424,4425,2149535,"Blood Noir (Anita Blake, Vampire Hunter #16)",author_laurell_k_hamilton,decade_2000s
4425,4426,5933841,Inherent Vice,author_thomas_pynchon,decade_2000s
4426,4427,10914,Songs of the Humpback Whale,author_jodi_picoult,decade_1990s
4427,4428,6945530,"The Night Eternal (The Strain Trilogy, #3)",author_guillermo_del_toro author_chuck_hogan,decade_2010s
4428,4429,86147,"Bright Lights, Big City",author_jay_mcinerney,decade_1980s
4429,4430,16158519,Whiskey Beach,author_nora_roberts,decade_2010s
4430,4431,14755,The Guy Not Taken: Stories,author_jennifer_weiner,decade_2000s
4431,4432,1894269,"The Walking Dead, Vol. 08: Made to Suffer",author_robert_kirkman,decade_2000s
4432,4433,6337006,Pleasure of a Dark Prince (Immortals After Dark #9),author_kresley_cole,decade_2010s
4433,4434,858037,Danny and the Dinosaur (An I Can Read Book),author_syd_hoff,decade_1950s
4434,4435,51799,The Decameron,author_giovanni_boccaccio author_gh_mcwilliam,decade_1350s
4435,4436,9893331,"Twisted (Pretty Little Liars, #9)",author_sara_shepard,decade_2010s
4436,4437,25010281,"The Crossing (Harry Bosch, #20; Mickey Haller, #7; Harry Bosch Universe, #25)",author_michael_connelly,decade_2010s
4439,4440,40223,"Kushiel's Avatar (Phèdre's Trilogy, #3)",author_jacqueline_carey,decade_2000s
4440,4441,5787,The Aleph and Other Stories ,author_jorge_luis_borges author_andrew_hurley,decade_1940s
4441,4442,18134249,"Ruin (Ruin, #1)",author_rachel_van_dyken,decade_2010s
4442,4443,2054,"The Long Goodbye (Philip Marlowe, #6)",author_raymond_chandler,decade_1950s
4443,4444,2050,"Farewell, My Lovely (Philip Marlowe, #2)",author_raymond_chandler,decade_1940s
4444,4445,24779,The Castle of Llyr (The Chronicles of Prydain #3),author_lloyd_alexander,decade_1960s
4445,4446,6289938,"Fade Out (The Morganville Vampires, #7)",author_rachel_caine,decade_2000s
4446,4447,508903,"The Cat Who Could Read Backwards (Cat Who..., #1)",author_lilian_jackson_braun,decade_1960s
4447,4448,15993374,"Charade (Games, #1)",author_nyrae_dawn,decade_2010s
4448,4449,12959086,The Demigod Diaries,author_rick_riordan author_haley_riordan,decade_2010s
4449,4450,17032328,"If You Stay (Beautifully Broken, #1)",author_courtney_cole,decade_2010s
4450,4451,20170296,Neil Patrick Harris: Choose Your Own Autobiography,author_neil_patrick_harris author_david_javerbaum author_antony_hare,decade_2010s
4451,4452,128756,"Death du Jour (Temperance Brennan, #2)",author_kathy_reichs,decade_1990s
4452,4453,313631,More Than a Carpenter,author_josh_mcdowell,decade_1970s
4453,4454,1137215,"Boneshaker (The Clockwork Century, #1)",author_cherie_priest,decade_2000s
4454,4455,165395,Rubyfruit Jungle,author_rita_mae_brown,decade_1970s
4455,4456,12588363,"Fallen in Love (Fallen, #3.5)",author_lauren_kate,decade_2010s
4456,4457,18225810,Sisters,author_raina_telgemeier,decade_2010s
4457,4458,536982,"The Never War (Pendragon, #3)",author_dj_machale,decade_2000s
4458,4459,15566,"The Elf Queen of Shannara (Heritage of Shannara, #3)",author_terry_brooks,decade_1990s
4459,4460,201342,"Mattimeo (Redwall, #3)",author_brian_jacques,decade_1990s
4460,4461,22886612,"Nemesis Games (The Expanse, #5)",author_james_sa_corey,decade_2010s
4462,4463,5509321,"First Family (Sean King & Michelle Maxwell, #4)",author_david_baldacci,decade_2000s
4463,4464,257845,True Grit,author_charles_portis,decade_1960s
4464,4465,653396,Feel the Fear and Do It Anyway,author_susan__jeffers,decade_1980s
4465,4466,17792606,"Mine (Real, #2)",author_katy_evans,decade_2010s
4466,4467,13538552,Memoirs of an Imaginary Friend,author_matthew_dicks,decade_2010s
4467,4468,4835,"Haroun and the Sea of Stories (Khalifa Brothers, #1)",author_salman_rushdie author_paul_birkbeck,decade_1990s
4468,4469,16058610,Whistling Past the Graveyard,author_susan_crandall,decade_2010s
4469,4470,13450339,"Poison Princess (The Arcana Chronicles, #1)",author_kresley_cole,decade_2010s
4470,4471,83143,"Tatiana and Alexander (The Bronze Horseman, #2)",author_paullina_simons,decade_2000s
4471,4472,17910124,"The Emperor's Blades (Chronicle of the Unhewn Throne, #1)",author_brian_staveley,decade_2010s
4472,4473,18723,Brick Lane,author_monica_ali,decade_2000s
4473,4474,18079804,"Half Bad (The Half Bad Trilogy, #1)",author_sally_green,decade_2010s
4474,4475,53639,Zorba the Greek,author_nikos_kazantzakis author__,decade_1940s
4475,4476,598117,Sounder,author_william_h_armstrong author_james_barkley,decade_1960s
4476,4477,11337189,A Universe from Nothing: Why There Is Something Rather Than Nothing,author_lawrence_m_krauss author_richard_dawkins,decade_2010s
4477,4478,1970449,Slash,author_slash author_anthony_bozza,decade_2000s
4478,4479,6582637,"Archangel's Kiss (Guild Hunter, #2)",author_nalini_singh,decade_2010s
4479,4480,8475505,"Rebel Belle (Rebel Belle, #1)",author_rachel_hawkins,decade_2010s
4480,4481,32254,"The Mephisto Club (Rizzoli & Isles, #6)",author_tess_gerritsen,decade_2000s
4481,4482,73297,The Scarlet Thread ,author_francine_rivers,decade_1990s
4482,4483,24814,It's a Magical World: A Calvin and Hobbes Collection,author_bill_watterson,decade_1990s
4484,4485,10033,Being and Nothingness,author_jeanpaul_sartre author_hazel_e_barnes author_mary_warnock author_richard_eyre,decade_1940s
4486,4487,27333,Silent Spring,author_rachel_carson author_linda_lear author_edward_o_wilson,decade_1960s
4487,4488,13452375,"Legion (Legion, #1)",author_brandon_sanderson,decade_2010s
4488,4489,23215469,Down the Rabbit Hole: Curious Adventures and Cautionary Tales of a Former Playboy Bunny,author_holly_madison,decade_2010s
4489,4490,10343389,Kill Alex Cross (Alex Cross #18),author_james_patterson,decade_2010s
4490,4491,18505784,The Pearl That Broke Its Shell,author_nadia_hashimi,decade_2010s
4491,4492,7826116,"Behemoth (Leviathan, #2)",author_scott_westerfeld author_keith_thompson,decade_2010s
4492,4493,72536,The Sociopath Next Door,author_martha_stout,decade_2000s
4493,4494,79422,"Y: The Last Man, Vol. 8: Kimono Dragons (Y: The Last Man, #8)",author_brian_k_vaughan author_pia_guerra author_goran_suduka author_jos_marzn_jr,decade_2000s
4494,4495,3157876,Do-It-Yourself Book (Diary of a Wimpy Kid),author_jeff_kinney,decade_2000s
4496,4497,261331,"The Tea Rose (The Tea Rose, #1)",author_jennifer_donnelly,decade_2000s
4497,4498,8680418,"Moon Over Soho (Peter Grant, #2)",author_ben_aaronovitch,decade_2010s
4498,4499,17456328,The Paris Architect,author_charles_belfoure,decade_2010s
4499,4500,12954620,"Falling Kingdoms (Falling Kingdoms, #1)",author_morgan_rhodes author_michelle_rowen,decade_2010s
4500,4501,244383,Ask and It Is Given: Learning to Manifest Your Desires,author_esther_hicks author_jerry_hicks author_wayne_w_dyer,decade_2000s
4501,4502,7005479,Island Beneath the Sea,author_isabel_allende author_margaret_sayers_peden,decade_2000s
4502,4503,99329,"The History of Tom Jones, a Foundling",author_henry_fielding author_thomas_keymer author_alice_wakely,decade_1740s
4503,4504,80176,"Winesburg, Ohio",author_sherwood_anderson,decade_1910s
4504,4505,22717015,"Beautiful Redemption (The Maddox Brothers, #2)",author_jamie_mcguire,decade_2010s
4505,4506,89656,"C is for Corpse  (Kinsey Millhone, #3)",author_sue_grafton,decade_1980s
4506,4507,156533,"Y: The Last Man, Vol. 5: Ring of Truth (Y: The Last Man, #5)",author_brian_k_vaughan author_pia_guerra author_jos_marzn_jr,decade_2000s
4507,4508,15096,Five Quarters of the Orange,author_joanne_harris,decade_2000s
4509,4510,2748,Microserfs,author_douglas_coupland,decade_1990s
4510,4511,15799936,How to Tell If Your Cat Is Plotting to Kill You,author_matthew_inman author_the_oatmeal,decade_2010s
4511,4512,93947,"Simple Genius (Sean King & Michelle Maxwell, #3)",author_david_baldacci,decade_2000s
4513,4514,8960,"Vampire Mountain (Cirque Du Freak, #4)",author_darren_shan,decade_2000s
4514,4515,14185,The Three Stigmata of Palmer Eldritch,author_philip_k_dick,decade_1960s
4515,4516,23128304,The Strange Library,author_haruki_murakami author_ted_goossen,decade_2000s
4516,4517,9598,Deadeye Dick,author_kurt_vonnegut_jr,decade_1980s
4517,4518,8579016,"The Power (The Secret, #2)",author_rhonda_byrne,decade_2000s
4518,4519,181886,"Ancestors of Avalon (Avalon, #5)",author_diana_l_paxson author_marion_zimmer_bradley,decade_2000s
4519,4520,398323,Out Stealing Horses,author_per_petterson author_anne_born,decade_2000s
4520,4521,51078,"Batman: Knightfall, Vol. 1: Broken Bat",author_doug_moench author_chuck_dixon author_jim_aparo author_norm_breyfogle author_graham_nolan author_jim_balent,decade_1990s
4521,4522,25451555,"Saga, Vol. 5 (Saga, #5)",author_brian_k_vaughan author_fiona_staples,decade_2010s
4522,4523,206196,"The Lions of Lucerne (Scot Harvath, #1)",author_brad_thor,decade_2000s
4523,4524,102733,One Past Midnight: The Langoliers,author_stephen_king author_willem_dafoe,decade_1980s
4524,4525,207569,The Sign of the Beaver,author_elizabeth_george_speare,decade_1980s
4525,4526,46227,"Ask the Dust (Arturo Bandini, #3)",author_john_fante author_charles_bukowski,decade_1930s
4526,4527,470495,All Over But the Shoutin',author_rick_bragg,decade_1990s
4527,4528,32433,The Key to Midnight,author_leigh_nichols author_dean_koontz,decade_1970s
4528,4529,13554713,Fairy Tales from the Brothers Grimm: A New English Version,author_philip_pullman author_jacob_grimm author_wilhelm_grimm,decade_2010s
4529,4530,43886,"Debt of Bones (Sword of Truth, #0.5)",author_terry_goodkind,decade_1990s
4530,4531,26114,The Joke,author_milan_kundera,decade_1960s
4531,4532,12326627,"The White Princess (The Plantagenet and Tudor Novels, #5)",author_philippa_gregory,decade_2010s
4532,4533,377425,Flight of the Intruder (Jake Grafton #1),author_stephen_coonts,decade_1980s
4533,4534,11313,"Silver on the Tree (The Dark is Rising, #5)",author_susan_cooper,decade_1970s
4534,4535,225774,National Velvet,author_enid_bagnold,decade_1930s
4535,4536,211099,"Losing My Virginity: How I've Survived, Had Fun, and Made a Fortune Doing Business My Way",author_richard_branson,decade_2010s
4536,4537,1591,Lysistrata,author_aristophanes author_sarah_ruden,decade_0s
4537,4538,5983057,The Swan Thieves,author_elizabeth_kostova,decade_2010s
4538,4539,12444166,"Iced (Fever, #6)",author_karen_marie_moning,decade_2010s
4539,4540,15062217,14,author_peter_clines,decade_2010s
4540,4541,9165406,Okay for Now,author_gary_d_schmidt,decade_2010s
4541,4542,85957,"Assassins (Left Behind, #6)",author_tim_lahaye author_jerry_b_jenkins,decade_1990s
4542,4543,13521459,"Red Country (First Law World, #6)",author_joe_abercrombie,decade_2010s
4544,4545,13202092,Eat and Run: My Unlikely Journey to Ultramarathon Greatness,author_scott_jurek author_steve_friedman,decade_2010s
4545,4546,7093222,"Broken (Will Trent, #4)",author_karin_slaughter,decade_2010s
4546,4547,18656006,The Matchmaker,author_elin_hilderbrand,decade_2010s
4547,4548,50930,"The Mark (Left Behind, #8)",author_tim_lahaye author_jerry_b_jenkins,decade_2000s
4548,4549,2113410,Belong to Me,author_marisa_de_los_santos,decade_2000s
4549,4550,49006,"The Darkest Hour (Warriors, #6)",author_erin_hunter,decade_2000s
4550,4551,57727,"L.A. Confidential (L.A. Quartet, #3)",author_james_ellroy,decade_1990s
4553,4554,133765,"Those Left Behind (Serenity, #1)",author_joss_whedon author_brett_matthews author_will_conrad,decade_2000s
4554,4555,63461,Terms of Endearment,author_larry_mcmurtry,decade_1970s
4555,4556,84142,"Kiss of the Night (Dark-Hunter, #4)",author_sherrilyn_kenyon,decade_2000s
4556,4557,474634,The Wedding Girl,author_madeleine_wickham,decade_1990s
4557,4558,281512,He Chose the Nails,author_max_lucado,decade_2000s
4558,4559,8069535,"Entice (Need, #3)",author_carrie_jones,decade_2010s
4559,4560,3764,"From Russia With Love (James Bond, #5)",author_ian_fleming,decade_1950s
4560,4561,24731,The Tortilla Curtain,author_tc_boyle,decade_1990s
4561,4562,6368611,"Darkest Mercy (Wicked Lovely, #5)",author_melissa_marr,decade_2010s
4563,4564,13624367,"Checkmate (Neighbor from Hell, #3)",author_rl_mathewson,decade_2010s
4564,4565,34534,"The Amazing Maurice and His Educated Rodents (Discworld, #28)",author_terry_pratchett,decade_2000s
4565,4566,771332,With the Old Breed: At Peleliu and Okinawa,author_eugene_b_sledge author_paul_fussell,decade_1980s
4566,4567,42369,The Hundred Dresses,author_eleanor_estes author_louis_slobodkin,decade_1940s
4567,4568,13481275,"Lost Lake (Lost Lake, #1)",author_sarah_addison_allen,decade_2010s
4568,4569,18244799,"Hardwired (Hacker, #1)",author_meredith_wild,decade_2010s
4569,4570,15705011,The Last Runaway,author_tracy_chevalier,decade_2010s
4570,4571,345299,"Midnight Tides (The Malazan Book of the Fallen, #5)",author_steven_erikson,decade_2000s
4571,4572,17332969,"The 100 (The 100, #1)",author_kass_morgan,decade_2010s
4572,4573,9666812,"Hades (Halo, #2)",author_alexandra_adornetto,decade_2010s
4573,4574,156530,"Y: The Last Man, Vol. 3: One Small Step (Y: The Last Man, #3)",author_brian_k_vaughan author_pia_guerra author_jos_marzn_jr author_paul_chadwick,decade_2000s
4574,4575,867248,Bear Snores On,author_karma_wilson author_jane_chapman,decade_2000s
4575,4576,30253864,"Talking as Fast as I Can: From Gilmore Girls to Gilmore Girls, and Everything in Between",author_lauren_graham,decade_2010s
4576,4577,317282,Memoirs of a Teenage Amnesiac,author_gabrielle_zevin,decade_2000s
4577,4578,7983,"Salamandastron (Redwall, #5)",author_brian_jacques author_gary_chalk,decade_1990s
4580,4581,4932435,"Finnikin of the Rock (Lumatere Chronicles, #1)",author_melina_marchetta,decade_2000s
4581,4582,32650,The Return of the Native  ,author_thomas_hardy author_alexander_theroux,decade_1870s
4582,4583,11660590,Micro,author_michael_crichton author_richard___preston,decade_2010s
4583,4584,10037,No Exit and Three Other Plays,author_jeanpaul_sartre author_stuart_gilbert author_lionel_abel,decade_1940s
4584,4585,46656,Foundation and Chaos (Second Foundation Trilogy #2),author_greg_bear,decade_1990s
4585,4586,3832,Cover Her Face (Adam Dalgliesh #1),author_pd_james,decade_1960s
4586,4587,8581936,"Supernaturally (Paranormalcy, #2)",author_kiersten_white,decade_2010s
4587,4588,92855,"First King of Shannara (The Original Shannara Trilogy, #0)",author_terry_brooks,decade_1990s
4588,4589,7945049,"Bury Your Dead (Chief Inspector Armand Gamache, #6)",author_louise_penny,decade_2010s
4589,4590,84785,"The Overlook (Harry Bosch, #13; Harry Bosch Universe, #15)",author_michael_connelly,decade_2000s
4591,4592,90192,The House of the Seven Gables,author_nathaniel_hawthorne author_robert_s_levine,decade_1850s
4592,4593,295086,"Rising Storm (Warriors, #4)",author_erin_hunter,decade_2000s
4593,4594,31845516,Love Warrior,author_glennon_doyle_melton,decade_2010s
4594,4595,6449551,"The Brutal Telling (Chief Inspector Armand Gamache, #5)",author_louise_penny,decade_2000s
4597,4598,45220,I Never Promised You a Rose Garden,author_hannah__green author_joanne_greenberg,decade_1960s
4598,4599,8069828,"The Crimson Crown (Seven Realms, #4)",author_cinda_williams_chima,decade_2010s
4600,4601,25690958,"Year of Yes: How to Dance It Out, Stand In the Sun and Be Your Own Person",author_shonda_rhimes,decade_2010s
4601,4602,275,The Lover,author_marguerite_duras author_barbara_bray author_maxine_hong_kingston,decade_1980s
4603,4604,16033909,"Burn (Breathless, #3)",author_maya_banks,decade_2010s
4604,4605,3690,The Power and the Glory,author_graham_greene author_john_updike,decade_1940s
4606,4607,20575411,"Lila (Gilead, #3)",author_marilynne_robinson,decade_2010s
4607,4608,34988,"The Scions of Shannara (Heritage of Shannara, #1)",author_terry_brooks,decade_1990s
4609,4610,26192646,Sweetbitter,author_stephanie_danler,decade_2010s
4610,4611,110384,"Romancing Mister Bridgerton (Bridgertons, #4)",author_julia_quinn,decade_2000s
4611,4612,89755,Tangerine,author_edward_bloor author_danny_de_vito,decade_1990s
4612,4613,33547,Hell House,author_richard_matheson,decade_1970s
4614,4615,23281906,The Liar,author_nora_roberts,decade_2010s
4615,4616,32530,"The Third Victim (Quincy & Rainie, #2)",author_lisa_gardner,decade_2000s
4616,4617,29154543,"The Wrong Side of Goodbye (Harry Bosch, #21; Harry Bosch Universe, #26)",author_michael_connelly,decade_2010s
4617,4618,8045080,"Hell's Corner (Camel Club, #5)",author_david_baldacci,decade_2010s
4618,4619,114206,"Key of Valor (Key Trilogy, #3)",author_nora_roberts,decade_2000s
4619,4620,781182,Barbarians at the Gate: The Fall of RJR Nabisco,author_bryan_burrough author_john_helyar,decade_1990s
4620,4621,20706284,"Ancillary Sword (Imperial Radch, #2)",author_ann_leckie,decade_2010s
4621,4622,17689,Franz Kafka's The Castle (Dramatization),author_david_fishelson author_aaron_leichter author_max_brod author_franz_kafka,decade_2000s
4622,4623,18108877,"Timebound (The Chronos Files, #1)",author_rysa_walker,decade_2010s
4623,4624,9591398,"The Girl Who Circumnavigated Fairyland in a Ship of Her Own Making (Fairyland, #1)",author_catherynne_m_valente author_ana_juan,decade_2010s
4624,4625,11970096,"Twenty-Eight and a Half Wishes (Rose Gardner Mystery, #1)",author_denise_grover_swank,decade_2010s
4626,4627,30068,"The Book of the Dead (Pendergast, #7; Diogenes, #3)",author_douglas_preston author_lincoln_child,decade_2000s
4628,4629,12617758,The Expats,author_chris_pavone,decade_2010s
4629,4630,128752,"Bare Bones (Temperance Brennan, #6)",author_kathy_reichs,decade_2000s
4630,4631,16131025,Beautiful Day,author_elin_hilderbrand,decade_2010s
4631,4632,85958,"The Indwelling (Left Behind, #7)",author_tim_lahaye author_jerry_b_jenkins,decade_2000s
4632,4633,206682,"Dexter in the Dark (Dexter, #3)",author_jeff_lindsay,decade_2000s
4633,4634,16634,The Glass Bead Game,author_hermann_hesse author_richard_winston author_clara_winston author_theodore_ziolkowski,decade_1940s
4634,4635,13366259,The Yellow Birds,author_kevin_powers,decade_2010s
4635,4636,85418,Just One Look,author_harlan_coben,decade_2000s
4636,4637,16117804,"The Proposal (The Proposition, #2)",author_katie_ashley,decade_2010s
4637,4638,48132,"My Family and Other Animals (Corfu Trilogy, #1)",author_gerald_durrell author_helma_lapia,decade_1950s
4638,4639,174403,Back Roads,author_tawni_odell,decade_1990s
4639,4640,11449,Cathedral,author_raymond_carver,decade_1980s
4640,4641,30065028,Fantastic Beasts and Where to Find Them: The Original Screenplay,author_jk_rowling,decade_2010s
4641,4642,11574,The Body,author_stephen_king author_robin_ah_waterfield,decade_1980s
4642,4643,1999475,A Million Miles in a Thousand Years: What I Learned While Editing My Life,author_donald_miller,decade_2000s
4643,4644,7992995,"Eona: The Last Dragoneye (Eon, #2)",author_alison_goodman,decade_2010s
4644,4645,14570,"Eight Cousins (Eight Cousins, #1)",author_louisa_may_alcott,decade_1870s
4646,4647,64862,"R is for Ricochet (Kinsey Millhone, #18)",author_sue_grafton,decade_2000s
4647,4648,11947156,"Prince of Wolves (The Grey Wolves, #1)",author_quinn_loftis,decade_2010s
4648,4649,99296,Diary of a Worm,author_doreen_cronin author_harry_bliss,decade_1990s
4649,4650,222576,"The Grey King (The Dark Is Rising, #4)",author_susan_cooper,decade_1970s
4650,4651,16071748,"Hunted (The Iron Druid Chronicles, #6)",author_kevin_hearne,decade_2010s
4651,4652,15981894,"Devoured (Devoured, #1)",author_emily_snow,decade_2010s
4652,4653,14905,The Complete Novels,author_jane_austen,decade_1810s
4653,4654,20697435,The Book of Strange New Things,author_michel_faber,decade_2010s
4654,4655,9266776,Epic Fail,author_claire_lazebnik,decade_2010s
4655,4656,30240,"A Caress of Twilight (Merry Gentry, #2)",author_laurell_k_hamilton,decade_2000s
4656,4657,376514,The Manchurian Candidate (Movie Tie-In Edition),author_richard_condon,decade_1950s
4657,4658,37737,"Fudge-a-Mania (Fudge, #4)",author_judy_blume,decade_1990s
4658,4659,11946245,"Nevermore (Maximum Ride, #8)",author_james_patterson,decade_2010s
4659,4660,12540,Operating Instructions: A Journal of My Son's First Year,author_anne_lamott,decade_1990s
4660,4661,61663,Pale Blue Dot: A Vision of the Human Future in Space,author_carl_sagan author_ann_druyan,decade_1990s
4661,4662,17449417,"Simple Perfection (Rosemary Beach, #6; Perfection, #2)",author_abbi_glines,decade_2010s
4665,4666,7347109,The Hundred-Foot Journey,author_richard_c_morais,decade_2000s
4666,4667,8435445,Scorpia Rising (Alex Rider #9),author_anthony_horowitz,decade_2010s
4667,4668,7150178,"Big Nate: In a Class by Himself (Big Nate Novels, #1)",author_lincoln_peirce,decade_2010s
4669,4670,519112,The Melancholy Death of Oyster Boy and Other Stories,author_tim_burton,decade_1990s
4670,4671,5186,"Breath, Eyes, Memory",author_edwidge_danticat,decade_1990s
4671,4672,12395,Journey to the End of the Night,author_louisferdinand_cline author_ralph_manheim author_william_t_vollmann,decade_1930s
4672,4673,4527502,"The Scarecrow (Jack McEvoy, #2)",author_michael_connelly,decade_2000s
4673,4674,16130537,The Humans,author_matt_haig,decade_2010s
4674,4675,6566616,"Crocodile Tears (Alex Rider, #8)",author_anthony_horowitz,decade_2000s
4676,4677,49158,For Women Only: What You Need to Know about the Inner Lives of Men,author_shaunti_feldhahn,decade_2000s
4677,4678,21362,"Seize the Night (Moonlight Bay, #2)",author_dean_koontz author_keith_szarabajka,decade_1990s
4678,4679,38568,A Quick Bite (Argeneau #1),author_lynsay_sands,decade_2000s
4679,4680,248682,"Key of Knowledge (Key Trilogy, #2)",author_nora_roberts,decade_2000s
4680,4681,144790,"Ice Station (Shane Schofield, #1)",author_matthew_reilly,decade_1990s
4681,4682,825508,A Dangerous Fortune,author_ken_follett,decade_1990s
4682,4683,27001,The Well of Lost Plots (Thursday Next #3),author_jasper_fforde,decade_2000s
4683,4684,25698,The Wealth of Nations,author_adam_smith,decade_1770s
4684,4685,12872236,Canada,author_richard_ford,decade_2010s
4685,4686,6628,"The Big Over Easy (Nursery Crime, #1)",author_jasper_fforde,decade_2000s
4686,4687,519048,"The Seeing Stone (The Spiderwick Chronicles, #2)",author_holly_black author_tony_diterlizzi,decade_2000s
4687,4688,542389,"Stalingrad: The Fateful Siege, 1942–1943",author_antony_beevor,decade_1990s
4688,4689,6419566,"Beast Master, Vol. 1 (Beast Master, #1)",author_kyousuke_motomi,decade_2000s
4689,4690,191170,"Giggle, Giggle, Quack",author_doreen_cronin author_betsy_lewin,decade_2000s
4690,4691,1624,West with the Night,author_beryl_markham,decade_1940s
4691,4692,2475251,The Cellist of Sarajevo,author_steven_galloway,decade_2000s
4692,4693,4066312,"Smooth Talking Stranger (Travises, #3)",author_lisa_kleypas,decade_2000s
4693,4694,9972053,If You Ask Me (And of Course You Won't),author_betty_white,decade_2010s
4694,4695,31862,Discourse on Method and Meditations on First Philosophy,author_ren_descartes author_donald_a_cress,decade_1630s
4695,4696,5739373,"The Defector (Gabriel Allon, #9)",author_daniel_silva,decade_2000s
4697,4698,433533,"Rilla of Ingleside (Anne of Green Gables, #8)",author_lm_montgomery,decade_1920s
4698,4699,68143,The Wisdom of Crowds,author_james_surowiecki,decade_2000s
4699,4700,39033,"Still Life With Crows (Pendergast, #4)",author_douglas_preston author_lincoln_child,decade_2000s
4702,4703,7122034,"Fever Dream (Pendergast, #10)",author_douglas_preston author_lincoln_child,decade_2010s
4704,4705,10193062,"Outpost (Razorland, #2)",author_ann_aguirre,decade_2010s
4705,4706,18594409,Can't We Talk about Something More Pleasant?,author_roz_chast,decade_2010s
4706,4707,37847,The Long Hard Road Out of Hell,author_marilyn_manson author_neil_strauss,decade_1990s
4707,4708,9832370,BookRags Summary:  A Storm of Swords,author_bookrags,decade_2010s
4708,4709,372638,"Lyle, Lyle, Crocodile",author_bernard_waber,decade_1960s
4709,4710,10874177,"Etiquette & Espionage (Finishing School, #1)",author_gail_carriger,decade_2010s
4710,4711,3018539,Death With Interruptions,author_jos_saramago author_margaret_jull_costa,decade_2000s
4711,4712,58889,"Sandry's Book (Circle of Magic, #1)",author_tamora_pierce,decade_1990s
4712,4713,16431,Sole Survivor,author_dean_koontz,decade_1990s
4713,4714,27406704,Britt-Marie Was Here,author_fredrik_backman author_henning_koch author__,decade_2010s
4715,4716,210834,Kim,author_rudyard_kipling author_edward_said,decade_1900s
4717,4718,15711341,"Written in Red (The Others, #1)",author_anne_bishop,decade_2010s
4718,4719,77378,The Seven-Percent Solution,author_nicholas_meyer,decade_1970s
4719,4720,319644,"Gregor and the Marks of Secret (Underland Chronicles, #4)",author_suzanne_collins,decade_2000s
4720,4721,3116205,The Prodigal God: Recovering the Heart of the Christian Faith,author_timothy_j_keller,decade_2000s
4721,4722,44255,Toujours Provence,author_peter_mayle,decade_1990s
4722,4723,27398,The Lost Painting,author_jonathan_harr,decade_2000s
4723,4724,16099189,The Light in the Ruins,author_chris_bohjalian,decade_2010s
4724,4725,13642929,My Beloved World,author_sonia_sotomayor,decade_2010s
4725,4726,226004,"A Deepness in the Sky (Zones of Thought, #2)",author_vernor_vinge,decade_1990s
4726,4727,18288,Critique of Pure Reason,author_immanuel_kant author_paul_guyer author_allen_w_wood,decade_1780s
4727,4728,16298,"A Murder Is Announced (Miss Marple, #5)",author_agatha_christie,decade_1950s
4728,4729,926908,Gnomes,author_rien_poortvliet author_wil_huygen,decade_1970s
4729,4730,153193,"Undead and Unemployed (Undead, #2)",author_maryjanice_davidson,decade_2000s
4731,4732,137098,"The Little Lady Agency (The Little Lady Agency, #1)",author_hester_browne,decade_2000s
4732,4733,385228,On Liberty,author_john_stuart_mill,decade_1850s
4733,4734,22934446,Not My Father's Son,author_alan_cumming,decade_2010s
4734,4735,468070,"Nigella Express: Good Food, Fast",author_nigella_lawson,decade_2000s
4735,4736,22914448,The Dead Key,author_dm_pulley,decade_2010s
4736,4737,7863423,"Simply Irresistible (Lucky Harbor, #1)",author_jill_shalvis,decade_2010s
4737,4738,16247792,"Gabriel's Redemption (Gabriel's Inferno, #3)",author_sylvain_reynard,decade_2010s
4738,4739,5989573,"Scott Pilgrim, Volume 5: Scott Pilgrim Vs. the Universe",author_bryan_lee_omalley,decade_2000s
4739,4740,213233,Better: A Surgeon's Notes on Performance,author_atul_gawande,decade_2000s
4740,4741,15748335,"Leave Me Breathless (Ross Siblings, #3)",author_cherrie_lynn,decade_2010s
4741,4742,19095025,"Play (Stage Dive, #2)",author_kylie_scott,decade_2010s
4742,4743,6441654,"Twilight and Philosophy: Vampires, Vegetarians, and the Pursuit of Immortality",author_rebecca_housel author_j_jeremy_wisnewski author_william_irwin,decade_2000s
4743,4744,49176,Games People Play,author_eric_berne,decade_1960s
4744,4745,18966322,"Mitosis (The Reckoners, #1.5)",author_brandon_sanderson,decade_2010s
4745,4746,7186,La Dame aux Camélias,author_alexandre_dumas_fils author_david_coward,decade_1840s
4746,4747,11942639,The Wedding Dress,author_rachel_hauck,decade_2010s
4747,4748,206309,Fish: A Proven Way to Boost Morale and Improve Results,author_stephen_c_lundin author_harry_paul author_john_christensen author_kenneth_h_blanchard,decade_1990s
4748,4749,49250,"D-Day, June 6, 1944: The Battle for the Normandy Beaches",author_stephen_e_ambrose,decade_1990s
4749,4750,7981456,A Long Walk to Water: Based on a True Story,author_linda_sue_park,decade_2010s
4750,4751,8811139,"Light (Gone, #6)",author_michael__grant,decade_2010s
4751,4752,28477789,Stuck-Up Suit,author_vi_keeland author_penelope_ward,decade_2010s
4752,4753,189147,"To Your Scattered Bodies Go (Riverworld, #1)",author_philip_jos_farmer,decade_1970s
4753,4754,114132,Midnight Bayou,author_nora_roberts,decade_2000s
4754,4755,12967,Winter's Tale,author_mark_helprin,decade_1980s
4755,4756,106646,The Doomsday Conspiracy,author_sidney_sheldon,decade_1990s
4757,4758,161744,Common Sense,author_thomas_paine,decade_1770s
4758,4759,54529,Falling Leaves: The Memoir of an Unwanted Chinese Daughter,author_adeline_yen_mah,decade_1990s
4760,4761,13416236,"Whispers at Moonrise (Shadow Falls, #4)",author_cc_hunter,decade_2010s
4761,4762,7148931,"The 4-Hour Body: An Uncommon Guide to Rapid Fat-Loss, Incredible Sex, and Becoming Superhuman",author_timothy_ferriss,decade_2000s
4762,4763,58314,The Elementary Particles,author_michel_houellebecq author_frank_wynne,decade_1990s
4763,4764,17314410,"Beauty from Surrender (Beauty, #2)",author_georgia_cates,decade_2010s
4765,4766,207266,"The Adventures of Captain Underpants (Captain Underpants, #1)",author_dav_pilkey,decade_1990s
4766,4767,13435889,"How Children Succeed: Grit, Curiosity, and the Hidden Power of Character",author_paul_tough,decade_2010s
4767,4768,149049,The Fountains of Paradise,author_arthur_c_clarke,decade_1970s
4768,4769,98920,The Bastard of Istanbul,author_elif_shafak,decade_2000s
4769,4770,17237214,Two Boys Kissing,author_david_levithan,decade_2010s
4770,4771,5171894,"The Doomsday Key (Sigma Force, #6)",author_james_rollins,decade_2000s
4771,4772,21726,The Ruins,author_scott_b_smith,decade_2000s
4772,4773,336245,"A Dangerous Path (Warriors, #5)",author_erin_hunter,decade_2000s
4773,4774,543339,"Dances with Wolves (Dances with Wolves, #1)",author_michael_blake,decade_1980s
4774,4775,153779,"Bloodhound (Beka Cooper, #2)",author_tamora_pierce,decade_2000s
4775,4776,6122735,"The Night Angel Trilogy (Night Angel, #1-3)",author_brent_weeks,decade_2000s
4776,4777,426025,A Rose for Emily and Other Stories,author_william_faulkner,decade_1930s
4777,4778,5883777,The Holy Bible: English Standard Version,author_anonymous,decade_2000s
4778,4779,321545,"A Morbid Taste for Bones (Chronicles of Brother Cadfael, #1)",author_ellis_peters,decade_1970s
4779,4780,233389,The Lives of the Artists,author_giorgio_vasari author_julia_conway_bondanella author_peter_bondanella,decade_1550s
4780,4781,84139,"Unleash the Night (Dark Hunter, #8; Were-Hunter, #2)",author_sherrilyn_kenyon,decade_2000s
4781,4782,4935682,"Syren (Septimus Heap, #5)",author_angie_sage,decade_2000s
4783,4784,5396496,The Slap,author_christos_tsiolkas,decade_2000s
4784,4785,207781,"The Art Spirit: Notes, Articles, Fragments of Letters and Talks to Students, Bearing on the Concept and Technique of Picture Making, the Study of Art (Icon Editions)",author_robert_henri author_forbes_watson author_margery_a_ryerson,decade_1920s
4785,4786,17171909,"Brilliance (Brilliance Saga, #1)",author_marcus_sakey,decade_2010s
4786,4787,26583370,Life and Other Near-Death Experiences,author_camille_pagn,decade_2010s
4787,4788,9799,The Fortress of Solitude,author_jonathan_lethem,decade_2000s
4788,4789,379316,The Darkest Evening of the Year,author_dean_koontz,decade_2000s
4789,4790,18077769,"Authority (Southern Reach, #2)",author_jeff_vandermeer,decade_2010s
4790,4791,277190,"The Wrath of Mulgarath (The Spiderwick Chronicles, #5)",author_holly_black author_tony_diterlizzi,decade_2000s
4791,4792,11101772,The Scrapbook of Frankie Pratt,author_caroline_preston,decade_2010s
4792,4793,251762,Bee Season,author_myla_goldberg,decade_2000s
4793,4794,182012,"Indelible (Grant County, #4)",author_karin_slaughter,decade_2000s
4794,4795,236208,Night Chills,author_dean_koontz,decade_1970s
4795,4796,29254,Be Here Now,author_ram_dass author_richard_alpert,decade_1970s
4796,4797,6530,"Trace (Kay Scarpetta, #13)",author_patricia_cornwell,decade_2000s
4797,4798,1279686,"Genghis: Birth of an Empire (Conqueror, #1)",author_conn_iggulden,decade_2000s
4798,4799,291354,"The Ruby Knight (The Elenium, #2)",author_david_eddings,decade_1990s
4799,4800,32638,The Thief of Always,author_clive_barker,decade_1990s
4800,4801,715791,"Kiss of Crimson (Midnight Breed, #2)",author_lara_adrian,decade_2000s
4801,4802,2653622,"The Keepsake (Rizzoli & Isles, #7)",author_tess_gerritsen,decade_2000s
4802,4803,17660462,The Everything Store: Jeff Bezos and the Age of Amazon,author_brad_stone,decade_2010s
4804,4805,3585344,Kiss of a Demon King (Immortals After Dark #7),author_kresley_cole,decade_2000s
4805,4806,478951,"The Bonehunters (Malazan Book of the Fallen, #6)",author_steven_erikson,decade_2000s
4806,4807,16119079,"Forever My Girl (The Beaumont Series, #1)",author_heidi_mclaughlin,decade_2010s
4808,4809,10098912,Chanakya's Chant,author_ashwin_sanghi,decade_2010s
4809,4810,12467,The Naked and the Dead,author_norman_mailer,decade_1940s
4810,4811,35100,Battle Cry of Freedom,author_james_m_mcpherson,decade_1980s
4813,4814,7783920,Because of Mr. Terupt,author_rob_buyea,decade_2010s
4814,4815,37739,Blubber,author_judy_blume,decade_1970s
4815,4816,7954556,"One Grave at a Time (Night Huntress, #6)",author_jeaniene_frost,decade_2010s
4816,4817,9897164,"Apollyon (Covenant, #4)",author_jennifer_l_armentrout,decade_2010s
4817,4818,6202661,"I Heart New York (I Heart, #1)",author_lindsey_kelk,decade_2000s
4818,4819,2213324,"Airhead (Airhead, #1)",author_meg_cabot,decade_2000s
4819,4820,25190,"Beauty's Release (Sleeping Beauty, #3)",author_an_roquelaure author_anne_rice,decade_1980s
4820,4821,3389671,"Jessica's Guide to Dating on the Dark Side (Jessica, #1)",author_beth_fantaskey,decade_2000s
4821,4822,26596,"Complete Poems, 1904-1962",author_ee_cummings,decade_1990s
4822,4823,1635,Execution: The Discipline of Getting Things Done,author_larry_bossidy author_ram_charan author_charles_burck,decade_2000s
4823,4824,20663702,Smoke Gets in Your Eyes: And Other Lessons from the Crematory,author_caitlin_doughty,decade_2010s
4824,4825,7096123,"The Rembrandt Affair (Gabriel Allon, #10)",author_daniel_silva,decade_2010s
4825,4826,15730101,The Call of Cthulhu,author_hp_lovecraft,decade_1920s
4826,4827,373915,20th Century Ghosts,author_joe_hill author_christopher_golden,decade_2000s
4827,4828,6819,Ghostwritten,author_david_mitchell,decade_1990s
4828,4829,21219083,The One That Got Away,author_simon_wood,decade_2010s
4829,4830,8709528,"The Ruby Circle (Bloodlines, #6)",author_richelle_mead,decade_2010s
4830,4831,5983694,Where the Mountain Meets the Moon,author_grace_lin,decade_2000s
4831,4832,125190,"Swallows and Amazons (Swallows and Amazons, #1)",author_arthur_ransome,decade_1930s
4832,4833,9442157,"Rock Hard (Sinners on Tour, #2)",author_olivia_cunning,decade_2010s
4833,4834,20525628,How to Build a Girl,author_caitlin_moran,decade_2010s
4835,4836,28116,The Know-It-All: One Man's Humble Quest to Become the Smartest Person in the World,author_aj_jacobs,decade_2000s
4836,4837,15811495,"Touch & Go (Tessa Leoni, #2)",author_lisa_gardner,decade_2010s
4837,4838,126807,The Double Bind,author_chris_bohjalian,decade_2000s
4838,4839,9751378,Summer Rental,author_mary_kay_andrews,decade_2010s
4839,4840,23553419,The Ice Twins,author_sk_tremayne,decade_2010s
4840,4841,17899696,"The Edge of Always (The Edge of Never, #2)",author_ja_redmerski,decade_2010s
4841,4842,2873,The Virgin Blue,author_tracy_chevalier,decade_1990s
4842,4843,15797397,Salt Sugar Fat: How the Food Giants Hooked Us,author_michael_moss,decade_2010s
4843,4844,225038,"Half Magic (Tales of Magic, #1)",author_edward_eager author_nm_bodecker,decade_1950s
4844,4845,7090785,"Dawn of the Dreadfuls (Pride and Prejudice and Zombies, #0.5)",author_steve_hockensmith author_jane_austen author_patrick_arrasmith,decade_2000s
4845,4846,7180727,"Live to Tell (Detective D.D. Warren, #4)",author_lisa_gardner,decade_2010s
4847,4848,368916,"84, Charing Cross Road",author_helene_hanff,decade_1970s
4848,4849,5153799,"Father Mine (Black Dagger Brotherhood, #6.5)",author_jr_ward,decade_2000s
4849,4850,14572,Peace Is Every Step: The Path of Mindfulness in Everyday Life,author_thich_nhat_hanh author_arnold_kotler author_dalai_lama_xiv,decade_1990s
4851,4852,29868610,Scrappy Little Nobody,author_anna_kendrick,decade_2010s
4852,4853,24429934,The Einstein Prophecy,author_robert_masello,decade_2010s
4853,4854,7307795,"Started Early, Took My Dog (Jackson Brodie, #4)",author_kate_atkinson,decade_2010s
4854,4855,107032,Batman: A Death in the Family,author_jim_starlin author_jim_aparo author_mike_decarlo,decade_1980s
4855,4856,16085517,TransAtlantic,author_colum_mccann,decade_2010s
4856,4857,6871616,"Eternal Kiss of Darkness (Night Huntress World, #2)",author_jeaniene_frost,decade_2010s
4857,4858,129117,"The Spellman Files (The Spellmans, #1)",author_lisa_lutz,decade_2000s
4858,4859,32626,Books of Blood: Volumes One to Three (Books of Blood #1-3),author_clive_barker,decade_1980s
4859,4860,294046,"The Judas Strain (Sigma Force, #4)",author_james_rollins,decade_2000s
4860,4861,33333,Searching for God Knows What,author_donald_miller,decade_2000s
4862,4863,56842,Fatherland,author_robert___harris,decade_1990s
4863,4864,7132363,"Freedom™ (Daemon, #2)",author_daniel_suarez,decade_2010s
4864,4865,92508,The Bridge of San Luis Rey,author_thornton_wilder,decade_1920s
4865,4866,1772910,White Nights,author_fyodor_dostoyevsky,decade_1840s
4866,4867,5215879,"Skin Trade (Anita Blake, Vampire Hunter #17)",author_laurell_k_hamilton,decade_2000s
4868,4869,1693617,Disney's the Lion King,author_don_ferguson,decade_1990s
4870,4871,114129,"Born in Ice (Born In Trilogy, #2)",author_nora_roberts,decade_1990s
4872,4873,22237161,The Sellout,author_paul_beatty,decade_2010s
4873,4874,21325,"Fables, Vol. 4: March of the Wooden Soldiers",author_bill_willingham author_mark_buckingham author_craig_hamilton author_steve_leialoha author_p_craig_russell,decade_2000s
4874,4875,28077464,Night School,author_lee_child author_dick_hill,decade_2010s
4875,4876,9578677,"The Silent Girl (Rizzoli & Isles, #9)",author_tess_gerritsen,decade_2010s
4876,4877,11301,Horton Hatches the Egg,author_dr_seuss,decade_1940s
4877,4878,17733861,"A Shade of Blood (A Shade of Vampire, #2)",author_bella_forrest,decade_2010s
4878,4879,15827066,Beyond Belief: My Secret Life Inside Scientology and My Harrowing Escape,author_jenna_miscavige_hill author_lisa_pulitzer,decade_2010s
4879,4880,73945,Apology,author_plato author_james_j_helm,decade_0s
4880,4881,102953,"Preacher, Volume 3: Proud Americans",author_garth_ennis author_steve_dillon author_penn_jillette,decade_1990s
4881,4882,12880428,"The Wolf Gift (The Wolf Gift Chronicles, #1)",author_anne_rice,decade_2010s
4884,4885,3974,The Terror,author_dan_simmons,decade_2000s
4885,4886,773606,Madeline's Rescue,author_ludwig_bemelmans,decade_1950s
4887,4888,659622,"Garden of Shadows (Dollanganger, #5)",author_vc_andrews,decade_1980s
4888,4889,10599805,"A Perfect Blood (The Hollows, #10)",author_kim_harrison,decade_2010s
4889,4890,124524,Joni: An Unforgettable Story,author_joni_eareckson_tada author_joe_musser,decade_1970s
4890,4891,93768,"War of the Twins (Dragonlance: Legends, #2)",author_margaret_weis author_tracy_hickman,decade_1980s
4891,4892,7856305,"Cross Fire (Alex Cross, #17)",author_james_patterson,decade_2010s
4892,4893,148821,Brunelleschi's Dome: How a Renaissance Genius Reinvented Architecture,author_ross_king,decade_2000s
4893,4894,582533,Creative Visualization: Use the Power of Your Imagination to Create What You Want in Your Life,author_shakti_gawain,decade_1970s
4894,4895,40329,"Metro Girl (Alex Barnaby, #1)",author_janet_evanovich,decade_2000s
4895,4896,25454883,"Never Never: Part Three (Never Never, #3)",author_colleen_hoover author_tarryn_fisher,decade_2010s
4896,4897,9565045,"Second Grave on the Left (Charley Davidson, #2)",author_darynda_jones,decade_2010s
4897,4898,33609,Katherine,author_anya_seton author_philippa_gregory,decade_1950s
4898,4899,828387,A Short History of Tractors in Ukrainian,author_marina_lewycka,decade_2000s
4899,4900,22693182,Where They Found Her,author_kimberly_mccreight,decade_2010s
4900,4901,125925,"Industrial Magic (Women of the Otherworld, #4)",author_kelley_armstrong,decade_2000s
4902,4903,18867685,"The Atlantis Plague (The Origin Mystery, #2)",author_ag_riddle,decade_2010s
4903,4904,42512,We Were Soldiers Once... and Young: Ia Drang - The Battle that Changed the War in Vietnam,author_harold_g_moore author_joseph_l_galloway,decade_1990s
4904,4905,92367,Whiteout,author_ken_follett,decade_2000s
4905,4906,568236,A Distant Mirror:  The Calamitous 14th Century,author_barbara_w_tuchman,decade_1970s
4906,4907,28899,Heat,author_mike_lupica,decade_2000s
4907,4908,900,The Game: Penetrating the Secret Society of Pickup Artists,author_neil_strauss,decade_2000s
4908,4909,64864,"N is for Noose (Kinsey Millhone, #14)",author_sue_grafton,decade_1990s
4909,4910,8476248,Just Like Heaven (Smythe-Smith Quartet #1),author_julia_quinn,decade_2010s
4911,4912,11720382,"Catch Me (Detective D.D. Warren, #6)",author_lisa_gardner,decade_2010s
4912,4913,233044,"The Shop on Blossom Street (Blossom Street, #1)",author_debbie_macomber,decade_2000s
4913,4914,239102,"Starless Night (Forgotten Realms: Legacy of the Drow, #2; Legend of Drizzt, #8)",author_ra_salvatore,decade_1990s
4914,4915,93788,"Night Fall (John Corey, #3)",author_nelson_demille,decade_2000s
4916,4917,7144426,"The Bourne Objective (Jason Bourne, #8)",author_eric_van_lustbader author_robert_ludlum,decade_2010s
4917,4918,27252717,"The Score (Off-Campus, #3)",author_elle_kennedy,decade_2010s
4918,4919,289644,"Even Now (Lost Love, #1)",author_karen_kingsbury,decade_2000s
4919,4920,3121162,Testimony,author_anita_shreve,decade_2000s
4920,4921,11544421,"Magic Rises (Kate Daniels, #6)",author_ilona_andrews,decade_2010s
4921,4922,9970042,"Whispers Under Ground (Peter Grant, #3)",author_ben_aaronovitch,decade_2010s
4922,4923,18453095,"Unlucky 13 (Women’s Murder Club, #13)",author_james_patterson author_maxine_paetro,decade_2010s
4923,4924,99610,The Best Laid Plans,author_sidney_sheldon,decade_1990s
4924,4925,2855034,Nation,author_terry_pratchett,decade_2000s
4925,4926,114162,"Secrets of a Summer Night (Wallflowers, #1)",author_lisa_kleypas,decade_2000s
4926,4927,456028,"Red: The Heroic Rescue (The Circle, #2)",author_ted_dekker,decade_2000s
4927,4928,10680329,"A Trick of the Light (Chief Inspector Armand Gamache, #7)",author_louise_penny,decade_2010s
4928,4929,17455585,"White Hot Kiss (The Dark Elements, #1)",author_jennifer_l_armentrout,decade_2010s
4930,4931,32769,At the Mountains of Madness and Other Tales of Terror,author_hp_lovecraft,decade_1930s
4931,4932,6340016,Lit,author_mary_karr,decade_2000s
4933,4934,6596547,Mockingbird,author_kathryn_erskine,decade_2010s
4936,4937,903,"The Egypt Game (Game, #1)",author_zilpha_keatley_snyder,decade_1960s
4937,4938,277397,Ellen Foster,author_kaye_gibbons,decade_1980s
4938,4939,22904,The Complete Stories,author_franz_kafka author_nahum_n_glatzer author_john_updike author_willa_muir author_edwin_muir author_tania_stern author_james_stern author_ernst_kaiser author_eithne_wilkins,decade_1940s
4940,4941,260025,"Test of the Twins (Dragonlance: Legends, #3)",author_margaret_weis author_tracy_hickman,decade_1980s
4941,4942,48467,Wise Blood,author_flannery_oconnor,decade_1950s
4943,4944,187124,"Running with the Demon (Word & Void, #1)",author_terry_brooks,decade_1990s
4945,4946,10790516,Lothaire (Immortals After Dark #12),author_kresley_cole,decade_2010s
4946,4947,515905,"Knuffle Bunny Too: A Case of Mistaken Identity (Knuffle Bunny, #2)",author_mo_willems,decade_2000s
4947,4948,2260637,"The Whole Truth (A. Shaw, #1)",author_david_baldacci,decade_2000s
4949,4950,11178225,Out of the Easy,author_ruta_sepetys,decade_2010s
4950,4951,2182780,Batman: The Man Who Laughs,author_ed_brubaker author_doug_mahnke author_patrick_zircher author_aaron_sowd author_steve_bird,decade_2000s
4951,4952,273511,"Midnight (Warriors: The New Prophecy, #1)",author_erin_hunter,decade_2000s
4952,4953,18176747,The Hard Thing About Hard Things: Building a Business When There Are No Easy Answers,author_ben_horowitz,decade_2010s
4955,4956,2063563,My Booky Wook,author_russell_brand,decade_2000s
4956,4957,18527947,"Shadow Spell (The Cousins O'Dwyer Trilogy, #2)",author_nora_roberts,decade_2010s
4957,4958,10909804,Just My Type: A Book About Fonts,author_simon_garfield,decade_2010s
4958,4959,3492020,"Promises in Death (In Death, #28)",author_jd_robb,decade_2000s
4959,4960,23534,Love Is a Dog from Hell,author_charles_bukowski,decade_1970s
4960,4961,19161852,"The Fifth Season (The Broken Earth, #1)",author_nk_jemisin,decade_2010s
4961,4962,13568322,The Zombie Room,author_rd_ronald,decade_2010s
4962,4963,67931,The Analyst,author_john_katzenbach,decade_2000s
4963,4964,2113260,Shades of Grey,author_jasper_fforde,decade_2000s
4964,4965,33569,"That Was Then, This Is Now",author_se_hinton,decade_1970s
4966,4967,10149142,The Family Fang,author_kevin____wilson,decade_2010s
4969,4970,8517008,"A Red Herring Without Mustard (Flavia de Luce, #3)",author_alan_bradley,decade_2010s
4970,4971,18728,No Ordinary Time: Franklin and Eleanor Roosevelt: The Home Front in World War II,author_doris_kearns_goodwin,decade_1990s
4971,4972,414298,Straight Man,author_richard_russo,decade_1990s
4972,4973,10739,The Moviegoer,author_walker_percy,decade_1960s
4973,4974,87346,The Cherry Orchard,author_anton_chekhov author_tom____murphy,decade_1900s
4974,4975,4835838,"11 Birthdays (Willow Falls, #1)",author_wendy_mass,decade_2000s
4976,4977,9461872,"Sisterhood Everlasting (Sisterhood, #5)",author_ann_brashares,decade_2010s
4977,4978,349090,Infinity Welcomes Careful Drivers (Red Dwarf #1),author_grant_naylor,decade_1980s
4978,4979,33459,Coyote Blue,author_christopher_moore,decade_1990s
4980,4981,87665,Orthodoxy,author_gk_chesterton,decade_1900s
4982,4983,3692,The Heart of the Matter,author_graham_greene,decade_1940s
4983,4984,21535019,"The Long Haul (Diary of a Wimpy Kid, #9)",author_jeff_kinney,decade_2010s
4984,4985,169871,"Talking to Dragons (Enchanted Forest Chronicles, #4)",author_patricia_c_wrede author_peter_de_sve,decade_1980s
4985,4986,2029176,Sail,author_james_patterson author_howard_roughan,decade_2000s
4986,4987,23301545,The Sleeper and the Spindle,author_neil_gaiman author_chris_riddell,decade_2010s
4988,4989,18750,"Beauty's Punishment (Sleeping Beauty, #2)",author_an_roquelaure author_anne_rice,decade_1980s
4989,4990,285011,"The Negotiator (O'Malley, #1)",author_dee_henderson,decade_2000s
4990,4991,13041934,Can Love Happen Twice?,author_ravinder_singh,decade_2010s
4991,4992,3124249,"A Lion Among Men (The Wicked Years, #3)",author_gregory_maguire author_douglas_smith,decade_2000s
4992,4993,43908,"Shadow of a Dark Queen (The Serpentwar Saga, #1)",author_raymond_e_feist,decade_1990s
4993,4994,11466,This Boy's Life,author_tobias_wolff,decade_1980s
4994,4995,3993839,"Patient Zero (Joe Ledger, #1)",author_jonathan_maberry,decade_2000s
4995,4996,545951,Death Comes for the Archbishop,author_willa_cather,decade_1920s
4996,4997,7942786,"Fair Game (Alpha & Omega, #3)",author_patricia_briggs,decade_2010s
4997,4998,17312201,"The Son of Sobek (Percy Jackson & Kane Chronicles Crossover, #1)",author_rick_riordan,decade_2010s
4998,4999,52823,Tartuffe,author_molire author_martin_sorrell,decade_1660s
4999,5000,4701550,Passion Unleashed (Demonica #3),author_larissa_ione,decade_2000s
5000,5001,1896346,"High School Debut, Vol. 01 (High School Debut, #1)",author_kazune_kawahara,decade_2000s
5002,5003,386234,Just for You (Little Critter),author_mercer_mayer,decade_1970s
5003,5004,294047,Amazonia,author_james_rollins,decade_2000s
5004,5005,46674,Feeling Good: The New Mood Therapy,author_david_d_burns,decade_1980s
5005,5006,114184,Blue Smoke,author_nora_roberts,decade_2000s
5006,5007,6528,"Predator (Kay Scarpetta, #14)",author_patricia_cornwell,decade_2000s
5008,5009,254308,Oblomov,author_ivan_goncharov author_stephen_pearl author_galya_diment,decade_1850s
5009,5010,198332,"Inca Gold (Dirk Pitt, #12)",author_clive_cussler,decade_1990s
5010,5011,18167006,Delicious!,author_ruth_reichl,decade_2010s
5011,5012,6496815,NurtureShock: New Thinking About Children,author_po_bronson author_ashley_merryman,decade_2000s
5012,5013,1849,"Wild Fire (John Corey, #4)",author_nelson_demille,decade_2000s
5013,5014,154423,Two Little Girls in Blue,author_mary_higgins_clark,decade_2000s
5014,5015,589979,"Daughter of the Empire (The Empire Trilogy, #1)",author_raymond_e_feist author_janny_wurts,decade_1980s
5015,5016,688191,"Everlost (Skinjacker, #1)",author_neal_shusterman,decade_2000s
5016,5017,8534799,Dreams of a Dark Warrior (Immortals After Dark #11),author_kresley_cole,decade_2010s
5017,5018,7824997,"Theodore Boone: Kid Lawyer (Theodore Boone, #1)",author_john_grisham author_richard_thomas,decade_2010s
5019,5020,39980,"A Year Down Yonder (A Long Way from Chicago, #2)",author_richard_peck,decade_2000s
5020,5021,16163690,"Own the Wind (Chaos, #1)",author_kristen_ashley,decade_2010s
5022,5023,7135858,My Name Is Memory,author_ann_brashares,decade_2010s
5023,5024,15054,Written on the Body,author_jeanette_winterson,decade_1990s
5024,5025,7849341,"Tiger's Voyage (The Tiger Saga, #3)",author_colleen_houck,decade_2010s
5025,5026,605015,"Dead and Alive (Dean Koontz's Frankenstein, #3)",author_dean_koontz,decade_2000s
5026,5027,4591,Genome: the Autobiography of a Species in 23 Chapters,author_matt_ridley,decade_1990s
5027,5028,53580,The Going-To-Bed Book,author_sandra_boynton,decade_1980s
5028,5029,112675,"Knocked Out by My Nunga-Nungas (Confessions of Georgia Nicolson, #3)",author_louise_rennison,decade_2000s
5029,5030,27526,"Desecration (Left Behind, #9)",author_tim_lahaye author_jerry_b_jenkins,decade_2000s
5030,5031,18114068,Redeployment,author_phil_klay,decade_2010s
5031,5032,6512140,Going Bovine,author_libba_bray,decade_2000s
5032,5033,25807,The Postman Always Rings Twice,author_james_m_cain,decade_1930s
5033,5034,6555517,"The Dead-Tossed Waves (The Forest of Hands and Teeth, #2)",author_carrie_ryan,decade_2010s
5034,5035,9530,Shadow Divers,author_robert_kurson,decade_2000s
5035,5036,8293938,Moon Over Manifest,author_clare_vanderpool,decade_2010s
5036,5037,77103,The Glass Palace,author_amitav_ghosh,decade_2000s
5037,5038,10710392,Chopsticks,author_jessica_anthony author_rodrigo_corral,decade_2010s
5038,5039,21853628,Every Fifteen Minutes,author_lisa_scottoline,decade_2010s
5039,5040,16279856,"The Eye of Minds (The Mortality Doctrine, #1)",author_james_dashner,decade_2010s
5040,5041,140278,"4:50 from Paddington (Miss Marple, #8)",author_agatha_christie,decade_1950s
5041,5042,74036,"Ceremony in Death (In Death, #5)",author_jd_robb,decade_1990s
5042,5043,18373214,"Cockroaches (Harry Hole, #2)",author_jo_nesb author_don_bartlett,decade_1990s
5043,5044,140078,"Grave Surprise (Harper Connelly, #2)",author_charlaine_harris,decade_2000s
5044,5045,3304,"City of the Beasts (Eagle and Jaguar, #1)",author_isabel_allende author_margaret_sayers_peden,decade_2000s
5046,5047,68497,"The Scar (Bas-Lag, #2)",author_china_miville,decade_2000s
5047,5048,23225,"Haunted (The Mediator, #5)",author_meg_cabot,decade_2000s
5048,5049,28553,"Dragondrums (Harper Hall, #3)",author_anne_mccaffrey,decade_1970s
5050,5051,18646,"Galileo's Daughter: A Historical Memoir of Science, Faith and Love",author_dava_sobel,decade_1990s
5051,5052,42692,Mila 18,author_leon_uris,decade_1960s
5052,5053,11391817,Drawing from Memory,author_allen_say,decade_2010s
5053,5054,1330324,"Sea of Poppies (Ibis Trilogy, #1)",author_amitav_ghosh,decade_2000s
5054,5055,99245,Nightfall,author_isaac_asimov author_robert_silverberg,decade_1970s
5055,5056,18005,How I Became a Pirate,author_melinda_long author_david_shannon,decade_2000s
5056,5057,99208,"The Monkey Wrench Gang (Monkey Wrench Gang, #1)",author_edward_abbey,decade_1970s
5057,5058,6323821,Last Night in Twisted River,author_john_irving,decade_2000s
5058,5059,10115852,"Love Wins: A Book About Heaven, Hell, and the Fate of Every Person Who Ever Lived",author_rob_bell,decade_2010s
5059,5060,9376345,"Bite Club (The Morganville Vampires, #10)",author_rachel_caine,decade_2010s
5061,5062,469901,Mr. Perfect,author_linda_howard,decade_2000s
5062,5063,16093188,"Up to Me (The Bad Boys, #2)",author_m_leighton,decade_2010s
5063,5064,16124019,"Waking Up Married (Waking Up, #1)",author_mira_lyn_kelly,decade_2010s
5064,5065,1225261,No Time for Goodbye (No Time For Goodbye #1),author_linwood_barclay,decade_2000s
5065,5066,207802,"Ida B. . . and Her Plans to Maximize Fun, Avoid Disaster, and (Possibly) Save the World",author_katherine_hannigan,decade_2000s
5066,5067,4703450,"The Dragon Keeper (Rain Wild Chronicles, #1)",author_robin_hobb,decade_2000s
5069,5070,178788,"The China Study: The Most Comprehensive Study of Nutrition Ever Conducted And the Startling Implications for Diet, Weight Loss, And Long-term Health",author_t_colin_campbell author_thomas_m_campbell_ii,decade_2000s
5070,5071,1013383,The Gruffalo,author_julia_donaldson author_axel_scheffler,decade_1990s
5071,5072,359,"The Salmon of Doubt (Dirk Gently, #3)",author_douglas_adams,decade_2000s
5072,5073,250024,The City and the Stars,author_arthur_c_clarke,decade_1950s
5074,5075,352262,"How to Train Your Dragon (How to Train Your Dragon, #1)",author_cressida_cowell,decade_2000s
5075,5076,6753,Brief Interviews with Hideous Men,author_david_foster_wallace,decade_1990s
5077,5078,4758093,"L.A. Candy (L.A. Candy, #1)",author_lauren_conrad,decade_2000s
5078,5079,6618272,The Siren,author_kiera_cass,decade_2000s
5079,5080,43993,The Quiet Game,author_greg_iles,decade_1990s
5080,5081,22680,American Sphinx: The Character of Thomas Jefferson,author_joseph_j_ellis,decade_1990s
5081,5082,11777020,Headhunters,author_jo_nesb author_don_bartlett,decade_2000s
5082,5083,93793,"The Messenger (Gabriel Allon, #6)",author_daniel_silva,decade_2000s
5083,5084,243598,The Sheltering Sky,author_paul_bowles,decade_1940s
5084,5085,22910900,The Rest of Us Just Live Here,author_patrick_ness,decade_2010s
5085,5086,1933181,The Lady Elizabeth,author_alison_weir,decade_2000s
5086,5087,16131193,The Astronaut Wives Club,author_lily_koppel,decade_2010s
5087,5088,184419,The Man Who Was Thursday: A Nightmare,author_gk_chesterton author_jonathan_lethem,decade_1900s
5088,5089,764903,Cheaper by the Dozen,author_frank_b_gilbreth_jr author_ernestine_gilbreth_carey,decade_1940s
5089,5090,2198274,The Monster of Florence,author_douglas_preston author_mario_spezi,decade_2000s
5090,5091,112525,Winter's Bone,author_daniel_woodrell,decade_2000s
5091,5092,30243,"Seduced by Moonlight (Merry Gentry, #3)",author_laurell_k_hamilton,decade_2000s
5092,5093,1297150,"Sword Song (The Saxon Stories, #4)",author_bernard_cornwell,decade_2000s
5093,5094,1734639,Deceptively Delicious: Simple Secrets to Get Your Kids Eating Good Food,author_jessica_seinfeld,decade_2000s
5094,5095,228534,The Weight of Water,author_anita_shreve,decade_1990s
5095,5096,16062210,"Music of the Heart (Runaway Train, #1)",author_katie_ashley,decade_2010s
5096,5097,41951,Scarlet Feather,author_maeve_binchy,decade_2000s
5097,5098,16070018,"Truth (Consequences, #2)",author_aleatha_romig,decade_2010s
5098,5099,34503,"The Last Hero (Discworld, #27; Rincewind #7)",author_terry_pratchett author_paul_kidby,decade_2000s
5100,5101,11472,We Wish to Inform You That Tomorrow We Will Be Killed with Our Families,author_philip_gourevitch,decade_1990s
5102,5103,16248078,"The English Girl (Gabriel Allon, #13)",author_daniel_silva,decade_2010s
5104,5105,18295852,The Geography of You and Me,author_jennifer_e_smith,decade_2010s
5105,5106,7991200,"Angel (Angel, #1)",author_la_weatherly,decade_2010s
5106,5107,11254850,"Seeds of Rebellion (Beyonders, #2)",author_brandon_mull,decade_2010s
5107,5108,82751,Chinese Cinderella: The True Story of an Unwanted Daughter,author_adeline_yen_mah,decade_1990s
5108,5109,14785,"Chosen Prey (Lucas Davenport, #12)",author_john_sandford,decade_2000s
5110,5111,31140847,Bossman,author_vi_keeland,decade_2010s
5111,5112,2880715,The Black Dagger Brotherhood: An Insider's Guide,author_jr_ward,decade_2000s
5112,5113,6120349,"Locke & Key, Vol. 2: Head Games",author_joe_hill author_gabriel_rodrguez,decade_2000s
5113,5114,91247,"Ramona and Her Father (Ramona, #4)",author_beverly_cleary author_alan_tiegreen,decade_1980s
5114,5115,49596,The Secret Adversary (Tommy and Tuppence #1),author_agatha_christie,decade_1920s
5115,5116,53413,Hopscotch,author_julio_cortzar author_gregory_rabassa,decade_1960s
5116,5117,9635495,"Fallen (Will Trent, #5)",author_karin_slaughter,decade_2010s
5117,5118,25689074,"Stars Above (The Lunar Chronicles, #4.5)",author_marissa_meyer,decade_2010s
5118,5119,1207904,Clapton: The Autobiography,author_eric_clapton,decade_2000s
5119,5120,647,No Logo,author_naomi_klein,decade_1990s
5120,5121,43927,No Second Chance,author_harlan_coben,decade_2000s
5121,5122,7748,Fear and Loathing on the Campaign Trail '72,author_hunter_s_thompson,decade_1970s
5122,5123,764434,Shroud for a Nightingale (Adam Dalgliesh #4),author_pd_james,decade_1970s
5123,5124,21853633,"First Frost (Waverley Family, #2)",author_sarah_addison_allen,decade_2010s
5124,5125,223380,Stories of Your Life and Others,author_ted_chiang,decade_2000s
5126,5127,6449290,The Girl Who Fell from the Sky,author_heidi_w_durrow,decade_2010s
5128,5129,32523,"Hide (Detective D.D. Warren, #2)",author_lisa_gardner,decade_2000s
5130,5131,29519514,"Broken Prince (The Royals, #2)",author_erin_watt,decade_2010s
5131,5132,16054811,Manuscript Found in Accra,author_paulo_coelho author_margaret_jull_costa,decade_2010s
5133,5134,52640,Weaveworld,author_clive_barker,decade_1980s
5134,5135,170650,"Loves Music, Loves to Dance",author_mary_higgins_clark,decade_1990s
5135,5136,215542,"The Rivers of Zadaa (Pendragon, #6)",author_dj_machale,decade_2000s
5136,5137,11227040,"Sweet Dreams (Colorado Mountain, #2)",author_kristen_ashley,decade_2010s
5137,5138,133486,Nicholas and Alexandra,author_robert_k_massie,decade_1960s
5138,5139,12275680,"Wicked Business (Lizzy & Diesel, #2)",author_janet_evanovich,decade_2010s
5139,5140,16054808,Escape from Mr. Lemoncello's Library (Mr. Lemoncello's Library #1),author_chris_grabenstein,decade_2010s
5140,5141,17208,Friday,author_robert_a_heinlein,decade_1980s
5141,5142,6926176,"Her Mother's Hope (Marta's Legacy, #1)",author_francine_rivers,decade_2010s
5143,5144,19707,"Red Rabbit (Jack Ryan Universe, #3)",author_tom_clancy,decade_2000s
5144,5145,13986,"Arrows of the Queen (Heralds of Valdemar, #1)",author_mercedes_lackey,decade_1980s
5147,5148,7285498,"Angelfire (Angelfire, #1)",author_courtney_allison_moulton,decade_2010s
5148,5149,12070846,Mile 81,author_stephen_king,decade_2010s
5149,5150,446,The Brooklyn Follies,author_paul_auster,decade_2000s
5150,5151,277191,"The Ironwood Tree (The Spiderwick Chronicles, #4)",author_holly_black author_tony_diterlizzi,decade_2000s
5151,5152,159582,The Yearling,author_marjorie_kinnan_rawlings,decade_1930s
5152,5153,13561164,"Dare You To (Pushing the Limits, #2)",author_katie_mcgarry,decade_2010s
5153,5154,6952423,I Am Ozzy,author_ozzy_osbourne author_chris_ayres,decade_2000s
5154,5155,11077,The Sex Lives of Cannibals: Adrift in the Equatorial Pacific,author_j_maarten_troost,decade_2000s
5155,5156,10445208,"Touch of Power (Healer, #1)",author_maria_v_snyder,decade_2010s
5156,5157,5158,A Virtuous Woman,author_kaye_gibbons,decade_1980s
5157,5158,59819,"Tears of the Moon (Gallaghers of Ardmore / Irish Trilogy, #2)",author_nora_roberts,decade_1990s
5159,5160,291356,"The Sapphire Rose (The Elenium, #3)",author_david_eddings,decade_1990s
5160,5161,24452249,Did You Ever Have a Family,author_bill_clegg,decade_2010s
5162,5163,781844,On Death and Dying,author_elisabeth_kblerross,decade_1960s
5163,5164,23346918,"14th Deadly Sin (Women’s Murder Club, #14)",author_james_patterson author_maxine_paetro,decade_2010s
5164,5165,827412,"It Happened One Autumn (Wallflowers, #2)",author_lisa_kleypas,decade_2000s
5165,5166,2833172,"Scarpetta (Kay Scarpetta, #16)",author_patricia_cornwell,decade_2000s
5166,5167,21681,"Darkness, Take My Hand (Kenzie & Gennaro, #2)",author_dennis_lehane,decade_1990s
5167,5168,239103,"Siege of Darkness (Forgotten Realms: Legacy of the Drow, #3; Legend of Drizzt, #9)",author_ra_salvatore,decade_1990s
5168,5169,9917945,"Perfect (Impulse, #2)",author_ellen_hopkins,decade_2010s
5169,5170,17201095,"Play with Me (With Me in Seattle, #3)",author_kristen_proby,decade_2010s
5170,5171,268604,"Portrait in Death (In Death, #16)",author_jd_robb,decade_2000s
5171,5172,17316075,"Second Chance Boyfriend (One Week Girlfriend, #2)",author_monica__murphy,decade_2010s
5172,5173,184040,"Y: The Last Man, Vol. 4: Safeword (Y: The Last Man, #4)",author_brian_k_vaughan author_pia_guerra author_goran_parlov author_jos_marzn_jr,decade_2000s
5173,5174,18668066,The Collector,author_nora_roberts,decade_2010s
5174,5175,8088,Sunshine,author_robin_mckinley,decade_2000s
5175,5176,64857,"D is for Deadbeat (Kinsey Millhone, #4)",author_sue_grafton,decade_1980s
5176,5177,10846336,Salvage the Bones,author_jesmyn_ward,decade_2010s
5177,5178,22611920,"The Hook Up (Game On, #1)",author_kristen_callihan,decade_2010s
5178,5179,14069,"Throne of Jade (Temeraire, #2)",author_naomi_novik,decade_2000s
5179,5180,2368,Mornings on Horseback,author_david_mccullough,decade_1980s
5180,5181,79426,"Y: The Last Man, Vol. 7: Paper Dolls (Y: The Last Man, #7)",author_brian_k_vaughan author_pia_guerra author_goran_suduka author_jos_marzn_jr,decade_2000s
5181,5182,92160,London,author_edward_rutherfurd,decade_1990s
5182,5183,16116760,"Silence (Silence, #1)",author_natasha_preston,decade_2010s
5183,5184,20309175,My True Love Gave to Me: Twelve Holiday Stories,author_stephanie_perkins author_holly_black author_ally_carter author_matt_de_la_pena author_gayle_forman author_jenny_han author_david_levithan author_kelly_link author_myra_mcentire author_rainbow_rowell author_laini_taylor author_kiersten_white,decade_2010s
5184,5185,20509356,"Sand Omnibus (Sand, #1-5)",author_hugh_howey,decade_2010s
5185,5186,18616975,"Off to Be the Wizard (Magic 2.0, #1)",author_scott__meyer,decade_2010s
5186,5187,659388,Nobody's Fool,author_richard_russo,decade_1990s
5187,5188,66370,Rage,author_richard_bachman author_stephen_king,decade_1970s
5188,5189,28407,"Germinal (Les Rougon-Macquart, #13)",author_mile_zola author_roger_pearson,decade_1880s
5189,5190,13573795,"Ceaseless (Existence Trilogy, #3)",author_abbi_glines,decade_2010s
5190,5191,11076177,The Cat's Table,author_michael_ondaatje,decade_2010s
5191,5192,76740,The Demolished Man,author_alfred_bester,decade_1950s
5192,5193,9578590,"Lost in Time (Blue Bloods, #6)",author_melissa_de_la_cruz,decade_2010s
5193,5194,199786,"Ninth Key (The Mediator, #2)",author_meg_cabot,decade_2000s
5195,5196,25644437,"Find Her (Detective D.D. Warren, #8)",author_lisa_gardner,decade_2010s
5196,5197,16122034,"Frigid (Frigid, #1)",author_j_lynn author_jennifer_l_armentrout,decade_2010s
5197,5198,16532,Of Love and Shadows,author_isabel_allende author_margaret_sayers_peden,decade_1980s
5198,5199,6202556,"The Evolution of Calpurnia Tate (Calpurnia Tate, #1)",author_jacqueline_kelly,decade_2000s
5199,5200,3678651,"Bad Girls Don't Die (Bad Girls Don't Die, #1)",author_katie_alender,decade_2000s
5200,5201,41707,"Atlantis Found (Dirk Pitt, #15)",author_clive_cussler,decade_1990s
5201,5202,4070095,Asterios Polyp,author_david_mazzucchelli,decade_2000s
5203,5204,138397,"The Walking Dead, Vol. 04: The Heart's Desire",author_robert_kirkman author_charlie_adlard author_cliff_rathburn,decade_2000s
5204,5205,6277410,"The Stonekeeper's Curse (Amulet, #2)",author_kazu_kibuishi,decade_2000s
5205,5206,13066,Sick Puppy,author_carl_hiaasen,decade_2000s
5206,5207,24818,The Days Are Just Packed: A Calvin and Hobbes Collection,author_bill_watterson,decade_1990s
5208,5209,13154933,"Odd Apocalypse (Odd Thomas, #5)",author_dean_koontz,decade_2010s
5209,5210,80369,Discipline and Punish: The Birth of the Prison,author_michel_foucault author_alan_sheridan author_thomas_mathiesen author_walter_seitter author_drago_braco_rotar,decade_1970s
5210,5211,215631,Pay It Forward,author_catherine_ryan_hyde,decade_1990s
5212,5213,569346,"Full Moon o Sagashite, Vol. 1",author_arina_tanemura author_tomo_kimura,decade_2000s
5213,5214,68531,"The Archer's Tale (The Grail Quest, #1)",author_bernard_cornwell,decade_2000s
5215,5216,62212,In the Company of the Courtesan,author_sarah_dunant,decade_2000s
5216,5217,13630171,"The Skull Throne (Demon Cycle, #4)",author_peter_v_brett,decade_2010s
5217,5218,84133,"Devil May Cry (Dark-Hunter, #11)",author_sherrilyn_kenyon,decade_2000s
5218,5219,30002998,Two By Two,author_nicholas_sparks,decade_2010s
5219,5220,96081,Sea Glass,author_anita_shreve,decade_2000s
5221,5222,18404285,"Be Careful What You Wish For (The Clifton Chronicles, #4)",author_jeffrey_archer,decade_2010s
5222,5223,12925063,"Inescapable (The Premonition, #1)",author_amy_a_bartol,decade_2010s
5223,5224,6918909,"Illusions (Wings, #3)",author_aprilynne_pike,decade_2010s
5224,5225,333907,Fatal Vision,author_joe_mcginniss,decade_1980s
5226,5227,43915,Magician: Apprentice  (Raymond E. Feist's Magician: Apprentice #1),author_raymond_e_feist author_michael_avon_oeming author_bryan_jl_glass author_ryan_stegman,decade_1980s
5228,5229,100933,"That Hideous Strength (Space Trilogy, #3)",author_cs_lewis,decade_1940s
5229,5230,18652002,The Bees,author_laline_paull,decade_2010s
5230,5231,2458340,Ape House,author_sara_gruen,decade_2010s
5232,5233,22674105,China Rich Girlfriend (Crazy Rich Asians #2),author_kevin_kwan,decade_2010s
5233,5234,216304,A Woman After God's Own Heart,author_elizabeth_george,decade_1990s
5234,5235,206195,"State of the Union (Scot Harvath, #3)",author_brad_thor,decade_2000s
5235,5236,15793186,The Good House,author_ann_leary,decade_2010s
5236,5237,14362,"Bless Me, Ultima",author_rudolfo_anaya,decade_1970s
5237,5238,9913,Glamorama,author_bret_easton_ellis,decade_1990s
5238,5239,169211,"F is for Fugitive (Kinsey Millhone, #6)",author_sue_grafton,decade_1980s
5240,5241,61264,Silk,author_alessandro_baricco,decade_1990s
5241,5242,7963208,A Secret Kept,author_tatiana_de_rosnay,decade_2000s
5242,5243,27530,"The Remnant (Left Behind, #10)",author_tim_lahaye author_jerry_b_jenkins,decade_2000s
5243,5244,9804,The Baron in the Trees,author_italo_calvino author_archibald_colquhoun,decade_1950s
5244,5245,11450360,"Twilight: The Graphic Novel, Vol. 2  (Twilight: The Graphic Novel, #2)",author_stephenie_meyer author_young_kim,decade_2010s
5245,5246,18468559,"Raw (RAW Family, #1)",author_belle_aurora,decade_2010s
5246,5247,5367,"The Great Book of Amber (The Chronicles of Amber, #1-10)",author_roger_zelazny,decade_1990s
5247,5248,7519472,The Darkest Lie (Lords of the Underworld #6),author_gena_showalter,decade_2010s
5249,5250,11382346,"That Boy (That Boy, #1)",author_jillian_dodd,decade_2010s
5250,5251,12384157,The Dressmaker,author_kate_alcott,decade_2010s
5251,5252,16006,"Paradise (Second Opportunities, #1)",author_judith_mcnaught,decade_1990s
5252,5253,525995,Jumanji,author_chris_van_allsburg,decade_1980s
5253,5254,341735,Replay,author_ken_grimwood,decade_1980s
5254,5255,9827912,Incognito: The Secret Lives of the Brain,author_david_eagleman,decade_2010s
5255,5256,22543,Death by Black Hole - And Other Cosmic Quandaries,author_neil_degrasse_tyson,decade_2000s
5257,5258,17977,The Ancestor's Tale: A Pilgrimage to the Dawn of Evolution,author_richard_dawkins,decade_2000s
5258,5259,18584855,Heartless,author_marissa_meyer,decade_2010s
5259,5260,128092,"The Pigman (The Pigman, #1)",author_paul_zindel,decade_1960s
5260,5261,39026,"Deep Storm (Jeremy Logan, #1)",author_lincoln_child,decade_2000s
5261,5262,9397967,"Abandon (Abandon, #1)",author_meg_cabot,decade_2010s
5262,5263,97898,"The Full Cupboard of Life (No. 1 Ladies' Detective Agency, #5)",author_alexander_mccall_smith,decade_2000s
5263,5264,263179,"How to Marry a Millionaire Vampire (Love at Stake, #1)",author_kerrelyn_sparks,decade_2000s
5264,5265,105548,The Foot Book: Dr. Seuss's Wacky Book of Opposites (Bright and Early Board Books),author_dr_seuss,decade_1960s
5265,5266,17831616,"Beautiful Bitch (Beautiful Bastard, #1.5)",author_christina_lauren,decade_2010s
5266,5267,1166131,"The Recruit (Cherub, #1)",author_robert_muchamore,decade_2000s
5267,5268,327242,Anatomy for the Artist,author_sarah_simblet,decade_2000s
5268,5269,38412,Fermat's Enigma: The Epic Quest to Solve the World's Greatest Mathematical Problem,author_simon_singh,decade_1990s
5269,5270,161361,"The Christmas Box (The Christmas Box, #1)",author_richard_paul_evans,decade_1990s
5270,5271,8046350,"My Blood Approves (My Blood Approves, #1)",author_amanda_hocking,decade_2010s
5271,5272,18341046,"Until November (Until, #1)",author_aurora_rose_reynolds,decade_2010s
5272,5273,49011,The Bloody Chamber and Other Stories,author_angela_carter,decade_1970s
5273,5274,86856,A Cook's Tour: Global Adventures in Extreme Cuisines,author_anthony_bourdain,decade_2000s
5274,5275,19797,The Power of Art,author_simon_schama,decade_2000s
5275,5276,20257122,"Finding Me: A Decade of Darkness, a Life Reclaimed - A Memoir of the Cleveland Kidnappings",author_michelle_knight author_michelle_burford,decade_2010s
5276,5277,98405,"Born in Shame (Born In Trilogy, #3)",author_nora_roberts,decade_1990s
5277,5278,7797874,"Return to Paradise (Leaving Paradise, #2)",author_simone_elkeles,decade_2010s
5278,5279,18336965,My Heart and Other Black Holes,author_jasmine_warga,decade_2010s
5279,5280,22693211,Girl in a Band,author_kim_gordon,decade_2010s
5280,5281,2272813,"Ninth Grade Slays (The Chronicles of Vladimir Tod, #2)",author_heather_brewer,decade_2000s
5281,5282,6526,"Book of the Dead (Kay Scarpetta, #15)",author_patricia_cornwell,decade_2000s
5282,5283,588138,The Hero With a Thousand Faces,author_joseph_campbell,decade_1940s
5283,5284,7713965,"Bad Blood (Virgil Flowers, #4)",author_john_sandford,decade_2010s
5284,5285,8964,"Jesus Freaks: Stories of Those Who Stood for Jesus, the Ultimate Jesus Freaks (Jesus Freaks, #1)",author_dc_talk author_the_voice_of_the_martyrs,decade_1990s
5285,5286,15811496,Cooked: A Natural History of Transformation,author_michael_pollan,decade_2010s
5286,5287,47956,Daughter of the Blood (The Black Jewels #1),author_anne_bishop,decade_1990s
5287,5288,9265891,"The Lost Gate (Mither Mages, #1)",author_orson_scott_card,decade_2010s
5288,5289,18142329,"Police (Harry Hole, #10)",author_jo_nesb author_don_bartlett,decade_2010s
5289,5290,31342,"Vittorio, The Vampire (New Tales of the Vampires, #2)",author_anne_rice,decade_1990s
5290,5291,568592,"Fushigi Yûgi: The Mysterious Play, Vol. 1: Priestess",author_yuu_watase author_yuji_oniki,decade_1990s
5291,5292,1951125,"The Lace Reader (The Lace Reader, #1)",author_brunonia_barry,decade_2000s
5292,5293,43818,Anne Rice's The Tale of the Body Thief (A Graphic Novel),author_faye_perozich author_travis_moore author_michael_halbleib author_daerick_grss author_anne_rice,decade_2000s
5293,5294,52873,The Lone Ranger and Tonto Fistfight in Heaven,author_sherman_alexie,decade_1990s
5294,5295,30226,"A Stroke of Midnight (Merry Gentry, #4)",author_laurell_k_hamilton,decade_2000s
5295,5296,31176886,The Chemist,author_stephenie_meyer,decade_2010s
5296,5297,139254,"Empress Orchid (Empress Orchid, #1)",author_anchee_min,decade_2000s
5297,5298,6359434,And Another Thing...,author_eoin_colfer,decade_2000s
5298,5299,181116,"Monday Mourning (Temperance Brennan, #7)",author_kathy_reichs,decade_2000s
5299,5300,17231976,"Damaged (Damaged, #1)",author_hm_ward,decade_2010s
5300,5301,444381,"The Princess and the Goblin  (Princess Irene and Curdie, #1)",author_george_macdonald author_arthur_hughes,decade_1870s
5302,5303,310272,There's a Wocket in My Pocket!,author_dr_seuss,decade_1970s
5304,5305,1402668,The Gatecrasher,author_madeleine_wickham,decade_1990s
5305,5306,822,"The Confusion (The Baroque Cycle, #2)",author_neal_stephenson,decade_2000s
5306,5307,11275323,"Raising Steam (Discworld, #40, Moist von Lipwig #3 )",author_terry_pratchett,decade_2010s
5307,5308,17165932,"Independent Study (The Testing, #2)",author_joelle_charbonneau,decade_2010s
5308,5309,24940998,"X (Kinsey Millhone, #24)",author_sue_grafton,decade_2010s
5309,5310,13821,Lord of Light,author_roger_zelazny author_snmez_gven,decade_1960s
5310,5311,194755,Esio Trot,author_roald_dahl author_quentin_blake,decade_1990s
5311,5312,102461,"Hellboy, Vol. 3: The Chained Coffin and Others (Hellboy, #3)",author_mike_mignola,decade_1990s
5313,5314,3188186,"Run for Your Life (Michael Bennett, #2)",author_james_patterson author_michael_ledwidge,decade_2000s
5314,5315,428,Play It as It Lays,author_joan_didion author_david_thomson,decade_1970s
5315,5316,125926,"Dime Store Magic (Women of the Otherworld, #3)",author_kelley_armstrong,decade_2000s
5316,5317,77504,"Blue Mars (Mars Trilogy, #3)",author_kim_stanley_robinson,decade_1990s
5317,5318,4006,The Valkyries,author_paulo_coelho author_alan_r_clarke,decade_1980s
5318,5319,19561922,"The Long Way Home (Chief Inspector Armand Gamache, #10)",author_louise_penny,decade_2010s
5319,5320,6665671,Please Ignore Vera Dietz,author_as_king,decade_2010s
5321,5322,395851,"The Struggle (The Vampire Diaries, #2)",author_lj_smith,decade_1990s
5322,5323,112755,"The Dark Highlander (Highlander, #5)",author_karen_marie_moning,decade_2000s
5323,5324,112752,"The Immortal Highlander (Highlander, #6)",author_karen_marie_moning,decade_2000s
5324,5325,25307,"No god but God: The Origins, Evolution and Future of Islam",author_reza_aslan,decade_2000s
5325,5326,216377,"VALIS (VALIS Trilogy, #1)",author_philip_k_dick,decade_1980s
5326,5327,457264,The Second Sex,author_simone_de_beauvoir author_hm_parshley author_deirdre_bair,decade_1940s
5327,5328,15703770,"The Runaway King (The Ascendance Trilogy, #2)",author_jennifer_a_nielsen,decade_2010s
5328,5329,28481,"Dragon Wing (The Death Gate Cycle, #1)",author_margaret_weis author_tracy_hickman,decade_1990s
5329,5330,4987,Jailbird,author_kurt_vonnegut_jr,decade_1970s
5330,5331,156532,"Y: The Last Man, Vol. 9: Motherland (Y: The Last Man, #9)",author_brian_k_vaughan author_pia_guerra author_goran_suduka author_jos_marzn_jr,decade_2000s
5331,5332,3973,"Ilium (Ilium, #1)",author_dan_simmons,decade_2000s
5332,5333,22554204,"Lumberjanes, Vol. 1: Beware the Kitten Holy",author_noelle_stevenson author_grace_ellis author_shannon_waters author_shannon_watters author_brooke_a_allen author_faith_hicks author_kat_leyh author_brooke_allen author_carolyn_nowak author_various author_carey_pietsch,decade_2010s
5333,5334,923950,The Highly Sensitive Person: How to Thrive When the World Overwhelms You,author_elaine_n_aron,decade_1990s
5334,5335,1774836,The Palace of Illusions,author_chitra_banerjee_divakaruni,decade_2000s
5335,5336,147602,The First American: The Life and Times of Benjamin Franklin,author_hw_brands,decade_2000s
5336,5337,136638,"Dance of Death (Pendergast, #6; Diogenes, #2)",author_douglas_preston author_lincoln_child,decade_2000s
5337,5338,6393972,"This World We Live In (Last Survivors, #3)",author_susan_beth_pfeffer,decade_2010s
5338,5339,1493253,"Hunter x Hunter, Vol. 01 (Hunter x Hunter, #1)",author_yoshihiro_togashi author__,decade_1990s
5339,5340,132778,"Vengeance in Death (In Death, #6)",author_jd_robb,decade_1990s
5340,5341,77773,"To Say Nothing of the Dog (Oxford Time Travel, #2)",author_connie_willis,decade_1990s
5342,5343,7679,The Terminal Man,author_michael_crichton,decade_1970s
5343,5344,18337259,"A Game of Thrones: Comic Book, Issue 1",author_daniel_abraham author_george_rr_martin author_tommy_patterson,decade_2010s
5344,5345,6087756,"White Cat (Curse Workers, #1)",author_holly_black,decade_2010s
5345,5346,11437,Where I'm Calling From: New and Selected Stories,author_raymond_carver,decade_1980s
5346,5347,26999,"Something Rotten (Thursday Next, #4)",author_jasper_fforde,decade_2000s
5347,5348,8318666,"The Land of Painted Caves (Earth's Children, #6)",author_jean_m_auel,decade_2010s
5348,5349,534255,Autobiography of a Face,author_lucy_grealy,decade_1990s
5349,5350,22465597,Vanishing Girls,author_lauren_oliver,decade_2010s
5351,5352,7355137,"Darke (Septimus Heap, #6)",author_angie_sage author_mark_zug,decade_2010s
5352,5353,7528717,The Wimpy Kid Movie Diary (Diary of a Wimpy Kid),author_jeff_kinney,decade_2010s
5353,5354,80616,The Thin Man,author_dashiell_hammett,decade_1930s
5354,5355,178813,Trading Up,author_candace_bushnell,decade_2000s
5355,5356,234489,"The Uplift War (The Uplift Saga, #3)",author_david_brin,decade_1980s
5356,5357,13881,"Rage of a Demon King (The Serpentwar Saga, #3)",author_raymond_e_feist,decade_1990s
5357,5358,395182,Lucky Jim,author_kingsley_amis author_david_lodge,decade_1950s
5358,5359,21721,"A Faint Cold Fear (Grant County, #3)",author_karin_slaughter,decade_2000s
5359,5360,23846013,"The Rose Society (The Young Elites, #2)",author_marie_lu,decade_2010s
5361,5362,5168517,Waiting For You,author_susane_colasanti,decade_2000s
5362,5363,18775365,The Short and Tragic Life of Robert Peace: A Brilliant Young Man Who Left Newark for the Ivy League,author_jeff_hobbs,decade_2010s
5364,5365,5422154,"The Neighbor (Detective D.D. Warren, #3)",author_lisa_gardner,decade_2000s
5365,5366,2202230,"Y: The Last Man, Vol. 10: Whys and Wherefores (Y: The Last Man, #10)",author_brian_k_vaughan author_pia_guerra author_jos_marzn_jr,decade_2000s
5366,5367,840278,"Eon (The Way, #1)",author_greg_bear,decade_1980s
5367,5368,25776122,The Summer Before the War,author_helen_simonson,decade_2010s
5368,5369,612188,"Memories, Dreams, Reflections",author_cg_jung author_aniela_jaff author_richard_winston author_clara_winston,decade_1960s
5369,5370,7121598,"Bullet (Anita Blake, Vampire Hunter #19)",author_laurell_k_hamilton,decade_2010s
5370,5371,8533018,"The Scottish Prisoner (Lord John Grey, #3)",author_diana_gabaldon,decade_2010s
5371,5372,199785,"Reunion (The Mediator, #3)",author_meg_cabot,decade_2000s
5373,5374,26101,Laughable Loves,author_milan_kundera author_suzanne_rappaport,decade_1970s
5374,5375,110387,"The Secret Diaries of Miss Miranda Cheever (Bevelstoke, #1)",author_julia_quinn,decade_2000s
5377,5378,31072,Under the Volcano,author_malcolm_lowry,decade_1940s
5378,5379,20894857,Sleep Tight,author_rachel_abbott,decade_2010s
5379,5380,824734,"Dinosaurs Before Dark (Magic Tree House, #1)",author_mary_pope_osborne author_salvatore_murdocca,decade_2000s
5380,5381,20417,Have Space Suit—Will Travel,author_robert_a_heinlein,decade_1950s
5381,5382,43049,The Sea Wolf,author_jack_london,decade_1900s
5382,5383,23224,"Darkest Hour (The Mediator, #4)",author_meg_cabot,decade_2000s
5383,5384,10767466,Hark! A Vagrant,author_kate_beaton,decade_2010s
5384,5385,16059,The Dive From Clausen's Pier,author_ann_packer,decade_2000s
5385,5386,53061,Death in Venice,author_thomas_mann author_michael_henry_heim author_michael_cunningham,decade_1910s
5388,5389,175516,The Fall of the House of Usher,author_edgar_allan_poe,decade_1830s
5389,5390,4415692,"The Soldiers of Halla (Pendragon, #10)",author_dj_machale,decade_2000s
5390,5391,301022,"The Boyfriend List: 15 Guys, 11 Shrink Appointments, 4 Ceramic Frogs and Me, Ruby Oliver (Ruby Oliver, #1)",author_e_lockhart,decade_2000s
5391,5392,5872,"Regeneration (Regeneration, #1)",author_pat_barker,decade_1990s
5392,5393,18668485,"The Initiate (Divergent, #0.2)",author_veronica_roth,decade_2010s
5393,5394,133729,Lucky Man,author_michael_j_fox,decade_2000s
5394,5395,17645,The Penelopiad,author_margaret_atwood,decade_2000s
5395,5396,6390031,The Improbable Adventures of Sherlock Holmes,author_john_joseph_adams author_robert_j_sawyer author_stephen_king author_michael_moorcock author_sharyn_mccrumb author_stephen_baxter author_anne_perry author_barbara_hambly author_tanith_lee author_neil_gaiman author_rob_rogers author_naomi_novik author_anthony_burgess author_dominic_green author_laurie_r_king author_barbara_roden author_peter_tremayne author_tim_lebbon author_bradley_h_sinor author_edward_d_hoch author_vonda_n_mcintyre author_darrell_schweitzer author_mary_robinette_kowal author_hpaul_jeffers author_geoffrey_a_landis author_amy_myers author_tony_pi author_chris_roberson author_mark_valentine,decade_2000s
5397,5398,167010,"Fables, Vol. 2: Animal Farm",author_bill_willingham author_mark_buckingham author_steve_leialoha author_james_jean,decade_2000s
5398,5399,464260,The Fire Next Time,author_james_____baldwin author_kvan_gney,decade_1960s
5399,5400,191117,Don't Let the Pigeon Stay Up Late!,author_mo_willems,decade_2000s
5400,5401,22358,We3,author_grant_morrison author_frank_quitely,decade_2000s
5401,5402,93731,"Princess in Pink (The Princess Diaries, #5)",author_meg_cabot,decade_2000s
5402,5403,2051840,"The Coffin Club (Vampire Kisses, #5)",author_ellen_schreiber,decade_2000s
5403,5404,11376,Main Street,author_sinclair_lewis,decade_1920s
5404,5405,20829994,Percy Jackson's Greek Gods (A Percy Jackson and the Olympians Guide),author_rick_riordan author_john_rocco,decade_2010s
5405,5406,16178,"Dairy Queen (Dairy Queen, #1)",author_catherine_gilbert_murdock,decade_2000s
5406,5407,10756240,Telegraph Avenue,author_michael_chabon,decade_2010s
5407,5408,5764902,"Undone (Will Trent, #3)",author_karin_slaughter,decade_2000s
5408,5409,23014670,The Book of Speculation,author_erika_swyler,decade_2010s
5409,5410,6726595,"Flirt (Anita Blake, Vampire Hunter #18)",author_laurell_k_hamilton,decade_2000s
5410,5411,59825,"Inner Harbor (Chesapeake Bay Saga, #3)",author_nora_roberts,decade_1990s
5411,5412,6559316,"Bite Me (A Love Story, #3)",author_christopher_moore,decade_2010s
5413,5414,147843,"Green Rider (Green Rider, #1)",author_kristen_britain,decade_1990s
5415,5416,18079683,"Boy, Snow, Bird",author_helen_oyeyemi,decade_2010s
5417,5418,9628743,"The Social Animal: The Hidden Sources of Love, Character, and Achievement",author_david__brooks,decade_2010s
5418,5419,7140754,Solar,author_ian_mcewan,decade_2010s
5419,5420,61539,The Structure of Scientific Revolutions,author_thomas_s_kuhn,decade_1960s
5420,5421,44001,Small Island,author_andrea_levy,decade_2000s
5421,5422,28220985,"A Great Reckoning (Chief Inspector Armand Gamache, #12)",author_louise_penny,decade_2010s
5422,5423,43327,The Sky is Falling,author_sidney_sheldon,decade_2000s
5424,5425,30672,Darkness at Noon,author_arthur_koestler author_daphne_hardy,decade_1940s
5425,5426,8341567,"The Perfect Play (Play by Play, #1)",author_jaci_burton,decade_2010s
5428,5429,61886,"The Curse of Chalion (World of the Five Gods, #1)",author_lois_mcmaster_bujold,decade_2000s
5430,5431,114187,"Chesapeake Blue (Chesapeake Bay Saga, #4)",author_nora_roberts,decade_2000s
5431,5432,6472451,Ash,author_malinda_lo,decade_2000s
5432,5433,6489529,"The Burning Land (The Saxon Stories, #5)",author_bernard_cornwell,decade_2000s
5433,5434,199687,"Second Helpings (Jessica Darling, #2)",author_megan_mccafferty,decade_2000s
5435,5436,253106,"The Earth, My Butt, and Other Big Round Things",author_carolyn_mackler,decade_2000s
5436,5437,12194,Lord Jim,author_joseph_conrad,decade_1900s
5438,5439,79257,Don't Panic: The Official Hitchhiker's Guide to the Galaxy Companion,author_neil_gaiman,decade_1980s
5439,5440,542752,"Things Not Seen (Things, #1)",author_andrew_clements,decade_2000s
5440,5441,19747756,House,author_frank_e_peretti author_ted_dekker,decade_2000s
5441,5442,13638125,"Vicious (Villains, #1)",author_ve_schwab author_victoria_schwab,decade_2010s
5442,5443,41706,"Raise the Titanic! (Dirk Pitt, #4)",author_clive_cussler,decade_1970s
5443,5444,45432,The Supernaturalist,author_eoin_colfer,decade_2000s
5444,5445,199782,"Queen of Babble in the Big City (Queen of Babble, #2)",author_meg_cabot,decade_2000s
5445,5446,420404,Yertle the Turtle and Other Stories,author_dr_seuss,decade_1950s
5446,5447,13628812,The Rent Collector,author_camron_wright,decade_2010s
5447,5448,19661,Family Matters,author_rohinton_mistry,decade_2000s
5448,5449,132900,The Happiest Baby on the Block: The New Way to Calm Crying and Help Your Newborn Baby Sleep Longer,author_harvey_karp,decade_2000s
5451,5452,1025250,Schooled,author_gordon_korman,decade_2000s
5452,5453,13193855,It Starts with Food: Discover the Whole30 and Change Your Life in Unexpected Ways,author_dallas_hartwig author_melissa_hartwig,decade_2010s
5453,5454,430968,Merle's Door: Lessons from a Freethinking Dog,author_ted_kerasote,decade_2000s
5454,5455,141372,"Brian's Winter (Brian's Saga, #3)",author_gary_paulsen,decade_1990s
5455,5456,11208,How the García Girls Lost Their Accents ,author_julia_alvarez,decade_1990s
5456,5457,17558817,"Be with Me (Wait for You, #2)",author_j_lynn author_jennifer_l_armentrout,decade_2010s
5457,5458,372319,"Jo's Boys (Little Women, #3)",author_louisa_may_alcott,decade_1880s
5458,5459,29430007,Home (Myron Bolitar #11),author_harlan_coben,decade_2010s
5459,5460,38502,Notes of a Dirty Old Man,author_charles_bukowski,decade_1960s
5460,5461,13505130,"The Absent One (Department Q, #2)",author_jussi_adlerolsen author_ke_semmel,decade_2000s
5461,5462,16171272,The Good Lord Bird,author_james_mcbride,decade_2010s
5462,5463,24963,"Greenwitch (The Dark Is Rising, #3)",author_susan_cooper,decade_1970s
5463,5464,30065,"The Walking Dead, Vol. 05: The Best Defense",author_robert_kirkman author_charlie_adlard author_cliff_rathburn,decade_2000s
5464,5465,321645,"Kissed by an Angel/The Power of Love/Soulmates (Kissed by an Angel, #1-3)",author_elizabeth_chandler,decade_1990s
5465,5466,18053782,"Take a Chance (Rosemary Beach, #7; Chance, #1)",author_abbi_glines,decade_2010s
5466,5467,9975779,"Portrait of a Spy (Gabriel Allon, #11)",author_daniel_silva,decade_2010s
5467,5468,501124,"One Good Turn (Jackson Brodie, #2)",author_kate_atkinson,decade_2000s
5468,5469,768878,"Abarat (Abarat, #1)",author_clive_barker,decade_2000s
5469,5470,35816,"2061: Odyssey Three (Space Odyssey, #3)",author_arthur_c_clarke,decade_1980s
5471,5472,7187395,"The Walk (The Walk, #1)",author_richard_paul_evans,decade_2010s
5472,5473,6619499,"Afterlife (Evernight, #4)",author_claudia_gray,decade_2010s
5473,5474,411527,Slam,author_nick_hornby,decade_2000s
5474,5475,9943270,"Dark Triumph (His Fair Assassin, #2)",author_robin_lafevers,decade_2010s
5475,5476,18263725,The Crossover,author_kwame_alexander,decade_2010s
5477,5478,139087,The Line of Beauty,author_alan_hollinghurst,decade_2000s
5478,5479,9792287,The Rose Garden,author_susanna_kearsley,decade_2010s
5479,5480,65684,Monster,author_frank_e_peretti,decade_2000s
5480,5481,93795,"The English Assassin (Gabriel Allon, #2)",author_daniel_silva,decade_2000s
5481,5482,24475,Chuck Klosterman IV: A Decade of Curious People and Dangerous Ideas,author_chuck_klosterman,decade_2000s
5483,5484,23093359,"The Wicked + The Divine, Vol. 1: The Faust Act",author_kieron_gillen author_jamie_mckelvie author_matt_wilson author_clayton_cowles,decade_2010s
5484,5485,17797381,Innocence,author_dean_koontz,decade_2010s
5485,5486,988950,"Dark of the Moon (Virgil Flowers, #1)",author_john_sandford,decade_2000s
5487,5488,16150831,"In The Afterlight (The Darkest Minds, #3)",author_alexandra_bracken,decade_2010s
5488,5489,12637490,"Goddess Interrupted (Goddess Test, #2)",author_aimee_carter,decade_2010s
5489,5490,280277,"Lucinda's Secret (The Spiderwick Chronicles, #3)",author_holly_black author_tony_diterlizzi,decade_2000s
5490,5491,568476,"Henry Huggins (Henry Huggins, #1)",author_beverly_cleary author_tracy_dockray,decade_1950s
5491,5492,906541,Bedtime for Frances,author_russell_hoban author_garth_williams,decade_1960s
5492,5493,328802,Totto-chan: The Little Girl at the Window,author_tetsuko_kuroyanagi author_chihiro_iwasaki author_dorothy_britton,decade_1980s
5493,5494,22055283,"Half the World (Shattered Sea, #2)",author_joe_abercrombie,decade_2010s
5494,5495,10669,When Genius Failed: The Rise and Fall of Long-Term Capital Management,author_roger_lowenstein,decade_2000s
5495,5496,44905,Writing Down the Bones: Freeing the Writer Within,author_natalie_goldberg,decade_1980s
5497,5498,28695,"City of Golden Shadow (Otherland, #1)",author_tad_williams,decade_1990s
5498,5499,140097,"An Ice Cold Grave (Harper Connelly, #3)",author_charlaine_harris,decade_2000s
5499,5500,337058,Jacob Have I Loved,author_katherine_paterson,decade_1980s
5500,5501,7134201,The Postcard Killers,author_james_patterson author_liza_marklund,decade_2010s
5501,5502,8230409,"Kamisama Kiss, Vol. 1",author_julietta_suzuki author_tomo_kimura,decade_2000s
5502,5503,23587984,"Maybe Not (Maybe, #1.5)",author_colleen_hoover,decade_2010s
5503,5504,147801,"Black Water (Pendragon, #5)",author_dj_machale,decade_2000s
5504,5505,121648,"Five Little Pigs (Hercule Poirot, #24)",author_agatha_christie,decade_1940s
5505,5506,9265453,Embassytown,author_china_miville,decade_2010s
5507,5508,3581,"Sherlock Holmes: The Complete Novels and Stories, Volume I",author_arthur_conan_doyle,decade_1920s
5508,5509,246225,"Strong Poison (Lord Peter Wimsey, #6)",author_dorothy_l_sayers,decade_1930s
5509,5510,77281,The Far Side Gallery,author_gary_larson,decade_1980s
5510,5511,13581990,"The Eternity Cure (Blood of Eden, #2)",author_julie_kagawa,decade_2010s
5511,5512,238125,"Holiday in Death (In Death, #7)",author_jd_robb,decade_1990s
5512,5513,16090981,"Thief (Love Me with Lies, #3)",author_tarryn_fisher,decade_2010s
5513,5514,166562,Between a Rock and a Hard Place,author_aron_ralston,decade_2000s
5514,5515,618177,"Legend (The Drenai Saga, #1)",author_david_gemmell,decade_1980s
5515,5516,11737313,"Three Times Lucky (Tupelo Landing, #1)",author_sheila_turnage,decade_2010s
5516,5517,23223,"Every Boy's Got One (Boy, #3)",author_meg_cabot,decade_2000s
5517,5518,231585,Small Sacrifices: A True Story of Passion and Murder,author_ann_rule,decade_1980s
5518,5519,25430584,The Guest Room,author_chris_bohjalian,decade_2010s
5519,5520,8044557,All My Friends Are Dead,author_avery_monsen author_jory_john,decade_2010s
5520,5521,617526,"The Six Sacred Stones (Jack West Jr, #2)",author_matthew_reilly,decade_2000s
5521,5522,534733,"Rising Tides (Chesapeake Bay Saga, #2)",author_nora_roberts,decade_1990s
5522,5523,2879,"Bleach, Volume 15",author_tite_kubo,decade_2000s
5523,5524,35488,Cash,author_johnny_cash author_patrick___carr,decade_1990s
5524,5525,115130,A Stranger In The Mirror,author_sidney_sheldon,decade_1970s
5525,5526,13067,Flush,author_carl_hiaasen,decade_2000s
5526,5527,781787,Out of Africa,author_isak_dinesen author_karen_blixen,decade_1930s
5527,5528,57951,"The Watchman (Elvis Cole, #11; Joe Pike, #1)",author_robert_crais,decade_2000s
5528,5529,13530973,Antifragile: Things That Gain from Disorder,author_nassim_nicholas_taleb,decade_2010s
5529,5530,16122163,"From Ashes (From Ashes, #1)",author_molly_mcadams,decade_2010s
5530,5531,13259270,Free Will,author_sam_harris,decade_2010s
5531,5532,24529123,This Is Where It Ends,author_marieke_nijkamp,decade_2010s
5532,5533,793399,"Stray (Shifters, #1)",author_rachel_vincent,decade_2000s
5534,5535,13262061,Liar & Spy,author_rebecca_stead,decade_2010s
5536,5537,5752,The Blank Slate: The Modern Denial of Human Nature,author_steven_pinker,decade_2000s
5537,5538,866136,The Dreaming Void,author_peter_f_hamilton,decade_2000s
5538,5539,5135798,"Being Nikki (Airhead, #2)",author_meg_cabot,decade_2000s
5539,5540,104837,Antony and Cleopatra,author_william_shakespeare author_cynthia_marshall author_barbara_a_mowat author_paul_werstine,decade_1600s
5540,5541,303472,"Among the Impostors (Shadow Children, #2)",author_margaret_peterson_haddix,decade_2000s
5541,5542,7775611,"Thirst No. 3: The Eternal Dawn (Thirst, #3)",author_christopher_pike,decade_2010s
5542,5543,169331,Addicted,author_zane,decade_1990s
5543,5544,10677277,"Article 5 (Article 5, #1)",author_kristen_simmons,decade_2010s
5545,5546,17930773,"Found in You (Fixed, #2)",author_laurelin_paige,decade_2010s
5546,5547,1928873,"Midnight Rising (Midnight Breed, #4)",author_lara_adrian,decade_2000s
5547,5548,21719,"Kisscut (Grant County, #2)",author_karin_slaughter,decade_2000s
5548,5549,11266880,It Chooses You,author_miranda_july author_brigitte_sire,decade_2010s
5549,5550,50275,Last Exit to Brooklyn,author_hubert_selby_jr author_gilbert_sorrentino,decade_1960s
5550,5551,53969,The Feast of the Goat,author_mario_vargas_llosa author_edith_grossman,decade_2000s
5551,5552,318404,"Drums, Girls & Dangerous Pie (Drums, Girls & Dangerous Pie, #1)",author_jordan_sonnenblick,decade_2000s
5552,5553,21412400,The First Bad Man,author_miranda_july,decade_2010s
5553,5554,28698,"To Green Angel Tower, Part 2 (Memory, Sorrow, and Thorn, #3; Part 2)",author_tad_williams,decade_1990s
5554,5555,17204860,"Jet (Marked Men, #2)",author_jay_crownover,decade_2010s
5555,5556,3656,The Sea,author_john_banville,decade_2000s
5556,5557,18656055,Invisible,author_james_patterson author_david_ellis,decade_2010s
5557,5558,32434,Mr. Murder,author_dean_koontz,decade_1990s
5558,5559,6933876,"Changeless (Parasol Protectorate, #2)",author_gail_carriger,decade_2010s
5559,5560,185253,The Magic of Recluce (The Saga of Recluce #1),author_le_modesitt_jr,decade_1990s
5560,5561,71771,"The Bastard (Kent Family Chronicles, #1)",author_john_jakes,decade_1970s
5561,5562,13330370,"The Last Policeman (The Last Policeman, #1)",author_ben_h_winters,decade_2010s
5562,5563,93269,Earth Abides,author_george_r_stewart,decade_1940s
5563,5564,136636,Thunderhead,author_douglas_preston author_lincoln_child,decade_1990s
5565,5566,9637479,"Dragon Bound (Elder Races, #1)",author_thea_harrison,decade_2010s
5566,5567,77395,"Rainbow Valley (Anne of Green Gables, #7)",author_lm_montgomery,decade_1910s
5567,5568,10574,The Colorado Kid (Hard Case Crime #13),author_stephen_king,decade_2000s
5568,5569,351064,The Monkey's Paw (Oxford Bookworms),author_diane_mowat author_ww_jacobs,decade_1900s
5570,5571,260791,The Pursuit of Holiness,author_jerry_bridges author_foster_w_cline author_jim_fay,decade_1970s
5571,5572,674220,"Again the Magic (Wallflowers, #0)",author_lisa_kleypas,decade_2000s
5572,5573,104219,Low Country,author_anne_rivers_siddons,decade_1990s
5573,5574,7558747,Revolution,author_jennifer_donnelly,decade_2010s
5574,5575,60229,Halo: The Fall of Reach,author_eric_s_nylund,decade_2000s
5575,5576,13241659,"Ever After (The Hollows, #11)",author_kim_harrison,decade_2010s
5577,5578,28251002,The Nix,author_nathan__hill,decade_2010s
5578,5579,9436632,"Vanish (Firelight, #2)",author_sophie_jordan,decade_2010s
5579,5580,24494,The Calvin and Hobbes Lazy Sunday Book,author_bill_watterson,decade_1980s
5580,5581,48037,Carmilla,author_j_sheridan_le_fanu,decade_1870s
5581,5582,47619,"Drowned Wednesday (The Keys to the Kingdom, #3)",author_garth_nix,decade_2000s
5582,5583,82434,Saving Francesca,author_melina_marchetta,decade_2000s
5583,5584,13345975,"Avoiding Commitment (Avoiding, #1)",author_ka_linde,decade_2010s
5584,5585,13521399,"Confessions of a Murder Suspect (Confessions, #1)",author_james_patterson author_maxine_paetro,decade_2010s
5585,5586,156529,"Y: The Last Man, Vol. 6: Girl on Girl (Y: The Last Man, #6)",author_brian_k_vaughan author_pia_guerra author_goran_suduka author_jos_marzn_jr,decade_2000s
5588,5589,69392,Milkweed,author_jerry_spinelli,decade_2000s
5590,5591,22326,"Virtual Light (Bridge, #1)",author_william_gibson,decade_1990s
5591,5592,6404621,American on Purpose: The Improbable Adventures of an Unlikely Patriot,author_craig_ferguson,decade_2000s
5592,5593,3240483,Always Looking Up: The Adventures of an Incurable Optimist,author_michael_j_fox,decade_2000s
5593,5594,6584134,"Nine Rules to Break When Romancing a Rake (Love By Numbers, #1)",author_sarah_maclean,decade_2010s
5594,5595,12888599,The Lifeboat,author_charlotte_rogan,decade_2010s
5595,5596,538845,Quo Vadis,author_henryk_sienkiewicz author_ws_kuniczak,decade_1890s
5596,5597,16068780,"The Jewel (The Lone City, #1)",author_amy_ewing,decade_2010s
5597,5598,312043,"The Fire Within (The Last Dragon Chronicles, #1)",author_chris_dlacey,decade_2000s
5598,5599,13815,"Servant of the Empire (The Empire Trilogy, #2)",author_raymond_e_feist author_janny_wurts,decade_1990s
5599,5600,2195309,"The Hollow (Sign of Seven, #2)",author_nora_roberts,decade_2000s
5601,5602,22540125,"After We Collided (After, #2)",author_anna_todd,decade_2010s
5603,5604,38855,Confederates in the Attic: Dispatches from the Unfinished Civil War,author_tony_horwitz,decade_1990s
5604,5605,12924261,"This Book Is Full of Spiders: Seriously, Dude, Don't Touch It (John Dies at the End, #2)",author_david_wong,decade_2010s
5606,5607,144791,"Seven Deadly Wonders (Jack West Jr, #1)",author_matthew_reilly,decade_2000s
5607,5608,7202825,"Unleashed (Ross Siblings, #1)",author_cherrie_lynn,decade_2000s
5608,5609,30224,"Mistral's Kiss (Merry Gentry, #5)",author_laurell_k_hamilton,decade_2000s
5609,5610,1044141,The 8th Habit: From Effectiveness to Greatness,author_stephen_r_covey,decade_2010s
5610,5611,4497978,Desire Unchained (Demonica #2),author_larissa_ione,decade_2000s
5611,5612,21323,Cold Fire / Hideaway / The Key to Midnight,author_dean_koontz author_leigh_nichols,decade_2000s
5612,5613,7617119,"I Am Not A Serial Killer (John Cleaver, #1)",author_dan_wells,decade_2000s
5614,5615,84022,"Welcome to the World, Baby Girl! (Elmwood Springs, #1)",author_fannie_flagg,decade_1990s
5615,5616,23966,Filth,author_irvine_welsh,decade_1990s
5616,5617,47076,The Girls,author_lori_lansens,decade_2000s
5617,5618,28686830,"Turbo Twenty-Three (Stephanie Plum, #23)",author_janet_evanovich,decade_2010s
5618,5619,30347,The Alibi,author_sandra_brown,decade_1990s
5619,5620,12408149,A Land More Kind Than Home,author_wiley_cash,decade_2010s
5620,5621,233722,"Kristy's Great Idea (The Baby-Sitters Club, #1)",author_ann_m_martin,decade_1980s
5622,5623,17704902,Five Days at Memorial: Life and Death in a Storm-Ravaged Hospital,author_sheri__fink,decade_2010s
5623,5624,52415,"The Fifth Woman (Kurt Wallander, #6)",author_henning_mankell author_steven_t_murray,decade_1990s
5624,5625,2845287,The Wordy Shipmates,author_sarah_vowell,decade_2000s
5625,5626,780581,Bel-Ami,author_guy_de_maupassant author_douglas_parme,decade_1880s
5626,5627,30043,A River Runs Through It and Other Stories,author_norman_maclean,decade_1970s
5627,5628,10836813,The Time in Between,author_mara_dueas author_daniel_hahn,decade_2000s
5628,5629,5198,Paradise,author_toni_morrison,decade_1990s
5629,5630,22325,Idoru (Bridge #2),author_william_gibson,decade_1990s
5630,5631,15803757,"The Best Man (Blue Heron, #1)",author_kristan_higgins,decade_2010s
5632,5633,10706120,"A King's Ransom (The 39 Clues: Cahills vs. Vespers, #2)",author_jude_watson,decade_2010s
5633,5634,7054123,The Poisoner's Handbook: Murder and the Birth of Forensic Medicine in Jazz Age New York,author_deborah_blum,decade_2010s
5634,5635,27083865,RoomHate,author_penelope_ward,decade_2010s
5635,5636,2954411,Living Dead Girl,author_elizabeth_scott,decade_2000s
5636,5637,159964,The Dhammapada,author_anonymous author_ananda_maitreya author_thich_nhat_hanh author_balangoda_ananda_maitreya_maitreya,decade_0s
5637,5638,13412515,"Law Man (Dream Man, #3)",author_kristen_ashley,decade_2010s
5638,5639,128754,"Deadly Decisions (Temperance Brennan, #3)",author_kathy_reichs,decade_2000s
5639,5640,23317538,Rising Strong,author_bren_brown,decade_2010s
5640,5641,13642963,"Speaking from Among the Bones (Flavia de Luce, #5)",author_alan_bradley,decade_2010s
5641,5642,5551522,Swimsuit,author_james_patterson author_maxine_paetro,decade_2000s
5642,5643,56634,Through Gates of Splendor,author_elisabeth_elliot,decade_1950s
5643,5644,15832316,"Dirty Red (Love Me with Lies, #2)",author_tarryn_fisher,decade_2010s
5644,5645,20958632,The Darkest Part of the Forest,author_holly_black,decade_2010s
5645,5646,73095,"Dream a Little Dream (Chicago Stars, #4)",author_susan_elizabeth_phillips,decade_1990s
5647,5648,51113,The Samurai's Garden,author_gail_tsukiyama,decade_1990s
5648,5649,25883848,The Hating Game,author_sally___thorne,decade_2010s
5649,5650,23746004,Black-Eyed Susans,author_julia_heaberlin,decade_2010s
5650,5651,17673307,"Neanderthal Seeks Human (Knitting in the City, #1)",author_penny_reid,decade_2010s
5651,5652,9918083,"Goliath (Leviathan, #3)",author_scott_westerfeld author_keith_thompson,decade_2010s
5653,5654,12922320,"Criminal (Will Trent, #6)",author_karin_slaughter,decade_2010s
5654,5655,19687,"The Bear and the Dragon (Jack Ryan Universe, #11)",author_tom_clancy,decade_2000s
5655,5656,17707605,"W is for Wasted (Kinsey Millhone, #23)",author_sue_grafton,decade_2010s
5656,5657,101249,I'm Just Here for the Food: Food + Heat = Cooking,author_alton_brown,decade_2000s
5658,5659,84135,Sins of the Night (Dark-Hunter #7),author_sherrilyn_kenyon,decade_2000s
5659,5660,10345937,"Shades of Earth (Across the Universe, #3)",author_beth_revis,decade_2010s
5660,5661,13661,"Tehanu (Earthsea Cycle, #4)",author_ursula_k_le_guin,decade_1990s
5661,5662,13517455,"Reboot (Reboot, #1)",author_amy_tintera,decade_2010s
5662,5663,25065629,Hunger Makes Me a Modern Girl,author_carrie_brownstein,decade_2010s
5663,5664,13533740,Thomas Jefferson: The Art of Power,author_jon_meacham,decade_2010s
5664,5665,16360,"Murder in Mesopotamia (Hercule Poirot, #14)",author_agatha_christie,decade_1930s
5665,5666,12013,"Excession (Culture, #5)",author_iain_m_banks,decade_1990s
5666,5667,5175,"What Looks Like Crazy on an Ordinary Day (Idlewild, #1)",author_pearl_cleage,decade_1990s
5667,5668,257990,"G is for Gumshoe (Kinsey Millhone, #7)",author_sue_grafton,decade_1990s
5668,5669,17333431,"King and Maxwell (Sean King & Michelle Maxwell, #6)",author_david_baldacci,decade_2010s
5670,5671,3342764,"The Magician's Apprentice (Black Magician, #0.5)",author_trudi_canavan,decade_2000s
5671,5672,459064,"Reaper's Gale (The Malazan Book of the Fallen, #7)",author_steven_erikson,decade_2000s
5673,5674,7202841,"Locke & Key, Vol. 3: Crown of Shadows",author_joe_hill author_gabriel_rodrguez,decade_2010s
5675,5676,112518,"The Garden of Rama (Rama, #3)",author_arthur_c_clarke author_gentry_lee,decade_1990s
5676,5677,1756703,"Blue-Eyed Devil (Travises, #2)",author_lisa_kleypas,decade_2000s
5677,5678,133394,Our Man in Havana,author_graham_greene,decade_1950s
5678,5679,10889279,Batman: The Black Mirror,author_scott_snyder author_jock author_francesco_francavilla author_jared_k_fletcher author_sal_cipriano author_david___baron,decade_2010s
5679,5680,9682816,Kill Me If You Can,author_james_patterson author_marshall_karp,decade_2010s
5683,5684,1406197,"A Lick of Frost (Merry Gentry, #6)",author_laurell_k_hamilton author_laural_merlington,decade_2000s
5684,5685,40289,The Abyss,author_orson_scott_card author_james_cameron,decade_1980s
5685,5686,8694522,"The Witch's Daughter (The Witch's Daughter, #1)",author_paula_brackston,decade_1990s
5686,5687,25573977,The Readers of Broken Wheel Recommend,author_katarina_bivald author_alice_menzies,decade_2010s
5687,5688,13083008,"Live by Night (Coughlin, #2)",author_dennis_lehane,decade_2010s
5688,5689,12908877,"Until I Die (Revenants, #2)",author_amy_plum,decade_2010s
5689,5690,11256979,The Magic of Reality: How We Know What's Really True,author_richard_dawkins author_dave_mckean,decade_2010s
5690,5691,35332,"Remember (Redemption, #2)",author_karen_kingsbury author_gary_smalley,decade_2000s
5692,5693,3106441,Stuff White People Like: A Definitive Guide to the Unique Taste of Millions,author_christian_lander,decade_2000s
5693,5694,18754961,"Blood Magick (The Cousins O'Dwyer Trilogy, #3)",author_nora_roberts,decade_2010s
5694,5695,687215,"The Power That Preserves (The Chronicles of Thomas Covenant the Unbeliever, #3)",author_stephen_r_donaldson,decade_1970s
5695,5696,6539596,The Brightest Star in the Sky,author_marian_keyes,decade_2000s
5696,5697,8428195,Entwined,author_heather_dixon,decade_2010s
5699,5700,6194,Waiting for the Barbarians,author_jm_coetzee,decade_1980s
5701,5702,21856367,"The Innovators: How a Group of  Hackers, Geniuses and Geeks Created the Digital Revolution",author_walter_isaacson,decade_2010s
5702,5703,316558,Kabul Beauty School: An American Woman Goes Behind the Veil,author_deborah_rodriguez,decade_2000s
5703,5704,4630,To Have and Have Not,author_ernest_hemingway,decade_1930s
5704,5705,5062,Jackdaws,author_ken_follett,decade_2000s
5706,5707,116257,"The System of the World (The Baroque Cycle, #3)",author_neal_stephenson,decade_2000s
5707,5708,147243,"Touching Spirit Bear (Spirit Bear, #1)",author_ben_mikaelsen,decade_1990s
5708,5709,15803141,The Flamethrowers,author_rachel_kushner,decade_2010s
5709,5710,13125234,"Twice Tempted (Night Prince, #2)",author_jeaniene_frost,decade_2010s
5710,5711,13547241,Unorthodox: The Scandalous Rejection of My Hasidic Roots,author_deborah_feldman,decade_2010s
5711,5712,18172471,"The Selection Stories: The Prince & The Guard (The Selection, #0.5, 2.5)",author_kiera_cass,decade_2010s
5712,5713,6474550,Crush It!: Why Now Is the Time to Cash In on Your Passion,author_gary_vaynerchuk,decade_2000s
5713,5714,89190,Redemption Ark,author_alastair_reynolds,decade_2000s
5714,5715,1178039,"The Venetian Betrayal (Cotton Malone, #3)",author_steve_berry,decade_2000s
5715,5716,142080,"Collected Poems, 1909-1962",author_ts_eliot,decade_1960s
5716,5717,219919,The Robe,author_lloyd_c_douglas,decade_1940s
5718,5719,16158508,The Yonahlossee Riding Camp for Girls,author_anton_disclafani,decade_2010s
5719,5720,19286623,"Lead (Stage Dive, #3)",author_kylie_scott,decade_2010s
5720,5721,862350,"No Humans Involved (Women of the Otherworld, #7)",author_kelley_armstrong,decade_2000s
5723,5724,7124475,"Endless Summer (The Boys Next Door, #1-2)",author_jennifer_echols,decade_2010s
5724,5725,8229399,"Big Nate Strikes Again (Big Nate Novels, #2)",author_lincoln_peirce,decade_2010s
5726,5727,49245,"His Needs, Her Needs: Building an Affair-Proof Marriage",author_willard_f_harley_jr,decade_1980s
5727,5728,31313,"Dance of the Gods (Circle Trilogy, #2)",author_nora_roberts,decade_2000s
5728,5729,7129598,"Nevermore (Nevermore, #1)",author_kelly_creagh,decade_2010s
5729,5730,45967,The Blind Owl,author_sadegh_hedayat author_dp_costello,decade_1930s
5730,5731,6871646,Pete the Cat: I Love My White Shoes,author_eric_litwin author_james_dean,decade_2010s
5731,5732,7640705,"The Ring of Solomon (Bartimaeus, #0.5)",author_jonathan_stroud author_simon__jones,decade_2010s
5732,5733,125553,"Welcome to Dead House (Goosebumps, #1)",author_rl_stine,decade_1990s
5734,5735,400924,"Chronicles of the Black Company (The Chronicles of the Black Company, #1-3)",author_glen_cook,decade_1980s
5735,5736,22522202,"Until Friday Night (The Field Party, #1)",author_abbi_glines,decade_2010s
5736,5737,5179,Mother of Pearl,author_melinda_haynes,decade_1990s
5737,5738,25814512,Everyone Brave is Forgiven,author_chris_cleave,decade_2010s
5740,5741,297134,The Things We Do for Love,author_kristin_hannah,decade_2000s
5741,5742,13927,"Son of the Shadows (Sevenwaters, #2)",author_juliet_marillier,decade_2000s
5742,5743,41689,The Key to Rebecca,author_ken_follett,decade_1980s
5743,5744,9581001,"Hard Bitten (Chicagoland Vampires, #4)",author_chloe_neill,decade_2010s
5744,5745,120231,Barefoot Contessa Family Style: Easy Ideas and Recipes That Make Everyone Feel Like Family,author_ina_garten author_maura_mcevoy,decade_2000s
5745,5746,18331807,"Vain (The Seven Deadly, #1)",author_fisher_amelie,decade_2010s
5746,5747,32767,At the Mountains of Madness,author_hp_lovecraft author_china_miville author_st_joshi,decade_1930s
5747,5748,17781,"Heart of the Sea (Gallaghers of Ardmore / Irish Trilogy, #3)",author_nora_roberts,decade_2000s
5748,5749,3373198,"Veil of Midnight (Midnight Breed, #5)",author_lara_adrian,decade_2000s
5749,5750,98807,Subterranean,author_james_rollins,decade_1990s
5750,5751,39045,I Don't Know How She Does It,author_allison_pearson,decade_2000s
5751,5752,102958,"Preacher, Volume 9: Alamo",author_garth_ennis author_steve_dillon,decade_2000s
5752,5753,22733729,"The Long Way to a Small, Angry Planet (Wayfarers, #1)",author_becky__chambers,decade_2010s
5753,5754,17961,Collected Fictions,author_jorge_luis_borges author_andrew_hurley,decade_1990s
5754,5755,266607,Valiant (Modern Faerie Tales #2),author_holly_black,decade_2000s
5756,5757,6905534,"Raised by Wolves (Raised by Wolves, #1)",author_jennifer_lynn_barnes,decade_2010s
5757,5758,43924,Promise Me (Myron Bolitar #8),author_harlan_coben,decade_2000s
5758,5759,6934395,"Midnight (The Vampire Diaries: The Return, #3)",author_lj_smith,decade_2010s
5759,5760,84146,"Dark Side of the Moon (Dark-Hunter #9, Were-Hunter #3)",author_sherrilyn_kenyon,decade_2000s
5760,5761,522525,"Mistakes Were Made (But Not by Me): Why We Justify Foolish Beliefs, Bad Decisions, and Hurtful Acts",author_carol_tavris author_elliot_aronson,decade_2000s
5761,5762,13765729,Abducted (Lizzy Gardner #1),author_tr_ragan,decade_2010s
5762,5763,10577,Roadwork,author_richard_bachman author_stephen_king,decade_1980s
5763,5764,198331,"Valhalla Rising (Dirk Pitt, #16)",author_clive_cussler,decade_2000s
5764,5765,49234,The Third Chimpanzee: The Evolution and Future of the Human Animal,author_jared_diamond,decade_1990s
5765,5766,2830067,The Given Day (Coughlin #1),author_dennis_lehane,decade_2000s
5767,5768,16096514,"Crush (Crash, #3)",author_nicole__williams,decade_2010s
5768,5769,8429687,"Deadline (Newsflesh Trilogy, #2)",author_mira_grant,decade_2010s
5769,5770,3675828,Long Lost  (Myron Bolitar #9),author_harlan_coben,decade_2000s
5770,5771,21722,"Faithless (Grant County, #5)",author_karin_slaughter,decade_2000s
5771,5772,142292,My Stroke of Insight: A Brain Scientist's Personal Journey,author_jill_bolte_taylor,decade_2000s
5772,5773,138395,"The Walking Dead, Vol. 06: This Sorrowful Life",author_robert_kirkman author_charlie_adlard author_cliff_rathburn,decade_2000s
5773,5774,3300,Inés of My Soul,author_isabel_allende author_margaret_sayers_peden,decade_2000s
5775,5776,18295858,Frog Music,author_emma_donoghue,decade_2010s
5776,5777,15888,An Instance of the Fingerpost,author_iain_pears,decade_1990s
5778,5779,61329,Crossing the Chasm: Marketing and Selling High-Tech Products to Mainstream Customers,author_geoffrey_a_moore author_regis_mckenna,decade_1990s
5780,5781,43926,The Innocent,author_harlan_coben,decade_2000s
5781,5782,76688,Robots and Empire (Robot #4),author_isaac_asimov,decade_1980s
5782,5783,5130,Island,author_aldous_huxley,decade_1960s
5784,5785,123933,No Exit,author_jeanpaul_sartre,decade_1940s
5786,5787,11566956,Are You My Mother?,author_alison_bechdel,decade_2010s
5788,5789,10762697,The Farseer Trilogy (Farseer Trilogy #1-3),author_robin_hobb,decade_2010s
5789,5790,152695,The Blue Bistro,author_elin_hilderbrand,decade_2000s
5790,5791,12043770,"Third Grave Dead Ahead (Charley Davidson, #3)",author_darynda_jones,decade_2010s
5791,5792,28635,Identity,author_milan_kundera author_linda_asher,decade_1990s
5792,5793,21569527,"The Heart of Betrayal (The Remnant Chronicles, #2)",author_mary_e_pearson,decade_2010s
5793,5794,4373,First They Killed My Father: A Daughter of Cambodia Remembers,author_loung_ung,decade_2000s
5794,5795,11166889,The Funhouse,author_owen__west author_dean_koontz,decade_1980s
5795,5796,36076,The Speed of Trust: The One Thing that Changes Everything,author_stephen_mr_covey,decade_2000s
5796,5797,43342,You Belong To Me,author_mary_higgins_clark,decade_1990s
5797,5798,43255,Not Without My Daughter,author_betty_mahmoody,decade_1980s
5798,5799,759900,"The Killing Hour (Quincy & Rainie, #4)",author_lisa_gardner,decade_2000s
5799,5800,96977,"Castle Roogna (Xanth, #3)",author_piers_anthony,decade_1970s
5800,5801,571555,While My Pretty One Sleeps,author_mary_higgins_clark,decade_1980s
5802,5803,263171,"Dance with a Vampire (Vampire Kisses, #4)",author_ellen_schreiber,decade_2000s
5804,5805,58890,"Tris's Book (Circle of Magic, #2)",author_tamora_pierce,decade_1990s
5805,5806,7785194,The Moral Landscape: How Science Can Determine Human Values,author_sam_harris,decade_2010s
5806,5807,11450591,The Mill River Recluse,author_darcie_chan,decade_2010s
5807,5808,3381,Hey Nostradamus!,author_douglas_coupland,decade_2000s
5808,5809,10836,Che Guevara: A Revolutionary Life,author_jon_lee_anderson,decade_1990s
5809,5810,24766,"The Secret Hour (Midnighters, #1)",author_scott_westerfeld,decade_2000s
5810,5811,15745371,"Chosen at Nightfall (Shadow Falls, #5)",author_cc_hunter,decade_2010s
5811,5812,587666,Like the Flowing River ,author_paulo_coelho,decade_2000s
5813,5814,11915,"Broken (Women of the Otherworld, #6)",author_kelley_armstrong,decade_2000s
5814,5815,3112850,"Lament: The Faerie Queen's Deception (Books of Faerie, #1)",author_maggie_stiefvater,decade_2000s
5816,5817,21064599,"Shopaholic to the Stars (Shopaholic, #7)",author_sophie_kinsella,decade_2010s
5817,5818,114133,High Noon,author_nora_roberts,decade_2000s
5818,5819,17557913,The Farm,author_tom_rob_smith,decade_2010s
5819,5820,18528190,Men Explain Things to Me,author_rebecca_solnit,decade_2010s
5820,5821,17201104,"Rock with Me (With Me in Seattle, #4)",author_kristen_proby,decade_2010s
5821,5822,7128341,"The Prince of Mist (Niebla, #1)",author_carlos_ruiz_zafn author_lucia_graves,decade_1980s
5822,5823,1409344,Driving Miss Daisy,author_alfred_uhry,decade_1980s
5823,5824,22457201,"Hardpressed (Hacker, #2)",author_meredith_wild,decade_2010s
5824,5825,172691,"Conspiracy in Death (In Death, #8)",author_jd_robb,decade_1990s
5825,5826,7053,"In the Company of Cheerful Ladies (No. 1 Ladies' Detective Agency, #6)",author_alexander_mccall_smith,decade_2000s
5826,5827,8296,"The First Four Years  (Little House, #9)",author_laura_ingalls_wilder author_garth_williams,decade_1950s
5827,5828,9293020,The Elephant Tree,author_rd_ronald,decade_2010s
5828,5829,128757,"Bones to Ashes (Temperance Brennan, #10)",author_kathy_reichs,decade_2000s
5829,5830,19351490,Grimm's Fairy Tales,author_jacob_grimm author_wilhelm_grimm author__,decade_1850s
5830,5831,262731,The Definitive Book of Body Language,author_allan_pease author_barbara_pease,decade_2000s
5831,5832,11262424,"Between the Lines (Between the Lines, #1)",author_tammara_webber,decade_2010s
5832,5833,72659,Never Cry Wolf,author_farley_mowat,decade_1960s
5833,5834,8437913,"Tick Tock (Michael Bennett, #4)",author_james_patterson author_michael_ledwidge,decade_2010s
5834,5835,6340471,Cleopatra's Daughter,author_michelle_moran,decade_2000s
5835,5836,281350,"Grave Secrets (Temperance Brennan, #5)",author_kathy_reichs,decade_2000s
5836,5837,16280678,"Shattered (The Iron Druid Chronicles, #7)",author_kevin_hearne,decade_2010s
5837,5838,2102600,"Zoe's Tale (Old Man's War, #4)",author_john_scalzi,decade_2000s
5838,5839,206197,"The First Commandment (Scot Harvath, #6)",author_brad_thor,decade_2000s
5839,5840,5289,Complete Works of Oscar Wilde,author_oscar_wilde author_merlin_holland,decade_1900s
5841,5842,23308084,"The Rose & the Dagger (The Wrath & the Dawn, #2)",author_renee_ahdieh,decade_2010s
5842,5843,23164927,The Fold,author_peter_clines,decade_2010s
5843,5844,24586590,The Nature of the Beast (Chief Inspector Armand Gamache #11),author_louise_penny,decade_2010s
5845,5846,4789801,"Green: The Beginning and the End (The Circle, #0)",author_ted_dekker,decade_2000s
5847,5848,16043804,"The Crown Tower (The Riyria Chronicles, #1)",author_michael_j_sullivan,decade_2010s
5848,5849,8477057,Daytripper,author_fbio_moon author_gabriel_b author_craig_thompson author_dave_stewart author_sean_konot,decade_2010s
5849,5850,6357022,"Club Shadowlands (Masters of the Shadowlands, #1)",author_cherise_sinclair,decade_2000s
5850,5851,6282753,The Museum of Innocence,author_orhan_pamuk author_maureen_freely,decade_2000s
5851,5852,28815371,The Mothers,author_brit_bennett,decade_2010s
5852,5853,406373,Faust,author_johann_wolfgang_von_goethe author_walter_kaufmann,decade_1830s
5853,5854,16172634,"Faking It (Losing It, #2)",author_cora_carmack,decade_2010s
5855,5856,12667194,"Accordance (Significance, #2)",author_shelly_crane,decade_2010s
5856,5857,8130839,Bloodrose (Nightshade #3; Nightshade World #6),author_andrea_cremer,decade_2010s
5857,5858,16297,"Cards on the Table (Hercule Poirot, #15)",author_agatha_christie,decade_1930s
5858,5859,13547289,"Tales from a Not-So-Smart Miss Know-It-All (Dork Diaries, #5)",author_rachel_rene_russell,decade_2010s
5859,5860,89551,"Ramona and Her Mother (Ramona, #5)",author_beverly_cleary,decade_1980s
5860,5861,16363,"Appointment with Death (Hercule Poirot, #19)",author_agatha_christie,decade_1930s
5861,5862,73064,"Natural Born Charmer (Chicago Stars, #7)",author_susan_elizabeth_phillips,decade_2000s
5862,5863,30852,The Woman Warrior,author_maxine_hong_kingston,decade_1970s
5863,5864,327194,Three Little Kittens,author_masha author_marie_simchow_stern,decade_1940s
5864,5865,38503,Tales of Ordinary Madness,author_charles_bukowski,decade_1970s
5865,5866,18115061,"Before Jamaica Lane (On Dublin Street, #3)",author_samantha_young,decade_2010s
5868,5869,15802944,"Carry On, Warrior: Thoughts on Life Unarmed",author_glennon_doyle_melton,decade_2010s
5869,5870,736131,The Valley of Fear,author_arthur_conan_doyle author_david_timson,decade_1910s
5870,5871,3094593,"The Pagan Stone (Sign of Seven, #3)",author_nora_roberts,decade_2000s
5871,5872,9748274,A Tale of Two Cities / Great Expectations,author_charles_dickens,decade_1850s
5872,5873,44644,Principle-Centered Leadership,author_stephen_r_covey,decade_1990s
5873,5874,2570856,"Monster Hunter International (Monster Hunter International, #1)",author_larry_correia,decade_2000s
5874,5875,11431896,"The Bitter Kingdom (Fire and Thorns, #3)",author_rae_carson,decade_2010s
5875,5876,19674,"The Teeth of the Tiger (Jack Ryan Universe, #12)",author_tom_clancy,decade_2000s
5876,5877,61958,"Moreta: Dragonlady of Pern (Pern, #7)",author_anne_mccaffrey,decade_1980s
5878,5879,102957,"Preacher, Volume 6: War in the Sun",author_garth_ennis author_steve_dillon author_peter_snejbjerg,decade_1990s
5880,5881,16842,A Single Man,author_christopher_isherwood,decade_1960s
5881,5882,13529055,Mortality,author_christopher_hitchens,decade_2010s
5882,5883,312050,"Icefire (The Last Dragon Chronicles, #2)",author_chris_dlacey,decade_2000s
5883,5884,30831912,Norse Mythology,author_neil_gaiman,decade_2010s
5885,5886,107774,Honor's Splendour,author_julie_garwood,decade_1980s
5886,5887,10757771,Shut Out,author_kody_keplinger,decade_2010s
5887,5888,16102880,"Bad Rep (Bad Rep, #1)",author_a_meredith_walters,decade_2010s
5888,5889,59813,"Valley of Silence (Circle Trilogy, #3)",author_nora_roberts,decade_2000s
5889,5890,207034,"The Prophet of Yonwood (Book of Ember, #3)",author_jeanne_duprau,decade_2000s
5890,5891,20800147,"Hope to Die (Alex Cross, #22)",author_james_patterson,decade_2010s
5891,5892,6294553,"Deep Kiss of Winter (Includes: Immortals After Dark, #8; Alien Huntress, #3.5)",author_kresley_cole author_gena_showalter,decade_2000s
5892,5893,15944406,Doll Bones,author_holly_black author_eliza_wheeler,decade_2010s
5893,5894,11057626,"Red Mist (Kay Scarpetta, #19)",author_patricia_cornwell,decade_2010s
5894,5895,11277218,"I Am Half-Sick of Shadows (Flavia de Luce, #4)",author_alan_bradley,decade_2010s
5895,5896,12881141,"Wild Man (Dream Man, #2)",author_kristen_ashley,decade_2010s
5896,5897,23129410,Welcome to Night Vale,author_joseph_fink author_jeffrey_cranor,decade_2010s
5897,5898,299384,Sleeping Beauty: a Little Golden Book (Disney Princess),author_michael_teitelbaum author_walt_disney_company,decade_1980s
5898,5899,110385,"An Offer From a Gentleman (Bridgertons, #3)",author_julia_quinn,decade_2000s
5899,5900,18304322,"Dumplin' (Dumplin', #1)",author_julie___murphy,decade_2010s
5900,5901,23533039,Ancillary Mercy (Imperial Radch #3),author_ann_leckie,decade_2010s
5901,5902,8038219,The Darkest Surrender  (Lords of the Underworld #8),author_gena_showalter,decade_2010s
5902,5903,11563,Danse Macabre,author_stephen_king,decade_1980s
5903,5904,15762657,"Seducing Cinderella (Fighting for Love, #1)",author_gina_l_maxwell,decade_2010s
5904,5905,28184,"Blue Shoes and Happiness (No. 1 Ladies' Detective Agency, #7)",author_alexander_mccall_smith,decade_2000s
5906,5907,31244,Our Mutual Friend,author_charles_dickens,decade_1860s
5907,5908,531262,A Handful of Dust,author_evelyn_waugh,decade_1930s
5908,5909,95608,Leota's Garden,author_francine_rivers,decade_1990s
5910,5911,50618,The Book of Illusions,author_paul_auster,decade_2000s
5911,5912,112756,"To Tame a Highland Warrior (Highlander, #2)",author_karen_marie_moning,decade_1990s
5912,5913,171020,A Mango-Shaped Space,author_wendy_mass,decade_2000s
5914,5915,304,Daniel Deronda,author_george_eliot author_edmund_white,decade_1870s
5915,5916,27161845,Here's to Us,author_elin_hilderbrand,decade_2010s
5916,5917,7203690,"Chasing Perfect (Fool's Gold, #1)",author_susan_mallery,decade_2010s
5917,5918,97632,The Debutante Divorcee,author_plum_sykes,decade_2000s
5918,5919,265205,Life Application Study Bible: NIV,author_anonymous author_ronald_a_beers author_ronald_a_beers,decade_1990s
5919,5920,39028,"The Wheel of Darkness (Pendergast, #8)",author_douglas_preston author_lincoln_child,decade_2000s
5920,5921,25733990,"Sleeping Giants (Themis Files, #1)",author_sylvain_neuvel,decade_2010s
5921,5922,15795628,Blackmoore,author_julianne_donaldson,decade_2010s
5922,5923,47720,The Sandman: Endless Nights,author_neil_gaiman author_barron_storey author_bill_sienkiewicz author_glenn_fabry author_dave_mckean author_p_craig_russell author_milo_manara author_miguelanxo_prado author_frank_quitely author_todd_klein,decade_2000s
5923,5924,202292,The First Wives Club,author_olivia_goldsmith,decade_1990s
5924,5925,250729,The Vanishing Act of Esme Lennox,author_maggie_ofarrell,decade_2000s
5925,5926,550720,The Night Watch,author_sarah_waters,decade_2000s
5926,5927,21853645,"Mightier Than the Sword (The Clifton Chronicles, #5)",author_jeffrey_archer,decade_2010s
5927,5928,31331,"Blood Canticle (The Vampire Chronicles, #10)",author_anne_rice,decade_2000s
5928,5929,13060,Nature Girl,author_carl_hiaasen,decade_2000s
5929,5930,11553,Boy's Life,author_robert_mccammon,decade_1990s
5931,5932,16235,Sister of My Heart,author_chitra_banerjee_divakaruni,decade_1990s
5932,5933,3181564,The Housekeeper and the Professor,author_yko_ogawa author_stephen_snyder,decade_2000s
5933,5934,102525,"H is for Homicide (Kinsey Millhone, #8)",author_sue_grafton,decade_1990s
5934,5935,221059,JPod,author_douglas_coupland,decade_2000s
5935,5936,32437,The Face,author_dean_koontz,decade_2000s
5936,5937,2714607,The Ascent of Money: A Financial History of the World,author_niall_ferguson,decade_2000s
5937,5938,20697471,Food: A Love Story,author_jim_gaffigan,decade_2010s
5938,5939,18079527,The Impossible Knife of Memory,author_laurie_halse_anderson,decade_2010s
5940,5941,7277715,"Deliver Us from Evil (A. Shaw, #2)",author_david_baldacci,decade_2010s
5943,5944,15801668,The Girls of Atomic City: The Untold Story of the Women Who Helped Win World War II,author_denise_kiernan,decade_2010s
5945,5946,215540,"The Quillan Games (Pendragon, #7)",author_dj_machale,decade_2000s
5947,5948,3384,Girlfriend in a Coma,author_douglas_coupland,decade_1990s
5948,5949,92227,"The Green Mile, Part 1: The Two Dead Girls",author_stephen_king,decade_1990s
5949,5950,16200,Ella Minnow Pea: A Novel in Letters,author_mark_dunn,decade_2000s
5950,5951,938544,"Toll the Hounds (The Malazan Book of the Fallen, #8)",author_steven_erikson,decade_2000s
5951,5952,1430213,The Bone Garden ,author_tess_gerritsen,decade_2000s
5953,5954,23019294,A Head Full of Ghosts,author_paul_tremblay,decade_2010s
5954,5955,22889767,Better Than Before: Mastering the Habits of Our Everyday Lives,author_gretchen_rubin,decade_2010s
5955,5956,18210706,"Broken Homes (Peter Grant, #4)",author_ben_aaronovitch,decade_2010s
5956,5957,169959,"The King's Buccaneer (Krondor's Sons, #2)",author_raymond_e_feist,decade_1990s
5957,5958,16248114,Maya's Notebook,author_isabel_allende author_anne_mclean,decade_2010s
5958,5959,6609764,"One Crazy Summer (Gaither Sisters, #1)",author_rita_williamsgarcia,decade_2010s
5959,5960,7011403,"Dragon Haven (Rain Wild Chronicles, #2)",author_robin_hobb,decade_2010s
5960,5961,18035,"Right Ho, Jeeves (Jeeves, #6)",author_pg_wodehouse,decade_1930s
5961,5962,3359940,"If You're Reading This, It's Too Late (Secret, #2)",author_pseudonymous_bosch author_gilbert_ford,decade_2000s
5962,5963,296942,"Moonrise (Warriors: The New Prophecy, #2)",author_erin_hunter,decade_2000s
5963,5964,1316382,The Wednesday Letters,author_jason_f_wright,decade_2000s
5964,5965,6371117,"Betrayals (Strange Angels, #2)",author_lili_st_crow author_lilith_saintcrow,decade_2000s
5965,5966,13134,You've Been Warned,author_james_patterson author_howard_roughan,decade_2000s
5966,5967,444347,"Chasing Vermeer (Chasing Vermeer, #1)",author_blue_balliett author_brett_helquist,decade_2000s
5967,5968,53834,The Jesus I Never Knew,author_philip_yancey,decade_1990s
5968,5969,80630,Turning Angel,author_greg_iles,decade_2000s
5969,5970,7743783,"The Unidentified Redhead (Redhead, #1)",author_alice_clayton,decade_2010s
5970,5971,7905977,"The Adventures of Ook and Gluk, Kung-Fu Cavemen from the Future",author_dav_pilkey author_george_beard author_harold_hutchins,decade_2010s
5971,5972,20413,A Child's Garden of Verses,author_robert_louis_stevenson author_tasha_tudor,decade_1880s
5972,5973,9914,The Informers,author_bret_easton_ellis,decade_1990s
5973,5974,22054340,"The Queen (The Selection, #0.4)",author_kiera_cass,decade_2010s
5974,5975,7202829,"The Devil Colony (Sigma Force, #7)",author_james_rollins,decade_2010s
5975,5976,7469664,"The Walking Dead, Vol. 12: Life Among Them",author_robert_kirkman author_charlie_adlard,decade_2010s
5976,5977,20587777,"Some Luck (Last Hundred Years: A Family Saga, #1)",author_jane_smiley,decade_2010s
5977,5978,72657,Pedagogy of the Oppressed,author_paulo_freire author_myra_bergman_ramos author_donaldo_macedo author_richard_shaull,decade_1960s
5978,5979,17262540,"William Shakespeare's Star Wars: Verily, A New Hope (William Shakespeare's Star Wars, #4)",author_ian_doescher,decade_2010s
5979,5980,26085,Identity Crisis,author_brad_meltzer author_rags_morales author_michael_bair author_joss_whedon,decade_2000s
5980,5981,10866624,"Unspoken (The Lynburn Legacy, #1)",author_sarah_rees_brennan,decade_2010s
5982,5983,28859,The Gospel According to Jesus Christ,author_jos_saramago,decade_1990s
5983,5984,13477819,"Who Could That Be at This Hour? (All the Wrong Questions, #1)",author_lemony_snicket author_seth,decade_2010s
5984,5985,11765920,"The Calling (Darkness Rising, #2)",author_kelley_armstrong,decade_2010s
5985,5986,10450750,Avatar: The Last Airbender: The Lost Adventures,author_bryan_konietzko author_michael_dante_dimartino author_aaron_ehasz author_alison_wilgus author_amy_kim_ganter author_brian_ralph author_corey_lewis author_dave_roman author_elsa_garagarza author_ethan_spaulding author_frank_pittarese author_gurihiru author_j_torres author_joaquim_dos_santos author_johane_matte author_john_obryan author_joshua_hamilton author_justin_ridge author_kaite_mattila author_may_chan author_rawles_marie_lumumba author_reagan_lodge author_tim_hedrick author_tom_mcweeney,decade_2010s
5986,5987,18819296,Hidden,author_catherine_mckenzie,decade_2010s
5987,5988,7911,Five Little Peppers and How They Grew,author_margaret_sidney,decade_1880s
5988,5989,3697927,"Princess of the Midnight Ball (The Princesses of Westfalin Trilogy, #1)",author_jessica_day_george,decade_2000s
5990,5991,334818,Miss Rumphius,author_barbara_cooney,decade_1980s
5991,5992,762563,Ball Four,author_jim_bouton,decade_1970s
5992,5993,21329,"Fables, Vol. 3: Storybook Love",author_bill_willingham author_mark_buckingham author_steve_leialoha author_james_jean,decade_2000s
5993,5994,56899,Aura,author_carlos_fuentes,decade_1960s
5994,5995,31312,The Dance Of Anger: A Woman's Guide to Changing the Patterns of Intimate Relationships,author_harriet_lerner,decade_1980s
5995,5996,900892,A Random Walk Down Wall Street,author_burton_g_malkiel,decade_1970s
5996,5997,7129588,Forget You,author_jennifer_echols,decade_2010s
5997,5998,16152943,"Wanted (Wanted, #1)",author_kelly_elliott,decade_2010s
5998,5999,21796,Marathon Man,author_william_goldman,decade_1970s
5999,6000,3870943,The Apothecary's Daughter,author_julie_klassen,decade_2000s
6000,6001,16047244,"Rock the Heart (Black Falcon, #1)",author_michelle_a_valentine,decade_2010s
6001,6002,76659,"Bearing an Hourglass (Incarnations of Immortality, #2)",author_piers_anthony,decade_1980s
6002,6003,65217,The Five Chinese Brothers,author_claire_huchet_bishop author_kurt_wiese,decade_1930s
6003,6004,9712492,"Providence (Providence, #1)",author_jamie_mcguire,decade_2010s
6005,6006,94804,"Days with Frog and Toad (Frog and Toad, #4)",author_arnold_lobel,decade_1970s
6007,6008,9305362,"Captive Prince (Captive Prince, #1)",author_cs_pacat,decade_2010s
6008,6009,40159,"The King of Attolia (The Queen's Thief, #3)",author_megan_whalen_turner,decade_2000s
6010,6011,5548,What Do You Care What Other People Think?,author_richard_feynman,decade_1980s
6011,6012,7146335,Skippy Dies,author_paul_murray,decade_2010s
6014,6015,22027459,"The Atlantis World (The Origin Mystery, #3)",author_ag_riddle,decade_2010s
6015,6016,8635145,"Embrace (The Violet Eden Chapters, #1)",author_jessica_shirvington,decade_2010s
6016,6017,192892,"Unnatural Death (Lord Peter Wimsey, #3)",author_dorothy_l_sayers,decade_1920s
6017,6018,92250,"Angels in America, Part One: Millennium Approaches",author_tony_kushner,decade_1990s
6019,6020,330721,"Dreaming of You (The Gamblers, #2)",author_lisa_kleypas,decade_1990s
6020,6021,8725,Comfort Me with Apples: More Adventures at the Table,author_ruth_reichl,decade_2000s
6021,6022,138134,The Complete Poems,author_john_keats,decade_1820s
6022,6023,129621,"Almost Heaven (Sequels, #3)",author_judith_mcnaught,decade_1980s
6023,6024,823411,Three Day Road,author_joseph_boyden,decade_2000s
6024,6025,30005,Red Harvest,author_dashiell_hammett,decade_1920s
6025,6026,17860217,"Trust in Me (Wait for You, #1.5)",author_j_lynn author_jennifer_l_armentrout,decade_2010s
6026,6027,204041,"Naruto, Vol. 11: Impassioned Efforts (Naruto, #11)",author_masashi_kishimoto author_frances_wall,decade_2000s
6027,6028,9509289,One Summer,author_david_baldacci,decade_2010s
6028,6029,350684,"Whitney, My Love (Westmoreland, #2)",author_judith_mcnaught,decade_1980s
6029,6030,785454,Train to Pakistan,author_khushwant_singh,decade_1950s
6030,6031,8407173,Jasper Jones,author_craig_silvey,decade_2000s
6032,6033,20893314,A Brief History of Seven Killings,author_marlon_james,decade_2010s
6033,6034,6373717,Hold Still,author_nina_lacour,decade_2000s
6034,6035,107772,The Prize,author_julie_garwood,decade_1990s
6035,6036,13525938,The Middlesteins,author_jami_attenberg,decade_2010s
6036,6037,18736925,Capital in the Twenty-First Century,author_thomas_piketty author_arthur_goldhammer,decade_2010s
6038,6039,782854,Eloise ,author_kay_thompson author_hilary_knight,decade_1950s
6039,6040,13555073,"The Screaming Staircase (Lockwood & Co., #1)",author_jonathan_stroud,decade_2010s
6040,6041,18594633,Summer House with Swimming Pool,author_herman_koch,decade_2010s
6041,6042,110090,True History of the Kelly Gang,author_peter_carey,decade_2000s
6042,6043,702539,"Get Shorty (Chili Palmer, #1)",author_elmore_leonard,decade_1990s
6043,6044,17302495,"One Tiny Lie (Ten Tiny Breaths, #2)",author_ka_tucker,decade_2010s
6044,6045,113441,The Day of the Locust,author_nathanael_west author_alfred_kazin,decade_1930s
6045,6046,98685,Genius: The Life and Science of Richard Feynman,author_james_gleick,decade_1990s
6047,6048,172764,Full Moon Rising (Riley Jenson Guardian #1),author_keri_arthur,decade_2000s
6049,6050,116054,Winter Solstice,author_rosamunde_pilcher,decade_2000s
6050,6051,13580951,"United We Spy (Gallagher Girls, #6)",author_ally_carter,decade_2010s
6051,6052,6571723,"The Morganville Vampires, Volume 1 (The Morganville Vampires, #1-2)",author_rachel_caine,decade_2000s
6053,6054,20575425,Wolf in White Van,author_john_darnielle,decade_2010s
6054,6055,91203,Three Comrades,author_erich_maria_remarque,decade_1930s
6055,6056,7817785,"Bloody Valentine (Blue Bloods, #5.5)",author_melissa_de_la_cruz,decade_2010s
6056,6057,5160,The Heart of a Woman,author_maya_angelou,decade_1980s
6058,6059,6266907,"Alex Cross's Trial (Alex Cross, #15)",author_james_patterson author_richard_dilallo,decade_2000s
6059,6060,2118114,Sway: The Irresistible Pull of Irrational Behavior,author_ori_brafman author_rom_brafman,decade_2000s
6060,6061,423156,King of the Wind: The Story of the Godolphin Arabian,author_marguerite_henry author_wesley_dennis,decade_1940s
6061,6062,18774981,Waking Up: A Guide to Spirituality Without Religion,author_sam_harris,decade_2010s
6062,6063,43037,"The Call of the Wild, White Fang and Other Stories",author_jack_london,decade_1900s
6063,6064,95784,The Rape of Nanking,author_iris_chang,decade_1990s
6065,6066,1627,Brokeback Mountain,author_annie_proulx,decade_1990s
6066,6067,73080,"Nobody's Baby But Mine (Chicago Stars, #3)",author_susan_elizabeth_phillips,decade_1990s
6067,6068,17934416,Keep Quiet,author_lisa_scottoline,decade_2010s
6068,6069,78985,Sons of Fortune,author_jeffrey_archer,decade_2000s
6069,6070,48318,The Solitaire Mystery: A Novel About Family and Destiny,author_jostein_gaarder author_sarah_jane_hails,decade_1990s
6071,6072,6104943,Rumour Has It,author_jill_mansell,decade_2000s
6073,6074,7937744,Surface Detail (Culture #9),author_iain_m_banks,decade_2010s
6074,6075,7785207,"The Mating  (Law of the Lycans, #2)",author_nicky_charles,decade_2010s
6075,6076,330947,"The Gates of Rome (Emperor, #1)",author_conn_iggulden,decade_2000s
6076,6077,20299683,"Rat Queens, Vol. 1: Sass & Sorcery",author_kurtis_j_wiebe author_roc_upchurch,decade_2010s
6077,6078,81903,"Curtain (Hercule Poirot, #39)",author_agatha_christie,decade_1970s
6079,6080,2798094,"Swallowing Darkness (Merry Gentry, #7)",author_laurell_k_hamilton,decade_2000s
6080,6081,21420473,"The Fixed Trilogy (Fixed, #1-3)",author_laurelin_paige,decade_2010s
6081,6082,18774020,California,author_edan_lepucki,decade_2010s
6082,6083,116295,Guards! Guards!: The Play,author_stephen_briggs author_terry_pratchett,decade_1990s
6083,6084,197512,The Pigeon Finds a Hot Dog!,author_mo_willems,decade_2000s
6084,6085,25131600,"Aftermath (Star Wars: Aftermath, #1)",author_chuck_wendig,decade_2010s
6085,6086,263148,"Vampireville (Vampire Kisses, #3)",author_ellen_schreiber,decade_2000s
6086,6087,16349,"Hercule Poirot's Christmas (Hercule Poirot, #20)",author_agatha_christie,decade_1930s
6087,6088,15808287,Mrs. Lincoln's Dressmaker,author_jennifer_chiaverini,decade_2010s
6089,6090,12547098,The Baker's Daughter,author_sarah_mccoy,decade_2010s
6090,6091,21849362,"The Shadows (Black Dagger Brotherhood, #13)",author_jr_ward,decade_2010s
6091,6092,920143,Little Red Riding Hood,author_trina_schart_hyman author_johann_grimm author_wilhelm_grimm,decade_1980s
6092,6093,153865,"Captain Underpants and the Attack of the Talking Toilets (Captain Underpants, #2)",author_dav_pilkey,decade_1990s
6093,6094,12204857,Ghost Boy,author_martin_pistorius author_megan_lloyd_davies,decade_2010s
6094,6095,18077875,Essentialism: The Disciplined Pursuit of Less,author_greg_mckeown,decade_2010s
6095,6096,16188,"Wideacre  (The Wideacre Trilogy, #1)",author_philippa_gregory,decade_1980s
6096,6097,6670,The Magic Finger (Young Puffin Developing Reader),author_roald_dahl author_quentin_blake,decade_1960s
6097,6098,15717721,"If I Were You (Inside Out, #1)",author_lisa_renee_jones,decade_2010s
6098,6099,16079228,"Beautifully Damaged (Beautifully Damaged, #1)",author_la_fiore,decade_2010s
6099,6100,16053316,"Wethering the Storm (The Storm, #2)",author_samantha_towle,decade_2010s
6100,6101,30658,Meditations on First Philosophy,author_ren_descartes author_donald_a_cress,decade_1640s
6101,6102,17491,"The Enchanted Wood (The Faraway Tree, #1)",author_enid_blyton,decade_1930s
6102,6103,17286162,"Forever Black (Forever, #1)",author_sandi_lynn,decade_2010s
6104,6105,11866694,Arcadia,author_lauren_groff,decade_2010s
6106,6107,25279165,The Swans of Fifth Avenue,author_melanie_benjamin,decade_2010s
6107,6108,229145,"Cardcaptor Sakura, Vol. 1 (Cardcaptor Sakura, #1)",author_clamp author_maria_simpson,decade_1990s
6108,6109,23217,"Size 14 Is Not Fat Either (Heather Wells, #2)",author_meg_cabot,decade_2000s
6109,6110,12072362,The Pioneer Woman Cooks: Food from My Frontier ,author_ree_drummond,decade_2010s
6110,6111,12706435,"Defiance (Significance, #3)",author_shelly_crane,decade_2010s
6111,6112,232577,Gorillas in the Mist,author_dian_fossey,decade_1980s
6112,6113,7663,A Case of Need,author_jeffery_hudson author_michael_crichton,decade_1960s
6113,6114,16045140,The Love Affairs of Nathaniel P.,author_adelle_waldman,decade_2010s
6114,6115,16096873,"Revealed (House of Night, #11)",author_pc_cast author_kristin_cast,decade_2010s
6115,6116,28959148,We're All Damaged,author_matthew_norman,decade_2010s
6116,6117,6115138,"Sworn to Silence (Kate Burkholder, #1)",author_linda_castillo,decade_2000s
6117,6118,12119529,"Magic Breaks (Kate Daniels, #7)",author_ilona_andrews,decade_2010s
6118,6119,79649,The Seagull,author_anton_chekhov author_michael_frayn,decade_1890s
6120,6121,93723,"Boy Meets Girl (Boy, #2)",author_meg_cabot,decade_2000s
6121,6122,402015,"Dancing in My Nuddy-Pants (Confessions of Georgia Nicolson, #4)",author_louise_rennison,decade_2000s
6122,6123,348,The Door Into Summer,author_robert_a_heinlein,decade_1950s
6123,6124,316445,Luna,author_julie_anne_peters,decade_2000s
6124,6125,14280,Runaway,author_alice_munro,decade_2000s
6125,6126,886066,"Matter (Culture, #8)",author_iain_m_banks,decade_2000s
6126,6127,17825503,Leo,author_mia_sheridan,decade_2010s
6127,6128,3103,Maurice,author_em_forster,decade_1970s
6128,6129,10402992,"New York to Dallas (In Death, #33)",author_jd_robb author_susan_ericksen,decade_2010s
6129,6130,52350,The Stepford Wives,author_ira_levin,decade_1970s
6130,6131,161156,The Longest Day,author_cornelius_ryan,decade_1950s
6131,6132,6426,Motor Mouth (Alex Barnaby #2),author_janet_evanovich,decade_2000s
6132,6133,215541,"The Reality Bug (Pendragon, #4)",author_dj_machale,decade_2000s
6133,6134,6528034,True Blue,author_david_baldacci,decade_2000s
6134,6135,317504,"Mistress of the Empire (The Empire Trilogy, #3)",author_raymond_e_feist author_janny_wurts,decade_1990s
6135,6136,11410430,Defiance (Defiance #1),author_cj_redwine,decade_2010s
6136,6137,20706316,"Winter Street (Winter, #1)",author_elin_hilderbrand,decade_2010s
6137,6138,233637,The Hidden Staircase (Nancy Drew #2),author_carolyn_keene author_mildred_benson,decade_1930s
6138,6139,369110,Captains and the Kings,author_taylor_caldwell,decade_1970s
6139,6140,13390528,"The Fallen Angel (Gabriel Allon, #12)",author_daniel_silva,decade_2010s
6141,6142,97862,"One Tuesday Morning (9/11, #1)",author_karen_kingsbury,decade_2000s
6142,6143,8935153,"Hit List (Anita Blake, Vampire Hunter #20)",author_laurell_k_hamilton,decade_2010s
6143,6144,34508,Interesting Times: The Play,author_stephen_briggs author_terry_pratchett,decade_1990s
6144,6145,29367958,The Wall of Winnipeg and Me,author_mariana_zapata,decade_2010s
6145,6146,170632,Let Me Call You Sweetheart,author_mary_higgins_clark,decade_1990s
6147,6148,106128,"Break No Bones (Temperance Brennan, #9)",author_kathy_reichs,decade_2000s
6148,6149,10865206,"The Willpower Instinct: How Self-Control Works, Why It Matters, and What You Can Do to Get More of It",author_kelly_mcgonigal,decade_2010s
6149,6150,279561,"Broken Angels (Takeshi Kovacs, #2)",author_richard_k_morgan,decade_2000s
6150,6151,21720,"Beyond Reach (Grant County, #6)",author_karin_slaughter,decade_2000s
6151,6152,9647532,Fuzzy Nation,author_john_scalzi,decade_2010s
6152,6153,643974,"I is for Innocent (Kinsey Millhone, #9)",author_sue_grafton,decade_1990s
6154,6155,989313,Heart of Darkness and Selected Short Fiction,author_joseph_conrad author_a_michael_matin,decade_1890s
6155,6156,472025,Why I Am Not a Christian and Other Essays on Religion and Related Subjects,author_bertrand_russell author_paul__edwards,decade_1920s
6157,6158,608216,"The Summer Garden (The Bronze Horseman, #3)",author_paullina_simons,decade_2000s
6160,6161,18209468,The Weight of Blood,author_laura_mchugh,decade_2010s
6161,6162,110396,"When He was Wicked (Bridgertons, #6)",author_julia_quinn,decade_2000s
6162,6163,10852027,"V is for Vengeance (Kinsey Millhone, #22)",author_sue_grafton,decade_2010s
6163,6164,303460,"Among the Betrayed (Shadow Children, #3)",author_margaret_peterson_haddix,decade_2000s
6164,6165,22322,"Spook Country (Blue Ant, #2)",author_william_gibson,decade_2000s
6165,6166,534289,The I Ching or Book of Changes,author_anonymous author_richard_wilhelm author_cary_f_baynes author_cg_jung,decade_0s
6167,6168,10252302,Blue Nights,author_joan_didion,decade_2010s
6168,6169,48484,"Blindsight (Firefall, #1)",author_peter_watts,decade_2000s
6169,6170,17674991,Paddle Your Own Canoe: One Man's Fundamentals for Delicious Living,author_nick_offerman,decade_2010s
6170,6171,7619398,"American Vampire, Vol. 1",author_scott_snyder author_stephen_king author_rafael_albuquerque,decade_2010s
6171,6172,3080212,"Heat Lightning (Virgil Flowers, #2)",author_john_sandford,decade_2000s
6172,6173,16619,Democracy in America ,author_alexis_de_tocqueville author_isaac_kramnick author_gerald_bevan,decade_1830s
6173,6174,43932,Drop Shot (Myron Bolitar #2),author_harlan_coben,decade_1990s
6175,6176,16081754,"Find You in the Dark (Find You in the Dark, #1)",author_a_meredith_walters,decade_2010s
6176,6177,4313522,The School of Essential Ingredients,author_erica_bauermeister,decade_2000s
6177,6178,13281637,"Intuition (The Premonition, #2)",author_amy_a_bartol,decade_2010s
6178,6179,3276012,Azincourt,author_bernard_cornwell,decade_2000s
6180,6181,77699,Dinner at the Homesick Restaurant,author_anne_tyler,decade_1980s
6181,6182,787660,"Heaven (Casteel, #1)",author_vc_andrews,decade_1980s
6183,6184,18825,Money,author_martin_amis,decade_1980s
6184,6185,216131,"Secret Prey (Lucas Davenport, #9)",author_john_sandford,decade_1990s
6185,6186,34871,The Complete Clive Barker's The Great And Secret Show,author_chris_ryall author_gabriel_rodrguez author_clive_barker,decade_1980s
6186,6187,754713,His Last Bow: 8 Stories,author_arthur_conan_doyle,decade_1910s
6187,6188,761575,House Atreides (Prelude to Dune #1),author_brian_herbert author_kevin_j_anderson,decade_1990s
6188,6189,244572,"Charmed Life (Chrestomanci, #1)",author_diana_wynne_jones,decade_1970s
6189,6190,229432,The Pickwick Papers,author_charles_dickens,decade_1830s
6190,6191,2615008,Netherland,author_joseph_oneill,decade_2000s
6191,6192,75020,The Romanov Prophecy,author_steve_berry,decade_2000s
6192,6193,6660747,Ecstasy Unveiled (Demonica #4),author_larissa_ione,decade_2010s
6193,6194,1096390,The Uncommon Reader,author_alan_bennett,decade_2000s
6194,6195,22911,Amerika,author_franz_kafka author__,decade_1920s
6196,6197,197459,"Sunset (Warriors: The New Prophecy, #6)",author_erin_hunter,decade_2000s
6198,6199,11045709,When She Woke,author_hillary_jordan,decade_2010s
6199,6200,300226,The Naked Face,author_sidney_sheldon,decade_1970s
6201,6202,1566053,The Portable Atheist: Essential Readings for the Nonbeliever,author_christopher_hitchens author_titus_lucretius_carus author_omar_khayym author_thomas_hobbes author_baruch_spinoza author_david_hume author_james_boswell author_percy_bysshe_shelley author_george_eliot author_charles_darwin author_leslie_stephen author_anatole_france author_mark_twain author_joseph_conrad author_thomas_hardy author_emma_goldman author_hp_lovecraft author_carl_van_doren author_hl_mencken author_sigmund_freud author_albert_einstein author_george_orwell author_john_betjeman author_chapman_cohen author_bertrand_russell author_philip_larkin author_martin_gardner author_carl_sagan author_john_updike author_john_leslie_mackie author_michael_shermer author_aj_ayer author_daniel_c_dennett author_charles_templeton author_richard_dawkins author_victor_j_stenger author_elizabeth_s__anderson author_penn_jillette author_ian_mcewan author_steven_weinberg author_salman_rushdie author_ibn_warraq author_sam_harris author_ac_grayling author_ayaan_hirsi_ali author_john_stuart_mill author_karl_marx,decade_2000s
6202,6203,7715664,Sin Undone (Demonica #5),author_larissa_ione,decade_2010s
6203,6204,10238,The Tao of Physics: An Exploration of the Parallels between Modern Physics and Eastern Mysticism,author_fritjof_capra,decade_1970s
6204,6205,16114861,"Unbeautifully (Undeniable, #2)",author_madeline_sheehan,decade_2010s
6205,6206,26158341,The Girl With No Past,author_kathryn_croft,decade_2010s
6206,6207,18077752,"Acceptance (Southern Reach, #3)",author_jeff_vandermeer,decade_2010s
6207,6208,12958487,"Lady Luck (Colorado Mountain, #3)",author_kristen_ashley,decade_2010s
6208,6209,6609714,"The Lonely Hearts Club (The Lonely Hearts Club, #1)",author_elizabeth_eulberg,decade_2010s
6209,6210,107776,"Ransom (Highlands' Lairds, #2)",author_julie_garwood,decade_1990s
6210,6211,16316,"The Big Four (Hercule Poirot, #5)",author_agatha_christie,decade_1920s
6211,6212,16424,"Peril at End House (Hercule Poirot, #8)",author_agatha_christie,decade_1930s
6212,6213,23346719,Disclaimer,author_rene_knight,decade_2010s
6213,6214,15743078,"The Divergent Series 2-Book Collection (Divergent, #1-2)",author_veronica_roth,decade_2010s
6214,6215,10314376,The Prague Cemetery,author_umberto_eco author_richard_dixon,decade_2010s
6215,6216,7176578,Beatrice and Virgil,author_yann_martel,decade_2010s
6216,6217,885744,"Shaman King, Vol. 1: A Shaman in Tokyo",author_hiroyuki_takei,decade_1990s
6217,6218,187049,"From the Two Rivers: The Eye of the World, Part 1 (Wheel of time, #1-1)",author_robert_jordan,decade_1990s
6218,6219,33426,Hyperspace,author_michio_kaku,decade_1990s
6219,6220,835623,How the Mind Works,author_steven_pinker,decade_1990s
6220,6221,17925397,"A Castle of Sand (A Shade of Vampire, #3)",author_bella_forrest,decade_2010s
6221,6222,8139321,"Leaving (Bailey Flanigan, #1)",author_karen_kingsbury,decade_2010s
6222,6223,3763,"Live and Let Die (James Bond, #2)",author_ian_fleming,decade_1950s
6223,6224,11873368,The World of the Hunger Games (Hunger Games Trilogy),author_kate_egan,decade_2010s
6224,6225,584637,Utilitarianism,author_john_stuart_mill author_george_sher,decade_1860s
6225,6226,11861815,"Winger (Winger, #1)",author_andrew__smith,decade_2010s
6226,6227,25142924,The Magic Strings of Frankie Presto,author_mitch_albom,decade_2010s
6227,6228,23157777,"Fool's Quest  (The Fitz and The Fool, #2)",author_robin_hobb,decade_2010s
6228,6229,127515,Invasion of the Body Snatchers,author_jack_finney,decade_1950s
6229,6230,824508,Smack,author_melvin_burgess,decade_1990s
6230,6231,22381892,Killing Patton: The Strange Death of World War II's Most Audacious General,author_bill_oreilly author_martin_dugard,decade_2010s
6234,6235,106129,"Charlie Bone and the Invisible Boy (The Children of the Red King, #3)",author_jenny_nimmo,decade_2000s
6235,6236,13603717,"First Shift: Legacy (Shift, #1)",author_hugh_howey,decade_2010s
6236,6237,6455256,"Worst Case (Michael Bennett, #3)",author_james_patterson author_michael_ledwidge,decade_2010s
6237,6238,93797,The Unlikely Spy,author_daniel_silva,decade_1990s
6238,6239,5111039,"Royal Blood (Vampire Kisses, #6)",author_ellen_schreiber,decade_2000s
6239,6240,15018,"Conversations With God: An Uncommon Dialogue, Book 3",author_neale_donald_walsch,decade_1990s
6240,6241,24728470,M Train,author_patti_smith,decade_2010s
6241,6242,91440,Love Medicine,author_louise_erdrich,decade_1980s
6242,6243,7932146,"The Inner Circle (Culper Ring, #1)",author_brad_meltzer,decade_2010s
6243,6244,669570,"Dragon Slippers (Dragon Slippers, #1)",author_jessica_day_george,decade_2000s
6244,6245,26025989,The Princess Diarist,author_carrie_fisher,decade_2010s
6245,6246,8447255,"The Crippled God (The Malazan Book of the Fallen, #10)",author_steven_erikson,decade_2010s
6247,6248,7124095,"Gone (Wake, #3)",author_lisa_mcmann,decade_2010s
6248,6249,105703,Pride of Baghdad,author_brian_k_vaughan author_niko_henrichon,decade_2000s
6251,6252,29397,"Woken Furies (Takeshi Kovacs, #3)",author_richard_k_morgan,decade_2000s
6252,6253,24709327,"Scion of Ikshvaku (RamChandra, #1)",author_amish_tripathi,decade_2010s
6253,6254,7719355,"Blameless (Parasol Protectorate, #3)",author_gail_carriger,decade_2010s
6255,6256,567704,Imajica,author_clive_barker,decade_1990s
6256,6257,53343,On Writing Well: The Classic Guide to Writing Nonfiction,author_william_zinsser,decade_1970s
6257,6258,134353,I'm OK - You're OK,author_thomas_a_harris,decade_1960s
6258,6259,22026,The Sicilian,author_mario_puzo,decade_1980s
6259,6260,25776210,"Fire Touched (Mercy Thompson, #9)",author_patricia_briggs,decade_2010s
6260,6261,34312,The Copper Beech,author_maeve_binchy,decade_1990s
6262,6263,2696181,"The Compound (The Compound, #1)",author_sa_bodeen,decade_2000s
6263,6264,12663,The Covenant,author_james_a_michener,decade_1980s
6265,6266,10637748,"The Pledge (The Pledge, #1)",author_kimberly_derting,decade_2010s
6266,6267,85491,The Villa,author_nora_roberts,decade_2000s
6267,6268,17729712,"Beautiful Broken Rules (Broken, #1)",author_kimberly_lauren,decade_2010s
6268,6269,180426,"Dark Desire (Dark, #2)",author_christine_feehan,decade_1990s
6269,6270,13170596,"Fragments (Partials Sequence, #2)",author_dan_wells,decade_2010s
6270,6271,10428803,"A Rogue by Any Other Name (The Rules of Scoundrels, #1)",author_sarah_maclean,decade_2010s
6271,6272,92307,Being and Time,author_martin_heidegger,decade_1920s
6273,6274,25078,Savage Inequalities: Children in America's Schools,author_jonathan_kozol,decade_1990s
6274,6275,6605625,"The Enemy (The Enemy, #1)",author_charlie_higson,decade_2000s
6276,6277,142540,"The Empty Chair (Lincoln Rhyme, #3)",author_jeffery_deaver,decade_2000s
6277,6278,18869967,Jamaica Inn,author_daphne_du_maurier,decade_1930s
6278,6279,428042,"Airborn (Matt Cruse, #1)",author_kenneth_oppel,decade_2000s
6279,6280,219535,The Other,author_thomas_tryon,decade_1970s
6280,6281,24473465,"The English Spy (Gabriel Allon, #15)",author_daniel_silva,decade_2010s
6281,6282,10431447,"Wildwood (Wildwood Chronicles, #1)",author_colin_meloy author_carson_ellis,decade_2010s
6282,6283,9957,The Cement Garden,author_ian_mcewan,decade_1970s
6283,6284,28507,"Serpent Mage (The Death Gate Cycle, #4)",author_margaret_weis author_tracy_hickman,decade_1990s
6284,6285,74812,Born on a Blue Day: Inside the Extraordinary Mind of an Autistic Savant,author_daniel_tammet,decade_2000s
6285,6286,17560674,"The Bet (The Bet, #1)",author_rachel_van_dyken,decade_2010s
6286,6287,8564644,Little Princes: One Man's Promise to Bring Home the Lost Children of Nepal,author_conor_grennan,decade_2010s
6288,6289,29610595,Too Late,author_colleen_hoover,decade_2010s
6289,6290,954303,"Kitchen Princess, Vol. 01 (Kitchen Princess, #1)",author_natsumi_ando author_miyuki_kobayashi,decade_2000s
6290,6291,79834,Lust for Life,author_irving_stone,decade_1930s
6291,6292,5585788,"Skinwalker (Jane Yellowrock, #1)",author_faith_hunter,decade_2000s
6292,6293,648194,Hissy Fit,author_mary_kay_andrews,decade_2000s
6293,6294,11343348,Private Games (Private #3),author_james_patterson author_mark_t_sullivan,decade_2010s
6294,6295,109901,"The Cold Dish (Walt Longmire, #1)",author_craig_johnson,decade_2000s
6296,6297,731804,Pinkalicious,author_victoria_kann author_elizabeth_kann,decade_2000s
6297,6298,5936,The Poetry of Pablo Neruda,author_pablo_neruda author_ilan_stavans,decade_1970s
6298,6299,2872,Falling Angels,author_tracy_chevalier,decade_2000s
6299,6300,194086,Sleeping Arrangements,author_madeleine_wickham,decade_2000s
6300,6301,9975679,"Ashes (Ashes Trilogy, #1)",author_ilsa_j_bick,decade_2010s
6301,6302,91582,Lady Susan,author_jane_austen author_robert_william_chapman,decade_1870s
6302,6303,18105011,"Sweet Home (Sweet Home, #1)",author_tillie_cole,decade_2010s
6305,6306,106648,Memories of Midnight,author_sidney_sheldon,decade_1990s
6306,6307,460635,The Bone People,author_keri_hulme,decade_1980s
6307,6308,295305,"Wolf Brother (Chronicles of Ancient Darkness, #1)",author_michelle_paver author_geoff_taylor,decade_2000s
6308,6309,17608111,"The Crimson Campaign (Powder Mage, #2)",author_brian__mcclellan,decade_2010s
6309,6310,15984268,The Universe Versus Alex Woods,author_gavin_extence,decade_2010s
6310,6311,296125,"Stormy, Misty's Foal (Misty, #3)",author_marguerite_henry,decade_1960s
6312,6313,73084,"Heaven, Texas (Chicago Stars, #2)",author_susan_elizabeth_phillips,decade_1990s
6313,6314,639787,"The Murder on the Links (Hercule Poirot, #2)",author_agatha_christie,decade_1920s
6315,6316,18304,The Anti-Christ,author_friedrich_nietzsche author_hl_mencken,decade_1880s
6316,6317,110890,The Looming Tower: Al-Qaeda and the Road to 9/11,author_lawrence_wright,decade_2000s
6317,6318,16685,The Cat Who Walks Through Walls (The World As Myth),author_robert_a_heinlein,decade_1980s
6318,6319,32438,Shattered,author_kr_dwyer author_dean_koontz,decade_1970s
6320,6321,2999282,"Dexter By Design (Dexter, #4)",author_jeff_lindsay,decade_2000s
6322,6323,10618,Apt Pupil,author_stephen_king,decade_1980s
6323,6324,84052,"Morning, Noon & Night",author_sidney_sheldon,decade_1990s
6324,6325,238141,"Memory in Death (In Death, #22)",author_jd_robb,decade_2000s
6325,6326,46114,The Waves,author_virginia_woolf,decade_1930s
6326,6327,280410,The Nine: Inside the Secret World of the Supreme Court,author_jeffrey_toobin,decade_2000s
6327,6328,9724798,The Violets of March,author_sarah_jio,decade_2010s
6328,6329,8574333,Please Look After Mom,author_kyungsook_shin author_ author_chiyoung_kim,decade_2000s
6330,6331,105973,House of M,author_brian_michael_bendis author_olivier_coipel author_tim_townsend author_rick_magyar author_john_dell author_scott_hanna author_frank_darmata author_chris_eliopoulos author_james_taveras author_omar_otieku author_tom_valente author_esad_ribic,decade_2000s
6331,6332,6178065,"Tenth Grade Bleeds (The Chronicles of Vladimir Tod, #3)",author_heather_brewer,decade_2000s
6333,6334,667234,The Cat in the Hat Comes Back,author_dr_seuss,decade_1950s
6334,6335,316496,Oscar and Lucinda,author_peter_carey,decade_1980s
6335,6336,7058,"The Good Husband of Zebra Drive (No. 1 Ladies' Detective Agency, #8)",author_alexander_mccall_smith,decade_2000s
6336,6337,827685,Up from Slavery,author_booker_t_washington author_ishmael_reed,decade_1900s
6337,6338,93796,"The Secret Servant (Gabriel Allon, #7)",author_daniel_silva,decade_2000s
6338,6339,11201007,"Hearts in Darkness (Hearts in Darkness, #1)",author_laura_kaye,decade_2010s
6339,6340,61903,"Shards of Honour  (Vorkosigan Saga, #1)",author_lois_mcmaster_bujold,decade_1980s
6340,6341,71292,"Asterix the Gaul (Asterix, #1)",author_ren_goscinny author_albert_uderzo author_anthea_bell author_derek_hockridge,decade_1960s
6342,6343,16055475,"The Forever of Ella and Micha (The Secret, #2)",author_jessica_sorensen,decade_2010s
6343,6344,2210921,"Say Goodbye (Quincy & Rainie, #6)",author_lisa_gardner,decade_2000s
6345,6346,111021,"Dawn (Warriors: The New Prophecy, #3)",author_erin_hunter,decade_2000s
6346,6347,239388,Just Me and My Dad (Little Critter),author_mercer_mayer,decade_1970s
6347,6348,34760,All I Really Need to Know I Learned in Kindergarten,author_robert_fulghum,decade_1980s
6348,6349,144792,Temple,author_matthew_reilly,decade_1990s
6349,6350,555500,"Peter and the Secret of Rundoon (Peter and the Starcatchers, #3)",author_dave_barry author_ridley_pearson author_greg_call,decade_2000s
6350,6351,3858,Holy Cow: An Indian Adventure,author_sarah_macdonald,decade_2000s
6353,6354,10031,The Wall,author_jeanpaul_sartre,decade_1930s
6354,6355,18764826,The House We Grew Up In,author_lisa_jewell,decade_2010s
6355,6356,13337715,"A Dance with Dragons: Dreams and Dust (A Song of Ice and Fire #5, Part 1 of 2)",author_george_rr_martin,decade_2010s
6356,6357,10517947,"Full Black (Scot Harvath, #10)",author_brad_thor,decade_2010s
6357,6358,17989312,The Sisterhood,author_helen_bryan,decade_2010s
6358,6359,17488,"Five on a Treasure Island (Famous Five, #1)",author_enid_blyton,decade_1940s
6359,6360,675905,Summer People,author_elin_hilderbrand,decade_2000s
6360,6361,70489,There's Treasure Everywhere: A Calvin and Hobbes Collection,author_bill_watterson,decade_1990s
6361,6362,282425,"Boys Over Flowers: Hana Yori Dango, Vol. 1 (Boys Over Flowers, #1)",author_yoko_kamio author_,decade_1990s
6362,6363,7841446,"In the Plex: How Google Thinks, Works, and Shapes Our Lives",author_steven_levy,decade_2010s
6363,6364,28923,When We Were Orphans,author_kazuo_ishiguro,decade_2000s
6364,6365,17833099,"Price of a Kiss (Forbidden Men, #1)",author_linda_kage,decade_2010s
6365,6366,6407014,Stitches,author_david_small,decade_2000s
6366,6367,10836810,The Last Nude,author_ellis_avery,decade_2010s
6367,6368,58894,"Daja's Book (Circle of Magic, #3)",author_tamora_pierce,decade_1990s
6368,6369,61926,"All the Weyrs of Pern (Pern, #11)",author_anne_mccaffrey,decade_1990s
6369,6370,23714532,"Beautiful Sacrifice (The Maddox Brothers, #3)",author_jamie_mcguire,decade_2010s
6370,6371,91989,"Black Powder War (Temeraire, #3)",author_naomi_novik,decade_2000s
6371,6372,107789,"Heartbreaker (Buchanan-Renard, #1)",author_julie_garwood,decade_2000s
6372,6373,839263,David Goes To School,author_david_shannon,decade_1990s
6373,6374,58893,"Briar's Book (Circle of Magic, #4)",author_tamora_pierce,decade_1990s
6374,6375,480570,"The First Man in Rome (Masters of Rome, #1)",author_colleen_mccullough,decade_1990s
6375,6376,175242,"Every Dead Thing (Charlie Parker, #1)",author_john_connolly,decade_1990s
6376,6377,93801,"The Confessor (Gabriel Allon, #3)",author_daniel_silva,decade_2000s
6377,6378,217376,"The Wallflower, Vol. 1 (The Wallflower, #1)",author_tomoko_hayakawa author_david_ury,decade_2000s
6378,6379,10869746,Rise of the Governor (The Walking Dead #1),author_robert_kirkman author_jay_bonansinga,decade_2010s
6379,6380,66683,"The Thousand Orcs (Forgotten Realms: Hunter's Blades, #1; Legend of Drizzt, #14)",author_ra_salvatore,decade_2000s
6380,6381,26131641,Miller's Valley,author_anna_quindlen,decade_2010s
6382,6383,34310,The Glass Lake,author_maeve_binchy,decade_1990s
6383,6384,96884,The Happiness Hypothesis: Finding Modern Truth in Ancient Wisdom,author_jonathan_haidt,decade_2000s
6384,6385,204779,The Masque of the Red Death,author_edgar_allan_poe,decade_1840s
6385,6386,7438179,The Evolutionary Void,author_peter_f_hamilton,decade_2000s
6386,6387,7100490,"The Forbidden Game (The Forbidden Game, #1-3)",author_lj_smith,decade_1990s
6387,6388,1754206,Perfect You,author_elizabeth_scott,decade_2000s
6388,6389,37398,Jazz,author_toni_morrison,decade_1990s
6389,6390,89369,The Te of Piglet,author_benjamin_hoff,decade_1990s
6390,6391,22193,"You're the One That I Want (Gossip Girl, #6)",author_cecily_von_ziegesar,decade_2000s
6392,6393,427920,"Chicken Soup for the Teenage Soul: 101 Stories of Life, Love and Learning (Chicken Soup for the Soul)",author_jack_canfield author_mark_victor_hansen author_kimberly_kirberger,decade_1990s
6394,6395,125423,The Very Quiet Cricket,author_eric_carle,decade_1990s
6395,6396,393146,"The Naming (The Books of Pellinor, #1)",author_alison_croggon,decade_2000s
6396,6397,155421,"Something from the Nightside (Nightside, #1)",author_simon_r_green,decade_2000s
6398,6399,84054,The Stars Shine Down,author_sidney_sheldon,decade_1990s
6399,6400,676555,The Beatles Anthology,author_the_beatles author_paul_mccartney author_ringo_starr author_john_lennon author_george_harrison,decade_2000s
6400,6401,7640261,Sex at Dawn: The Prehistoric Origins of Modern Sexuality,author_christopher__ryan author_cacilda_jeth,decade_2010s
6401,6402,37451,"You Know You Love Me (Gossip Girl, #2)",author_cecily_von_ziegesar,decade_2000s
6403,6404,835202,A Chair for My Mother,author_vera_b_williams,decade_1980s
6404,6405,12021,The Crow Road,author_iain_banks,decade_1990s
6405,6406,46661,The Book of Joe,author_jonathan_tropper,decade_2000s
6407,6408,1003761,"Beauty Pop, Vol. 1 (Beauty Pop, #1)",author_kiyoko_arai,decade_2000s
6409,6410,48758,Boy Meets Girl: Say Hello to Courtship,author_joshua_harris,decade_2000s
6410,6411,21328,"Fables, Vol. 6: Homelands",author_bill_willingham author_mark_buckingham author_david_hahn author_steve_leialoha,decade_2000s
6411,6412,20761374,"Reasonable Doubt: Volume 1 (Reasonable Doubt, #1)",author_whitney_g,decade_2010s
6412,6413,2924318,"Home (Gilead, #2)",author_marilynne_robinson,decade_2000s
6414,6415,16299256,"The Game Changer (The Perfect Game, #2)",author_j_sterling,decade_2010s
6415,6416,18775297,"Sweet Filthy Boy (Wild Seasons, #1)",author_christina_lauren,decade_2010s
6416,6417,44133,The Winter's Tale,author_william_shakespeare,decade_1600s
6417,6418,3437328,The Temporal Void,author_peter_f_hamilton,decade_2000s
6418,6419,19536001,"Sex Criminals, Vol. 1: One Weird Trick",author_matt_fraction author_chip_zdarsky,decade_2010s
6419,6420,31157,"The Rising: Antichrist is Born  (Before They Were Left Behind, #1)",author_tim_lahaye author_jerry_b_jenkins,decade_2000s
6420,6421,16070143,"Teardrop (Teardrop, #1)",author_lauren_kate,decade_2010s
6421,6422,6495359,"The Scarpetta Factor (Kay Scarpetta, #17)",author_patricia_cornwell,decade_2000s
6422,6423,20443235,"The Winner's Kiss (The Winner's Trilogy, #3)",author_marie_rutkoski,decade_2010s
6423,6424,17377032,"Bad Things (Tristan & Danika, #1)",author_rk_lilley,decade_2010s
6424,6425,77449,"Here be Dragons (Welsh Princes, #1)",author_sharon_kay_penman,decade_1980s
6426,6427,11824,The Whipping Boy,author_sid_fleischman author_peter_ss,decade_1980s
6427,6428,31538635,"Short Stories from Hogwarts of Heroism, Hardship and Dangerous Hobbies (Pottermore Presents, #1)",author_jk_rowling author_minalima,decade_2010s
6428,6429,48811,Nancy Drew: #1-64,author_carolyn_keene,decade_2000s
6429,6430,275245,Pygmalion and Three Other Plays,author_george_bernard_shaw author_john_a_bertolini,decade_2000s
6430,6431,35430,"Path of Destruction (Star Wars: Darth Bane, #1)",author_drew_karpyshyn,decade_2000s
6431,6432,23743603,Miramont's Ghost,author_elizabeth__hall,decade_2010s
6432,6433,10401084,"Storm (Elemental, #1)",author_brigid_kemmerer,decade_2010s
6433,6434,9462775,"The Last Little Blue Envelope (Little Blue Envelope, #2)",author_maureen_johnson,decade_2010s
6434,6435,16884,The Making of the Atomic Bomb,author_richard_rhodes,decade_1980s
6435,6436,7979073,Minding Frankie,author_maeve_binchy,decade_2010s
6437,6438,92254,"Angels in America, Part Two: Perestroika",author_tony_kushner,decade_1990s
6438,6439,92373,The Third Twin,author_ken_follett,decade_1990s
6439,6440,99219,"The Butlerian Jihad (Legends of Dune, #1)",author_brian_herbert author_kevin_j_anderson,decade_2000s
6441,6442,782580,The Complete Poetry and Prose,author_william_blake author_david_v_erdman author_harold_bloom,decade_1960s
6442,6443,30008702,Nutshell,author_ian_mcewan,decade_2010s
6443,6444,13619,"Death Note, Vol. 2: Confluence (Death Note, #2)",author_tsugumi_ohba author_takeshi_obata,decade_2000s
6444,6445,93371,"Akira, Vol. 1",author_katsuhiro_otomo author_yoko_umezawa author_linda_m_york author_jo_duffy,decade_1980s
6445,6446,243601,"Imperium: A Novel of Ancient Rome (Cicero, #1)",author_robert___harris,decade_2000s
6449,6450,25489012,The Road to Little Dribbling: Adventures of an American in Britain,author_bill_bryson,decade_2010s
6450,6451,15942636,"The Firebird (Slains, #2)",author_susanna_kearsley,decade_2010s
6451,6452,1753714,"Gakuen Alice, Vol. 01 (Gakuen Alice, #1)",author_tachibana_higuchi author__,decade_2000s
6453,6454,31181,Breathing Lessons,author_anne_tyler,decade_1980s
6454,6455,112200,Selected Poems,author_emily_dickinson,decade_1890s
6455,6456,219499,The Strange Case of Dr. Jekyll and Mr. Hyde and Other Stories ,author_robert_louis_stevenson author_jenny_davidson,decade_1880s
6457,6458,6718608,Juliet,author_anne_fortier,decade_2010s
6458,6459,9394010,The Darkest Secret (Lords of the Underworld #7),author_gena_showalter,decade_2010s
6459,6460,23602473,God Help the Child,author_toni_morrison,decade_2010s
6460,6461,2795053,"The Umbrella Academy, Vol. 1: The Apocalypse Suite",author_gerard_way author_gabriel_b author_dave_stewart author_nate_piekos author_tony_ong,decade_2000s
6461,6462,13605723,"Sentinel (Covenant, #5)",author_jennifer_l_armentrout,decade_2010s
6462,6463,98233,Founders at Work: Stories of Startups' Early Days,author_jessica_livingston,decade_2000s
6463,6464,16045855,"Crush (Crush, #1)",author_lacey_weatherford,decade_2010s
6464,6465,2331954,"Infected (Infected, #1)",author_scott_sigler,decade_2000s
6465,6466,15777621,This Song Will Save Your Life,author_leila_sales,decade_2010s
6466,6467,765811,The Women of Brewster Place,author_gloria_naylor,decade_1980s
6467,6468,23017947,"Ms. Marvel, Vol. 2: Generation Why",author_g_willow_wilson author_adrian_alphona author_jacob_wyatt,decade_2010s
6469,6470,13406425,"Burn for Burn (Burn for Burn, #1)",author_jenny_han author_siobhan_vivian,decade_2010s
6470,6471,10131648,The Greater Journey: Americans in Paris,author_david_mccullough,decade_2010s
6471,6472,429883,"The Hidden City (The Tamuli, #3)",author_david_eddings,decade_1990s
6472,6473,22915460,The Glassblower,author_petra_durstbenning author_samuel_willcocks,decade_2000s
6475,6476,5082599,Practice Makes Perfect (Berkley Sensation),author_julie_james,decade_2000s
6476,6477,81524,"The Dark Hills Divide (The Land of Elyon, #1)",author_patrick_carman,decade_2000s
6477,6478,17331518,"Fracture Me (Shatter Me, #2.5)",author_tahereh_mafi,decade_2010s
6478,6479,25251757,You Will Know Me,author_megan_abbott,decade_2010s
6479,6480,119829,The Sunne in Splendour,author_sharon_kay_penman,decade_1980s
6480,6481,384597,Arcadia,author_tom_stoppard,decade_1990s
6481,6482,16130986,An Innocent Client,author_scott_pratt,decade_2000s
6483,6484,24870,"The Masterharper of Pern (Pern, #15)",author_anne_mccaffrey,decade_1990s
6484,6485,2272880,The Drunkard's Walk: How Randomness Rules Our Lives,author_leonard_mlodinow,decade_2000s
6485,6486,13097901,"Merry Christmas, Alex Cross (Alex Cross, #19)",author_james_patterson,decade_2010s
6486,6487,3368,Don't Make Me Think: A Common Sense Approach to Web Usability,author_steve_krug,decade_2000s
6487,6488,45020,"Shakespeare's Landlord (Lily Bard, #1)",author_charlaine_harris,decade_1990s
6488,6489,13183957,"Shadows (Lux, #0.5)",author_jennifer_l_armentrout,decade_2010s
6489,6490,8100267,"Pathfinder (Pathfinder, #1)",author_orson_scott_card,decade_2010s
6490,6491,29340182,Shrill: Notes from a Loud Woman,author_lindy_west,decade_2010s
6493,6494,8419428,"A Lot like Love (FBI/US Attorney, #2)",author_julie_james,decade_2010s
6495,6496,767307,"The Angel of Darkness (Dr. Laszlo Kreizler, #2)",author_caleb_carr,decade_1990s
6496,6497,13337716,"A Dance with Dragons: After the Feast (A Song of Ice and Fire #5, Part 2 of 2)",author_george_rr_martin,decade_2010s
6497,6498,386421,I Was So Mad,author_mercer_mayer,decade_1980s
6498,6499,6224895,"Silver Blaze (The Memoirs of Sherlock Holmes, #1)",author_arthur_conan_doyle,decade_1890s
6500,6501,16315,Crooked House,author_agatha_christie,decade_1940s
6501,6502,316845,"The Sword in the Stone (The Once and Future King, #1)",author_th_white,decade_1930s
6502,6503,82780,"The Year of Secret Assignments (Ashbury/Brookfield, #2)",author_jaclyn_moriarty,decade_2000s
6503,6504,21412673,"Prince Lestat (The Vampire Chronicles, #11)",author_anne_rice,decade_2010s
6504,6505,95693,The Blue Castle ,author_lm_montgomery,decade_1920s
6505,6506,4279056,The Gift,author_cecelia_ahern,decade_2000s
6506,6507,15797722,"Deeply Odd (Odd Thomas, #6)",author_dean_koontz,decade_2010s
6507,6508,102324,"Swamp Thing, Vol. 1: Saga of the Swamp Thing",author_alan_moore author_stephen_r_bissette author_john_totleben author_rick_veitch author_ramsey_campbell,decade_1980s
6511,6512,16372,"The Mirror Crack'd from Side to Side (Miss Marple, #9)",author_agatha_christie,decade_1960s
6512,6513,6481245,"Shades of Midnight (Midnight Breed, #7)",author_lara_adrian,decade_2000s
6513,6514,196951,The Hat,author_jan_brett,decade_1990s
6514,6515,11988046,"Pivot Point (Pivot Point, #1)",author_kasie_west,decade_2010s
6515,6516,39795,"The Dogs of Riga (Kurt Wallander, #2)",author_henning_mankell author_laurie_thompson,decade_1990s
6516,6517,23209924,The Water Knife,author_paolo_bacigalupi,decade_2010s
6517,6518,6506085,"Food Inc.: A Participant Guide: How Industrial Food is Making Us Sicker, Fatter, and Poorer-And What You Can Do About It",author_karl_weber,decade_2000s
6518,6519,342240,The Cove  (FBI Thriller #1),author_catherine_coulter,decade_1990s
6519,6520,14404,"The Monkey's Raincoat (Elvis Cole, #1)",author_robert_crais,decade_1980s
6520,6521,368772,The Caine Mutiny,author_herman_wouk,decade_1950s
6522,6523,55022,"The Neon Rain (Dave Robicheaux, #1)",author_james_lee_burke,decade_1980s
6524,6525,13560262,"Avoiding Responsibility (Avoiding, #2)",author_ka_linde,decade_2010s
6525,6526,237665,Kitten's First Full Moon,author_kevin_henkes,decade_2000s
6526,6527,28862528,"Saga, Vol. 6 (Saga, #6)",author_brian_k_vaughan author_fiona_staples,decade_2010s
6527,6528,143761,"A Good Yarn (Blossom Street, #2)",author_debbie_macomber,decade_2000s
6528,6529,7776678,"Naked Heat (Nikki Heat, #2)",author_richard_castle,decade_2010s
6529,6530,72978,Titus Andronicus,author_william_shakespeare,decade_1580s
6530,6531,3099780,"The Initiation / The Captive Part I (The Secret Circle, #1-2)",author_lj_smith,decade_2000s
6532,6533,78989,"Shall We Tell the President? (Kane & Abel, #3)",author_jeffrey_archer,decade_1970s
6533,6534,6344832,"Grave Secret (Harper Connelly, #4)",author_charlaine_harris,decade_2000s
6534,6535,334286,Equus,author_peter_shaffer,decade_1970s
6536,6537,17722973,"The Enchantress Returns (The Land of Stories, #2)",author_chris_colfer author_brandon_dorman,decade_2010s
6537,6538,23485372,"The Master Magician (The Paper Magician Trilogy, #3)",author_charlie_n_holmberg,decade_2010s
6538,6539,15746,One Door Away from Heaven,author_dean_koontz,decade_2000s
6539,6540,7491418,"Love in the Afternoon (The Hathaways, #5)",author_lisa_kleypas,decade_2010s
6540,6541,1395209,"Attack of the Fiend (The Last Apprentice / Wardstone Chronicles, #4)",author_joseph_delaney author_patrick__arrasmith,decade_2000s
6541,6542,14165516,"The Marriage Trap (Marriage to a Billionaire, #2)",author_jennifer_probst,decade_2010s
6543,6544,2897258,The Heretic Queen,author_michelle_moran,decade_2000s
6545,6546,4332082,The Piano Teacher,author_janice_yk_lee,decade_2000s
6546,6547,48834,I Have Lived a Thousand Years,author_livia_e_bittonjackson,decade_1990s
6548,6549,7907680,"Secrets to the Grave (Oak Knoll, #2)",author_tami_hoag,decade_2010s
6549,6550,9424367,"Prized (Birthmarked, #2)",author_caragh_m_obrien,decade_2010s
6550,6551,76660,"With a Tangled Skein (Incarnations of Immortality, #3)",author_piers_anthony,decade_1980s
6551,6552,14964,Body Surfing,author_anita_shreve,decade_2000s
6553,6554,28484,"Into the Labyrinth (The Death Gate Cycle, #6)",author_margaret_weis author_tracy_hickman,decade_1990s
6554,6555,74821,"Day by Day Armageddon (Day by Day Armageddon,#1)",author_jl_bourne,decade_2000s
6555,6556,1129315,The Berenstain Bears' Trouble at School,author_stan_berenstain author_jan_berenstain,decade_1980s
6556,6557,6907672,The Talisman (Volume 1): The Road of Trials,author_robin_furth author_stephen_king author_peter_straub author_tony_shasteen author_nei_ruffino,decade_2000s
6557,6558,96472,"Sundiver (The Uplift Saga, #1)",author_david_brin,decade_1980s
6558,6559,66857,Moab Is My Washpot (Memoir #1),author_stephen_fry,decade_1990s
6559,6560,22454958,"Hardline (Hacker, #3)",author_meredith_wild,decade_2010s
6560,6561,37297,"Eyes of Prey (Lucas Davenport, #3)",author_john_sandford,decade_1990s
6561,6562,11512688,"The Dead of Night (The 39 Clues: Cahills vs. Vespers, #3)",author_peter_lerangis,decade_2010s
6562,6563,263172,"Kissing Coffins (Vampire Kisses, #2)",author_ellen_schreiber,decade_2000s
6563,6564,7519640,War,author_sebastian_junger,decade_2010s
6564,6565,8563789,Where Things Come Back,author_john_corey_whaley,decade_2010s
6567,6568,107007,"The League of Extraordinary Gentlemen, Vol. 2",author_alan_moore author_kevin_oneill,decade_2000s
6568,6569,83083,"Birds of a Feather (Maisie Dobbs, #2)",author_jacqueline_winspear,decade_2000s
6570,6571,10551947,"The Outcasts (Brotherband Chronicles, #1)",author_john_flanagan,decade_2010s
6572,6573,35210,How to Talk to Anyone: 92 Little Tricks for Big Success in Relationships,author_leil_lowndes,decade_1990s
6573,6574,985386,"Case Closed, Vol. 1",author_gosho_aoyama,decade_1990s
6574,6575,79428,The Abolition of Man,author_cs_lewis,decade_1940s
6575,6576,432020,"Yu Yu Hakusho, Volume 1: Goodbye, Material World! (Yu Yu Hakusho, #1)",author_yoshihiro_togashi,decade_1990s
6576,6577,15849910,"The King's Curse (The Plantagenet and Tudor Novels, #7)",author_philippa_gregory,decade_2010s
6578,6579,223462,Gods in Alabama,author_joshilyn_jackson,decade_2000s
6579,6580,6193821,"U Is for Undertow (Kinsey Millhone, #21)",author_sue_grafton,decade_2000s
6580,6581,111023,"Passage to Dawn (Forgotten Realms: Legacy of the Drow, #4; Legend of Drizzt, #10)",author_ra_salvatore,decade_1990s
6581,6582,295649,"Bloody Jack (Bloody Jack, #1)",author_la_meyer,decade_2000s
6582,6583,27220736,Shoe Dog: A Memoir by the Creator of NIKE,author_phil_knight,decade_2010s
6583,6584,11981168,"The One You Love (Emma Holden Suspense Mystery, #1)",author_paul_pilkington,decade_2010s
6584,6585,109367,"Survivor In Death (In Death, #20)",author_jd_robb,decade_2000s
6586,6587,72929,Affinity,author_sarah_waters,decade_1990s
6588,6589,41710,"Iceberg (Dirk Pitt, #3)",author_clive_cussler,decade_1970s
6589,6590,59715,The Authoritative Calvin and Hobbes: A Calvin and Hobbes Treasury,author_bill_watterson,decade_1990s
6590,6591,343881,Cloudstreet,author_tim_winton,decade_1990s
6591,6592,179735,The Girl Next Door,author_jack_ketchum,decade_1980s
6593,6594,25365,Out,author_natsuo_kirino author_stephen_snyder,decade_1990s
6595,6596,17563080,"Murder of Crows (The Others, #2)",author_anne_bishop,decade_2010s
6596,6597,17334079,"What Really Happened in Peru (The Bane Chronicles, #1)",author_cassandra_clare author_sarah_rees_brennan,decade_2010s
6598,6599,17333302,"Grain Brain: The Surprising Truth about Wheat, Carbs,  and Sugar--Your Brain's Silent Killers",author_david__perlmutter author_kristin_loberg,decade_2010s
6599,6600,12527,Pilgrim at Tinker Creek,author_annie_dillard,decade_1970s
6600,6601,13878,"Prince of the Blood (Krondor's Sons, #1)",author_raymond_e_feist,decade_1980s
6601,6602,359581,The Courts of Chaos (The Chronicles of Amber #5),author_roger_zelazny,decade_1970s
6603,6604,24796,Zorro,author_isabel_allende author_margaret_sayers_peden,decade_2000s
6604,6605,49322,The Introvert Advantage: How to Thrive in an Extrovert World,author_marti_olsen_laney,decade_2000s
6605,6606,102956,"Preacher, Volume 5: Dixie Fried",author_garth_ennis author_steve_dillon,decade_1990s
6606,6607,31491,The Rainbow,author_dh_lawrence author_daphne_merkin,decade_1910s
6607,6608,35805,"The Capture (Guardians of Ga'Hoole, #1)",author_kathryn_lasky,decade_2000s
6608,6609,8727466,Why We Get Fat: And What to Do About It,author_gary_taubes,decade_2010s
6609,6610,410445,"T is for Trespass (Kinsey Millhone, #20)",author_sue_grafton,decade_2000s
6610,6611,95395,"Preacher, Volume 4: Ancient History",author_garth_ennis author_steve_dillon author_steve_pugh author_matt_hollingsworth author_carlos_ezquerra author_richard_case,decade_1990s
6611,6612,29036,The Great Influenza: The Story of the Deadliest Pandemic in History,author_john_m_barry,decade_2000s
6612,6613,79421,The Heavenly Man: The Remarkable True Story of Chinese Christian Brother Yun,author_paul_hattaway author_brother_yun,decade_2000s
6613,6614,18693743,"Prince of Fools (The Red Queen's War, #1)",author_mark__lawrence,decade_2010s
6614,6615,6551,Herzog,author_saul_bellow author_philip_roth,decade_1960s
6615,6616,12792658,"UnSouled (Unwind, #3)",author_neal_shusterman,decade_2010s
6618,6619,272264,"The Face Of Deception (Eve Duncan, #1)",author_iris_johansen,decade_1990s
6619,6620,5755,The Language Instinct: How the Mind Creates Language,author_steven_pinker,decade_1990s
6620,6621,20312459,Descent,author_tim_johnston,decade_2010s
6621,6622,780845,"Black Cat, Volume 01",author_kentaro_yabuki,decade_2000s
6622,6623,12982393,Dare Me,author_megan_abbott,decade_2010s
6623,6624,10549501,"Last Breath (The Morganville Vampires, #11)",author_rachel_caine,decade_2010s
6624,6625,128711,The Yacoubian Building,author_alaa_al_aswany author__,decade_2000s
6625,6626,2176873,Martha Stewart's Cookies: The Very Best Treats to Bake and to Share,author_martha_stewart author_victor_schrager,decade_2000s
6626,6627,7432,"Pardonable Lies (Maisie Dobbs, #3)",author_jacqueline_winspear,decade_2000s
6627,6628,65091,"The Frog Princess (Tales of the Frog Princess, #1)",author_ed_baker,decade_2000s
6629,6630,5599692,Batman: Whatever Happened to the Caped Crusader?,author_neil_gaiman author_andy_kubert author_matt_wagner author_simon_bisley author_bernie_mireault author_mark_buckingham,decade_2000s
6630,6631,8483233,The Pioneer Woman: Black Heels to Tractor Wheels,author_ree_drummond,decade_2010s
6631,6632,114308,Swimmy,author_leo_lionni,decade_1960s
6633,6634,394469,Suttree,author_cormac_mccarthy,decade_1970s
6634,6635,6937878,"Love Bites (Vampire Kisses, #7)",author_ellen_schreiber,decade_2010s
6635,6636,998133,The Gathering,author_anne_enright,decade_2000s
6636,6637,2642070,sTORI Telling,author_tori_spelling,decade_2000s
6637,6638,17333277,"Cross My Heart (Alex Cross, #21)",author_james_patterson,decade_2010s
6638,6639,11324722,The Righteous Mind: Why Good People are Divided by Politics and Religion,author_jonathan_haidt,decade_2010s
6639,6640,17206,"Lady Friday (The Keys to the Kingdom, #5)",author_garth_nix,decade_2000s
6640,6641,7405450,"Rock Chick Rescue (Rock Chick, #2)",author_kristen_ashley,decade_2000s
6641,6642,13490570,"Locke & Key, Vol. 5: Clockworks",author_joe_hill author_gabriel_rodrguez,decade_2010s
6642,6643,3223761,Every Soul a Star,author_wendy_mass,decade_2000s
6643,6644,146064,Jesus Land,author_julia_scheeres,decade_2000s
6644,6645,138070,Flotsam,author_david_wiesner,decade_2000s
6645,6646,24631990,"Silent Scream (D.I. Kim Stone, #1)",author_angela_marsons,decade_2010s
6646,6647,6534132,The Lion and the Mouse,author_jerry_pinkney,decade_2000s
6648,6649,12507214,"Girl of Nightmares (Anna, #2)",author_kendare_blake,decade_2010s
6649,6650,61905,"Barrayar (Vorkosigan Saga, #7)",author_lois_mcmaster_bujold,decade_1990s
6650,6651,6612005,"Alice in the Country of Hearts, Vol. 01 (Alice in the Country of Hearts, #1)",author_quinrose author_soumei_hoshino,decade_2000s
6651,6652,8949,"Lord of the Shadows (Cirque Du Freak, #11)",author_darren_shan,decade_2000s
6652,6653,30036,"Elric of Melniboné (Elric, #1)",author_michael_moorcock,decade_1970s
6653,6654,537375,The Endurance: Shackleton's Legendary Antarctic Expedition,author_caroline_alexander,decade_1990s
6654,6655,8112318,"The Candymakers (The Candymakers, #1)",author_wendy_mass,decade_2010s
6655,6656,2617684,Winnie the Pooh and Tigger Too (Disney's Wonderful World of Reading),author_walt_disney_company,decade_1970s
6656,6657,18285151,"More Than This (More Than, #1)",author_jay_mclean,decade_2010s
6657,6658,1169808,"The Fury (The Vampire Diaries, #3)",author_lj_smith,decade_1990s
6658,6659,26200563,Hamilton: The Revolution,author_linmanuel_miranda author_jeremy_mccarter,decade_2010s
6659,6660,9838800,"Shelter (Mickey Bolitar, #1)",author_harlan_coben,decade_2010s
6660,6661,10594929,"Out of Oz (The Wicked Years, #4)",author_gregory_maguire author_douglas_smith,decade_2010s
6663,6664,17688,"The Metamorphosis, In the Penal Colony, and Other Stories: The Great Short Works of Franz Kafka",author_franz_kafka,decade_1910s
6664,6665,31335,Cry to Heaven,author_anne_rice,decade_1980s
6665,6666,7849034,"Goddess (Starcrossed, #3)",author_josephine_angelini,decade_2010s
6666,6667,7828882,"Crave (Fallen Angels, #2)",author_jr_ward,decade_2010s
6669,6670,760941,When Rabbit Howls,author_truddi_chase author_robert_a_phillips_jr,decade_1980s
6670,6671,10433900,"Variant (Variant, #1)",author_robison_wells,decade_2010s
6671,6672,7520,"Path of the Assassin (Scot Harvath, #2)",author_brad_thor,decade_2000s
6672,6673,568099,"Waylander (The Drenai Saga, #3)",author_david_gemmell,decade_1980s
6673,6674,6338619,After,author_amy_efaw,decade_2000s
6674,6675,46755,Surfacing,author_margaret_atwood,decade_1970s
6676,6677,10256723,Ghost in the Wires: My Adventures as the World's Most Wanted Hacker,author_kevin_d_mitnick author_william_l_simon author_steve_wozniak,decade_2010s
6678,6679,9680114,"Pure (Pure, #1)",author_julianna_baggott,decade_2010s
6681,6682,7352053,My Name is Mary Sutter,author_robin_oliveira,decade_2010s
6682,6683,116563,"So You Want to Be a Wizard (Young Wizards, #1)",author_diane_duane,decade_1980s
6683,6684,16326,"Death in the Clouds (Hercule Poirot, #12)",author_agatha_christie,decade_1930s
6684,6685,7313444,"Foreign Influence (Scot Harvath, #9)",author_brad_thor,decade_2010s
6685,6686,2197227,"Cemetery Dance (Pendergast, #9)",author_douglas_preston author_lincoln_child,decade_2000s
6686,6687,7332753,Hitch-22: A Memoir,author_christopher_hitchens,decade_2010s
6687,6688,10507,Baudolino,author_umberto_eco author_william_weaver author_rcs_libri,decade_2000s
6688,6689,287633,"Dark Magic (Dark, #4)",author_christine_feehan,decade_2000s
6690,6691,8598554,"The Omen Machine (Sword of Truth, #12; Richard and Kahlan, #1)",author_terry_goodkind,decade_2010s
6693,6694,25613617,15th Affair (Women's Murder Club #15),author_james_patterson author_maxine_paetro,decade_2010s
6695,6696,87745,Wish You Well,author_david_baldacci,decade_2000s
6696,6697,31314,Barnyard Dance,author_sandra_boynton,decade_1990s
6697,6698,18667817,"Field of Prey (Lucas Davenport, #24)",author_john_sandford,decade_2010s
6698,6699,26154406,The Passenger,author_lisa_lutz,decade_2010s
6699,6700,18211536,"Rush Too Far (Rosemary Beach, #4; Too Far, #4)",author_abbi_glines,decade_2010s
6700,6701,7968,"Red Prophet (Tales of Alvin Maker, #2)",author_orson_scott_card,decade_1980s
6701,6702,682751,Animalia,author_graeme_base,decade_1980s
6703,6704,139569,Stone Butch Blues,author_leslie_feinberg,decade_1990s
6704,6705,18296030,Don't Look Back,author_jennifer_l_armentrout,decade_2010s
6705,6706,23719378,"Girl Waits with Gun (Kopp Sisters, #1)",author_amy__stewart,decade_2010s
6706,6707,18209290,Astonish Me,author_maggie_shipstead,decade_2010s
6707,6708,899608,A Fish Out of Water,author_helen_marion_palmer author_pd_eastman,decade_1960s
6708,6709,12016,"Look to Windward (Culture, #7)",author_iain_m_banks,decade_2000s
6709,6710,8354134,The Running Dream,author_wendelin_van_draanen,decade_2010s
6710,6711,17317675,"Epilogue (The Dark Duet, #3)",author_cj_roberts,decade_2010s
6712,6713,18007532,An Officer and a Spy,author_robert___harris,decade_2010s
6713,6714,20897517,In the Kingdom of Ice: The Grand and Terrible Polar Voyage of the USS Jeannette,author_hampton_sides,decade_2010s
6714,6715,170651,A Stranger Is Watching,author_mary_higgins_clark,decade_1970s
6715,6716,80672,"Double Fudge (Fudge, #5)",author_judy_blume,decade_2000s
6716,6717,8462184,"The Morganville Vampires, Volume 3 (The Morganville Vampires, #5-6)",author_rachel_caine,decade_2010s
6717,6718,905885,Be Careful What You Wish For,author_alexandra_potter,decade_2000s
6718,6719,2754510,Storm Born (Dark Swan #1),author_richelle_mead,decade_2000s
6719,6720,9674335,"Locke & Key, Vol. 4: Keys to the Kingdom",author_joe_hill author_gabriel_rodrguez,decade_2010s
6720,6721,3347892,"Envy (Luxe, #3)",author_anna_godbersen,decade_2000s
6721,6722,10596724,"Horde (Razorland, #3)",author_ann_aguirre,decade_2010s
6722,6723,1476261,Girls of Riyadh,author_rajaa_alsanea,decade_2000s
6724,6725,14461,Kitty and the Midnight Hour (Kitty Norville #1),author_carrie_vaughn,decade_2000s
6725,6726,235773,Waiting,author_ha_jin,decade_1990s
6727,6728,13157,The Jester,author_james_patterson author_andrew_gross,decade_2000s
6728,6729,160251,Ordinary People,author_judith_guest,decade_1970s
6729,6730,20575446,In Real Life,author_cory_doctorow author_jen_wang,decade_2010s
6730,6731,4352708,Bad Moon Rising (Dark-Hunter #18; Were-Hunter #4; Hellchaser #2),author_sherrilyn_kenyon,decade_2000s
6731,6732,388223,"Robin Hood, The Prince of Thieves",author_alexandre_dumas,decade_1860s
6732,6733,186103,"Peeps (Peeps, #1)",author_scott_westerfeld,decade_2000s
6733,6734,393145,"The Riddle (The Books of Pellinor, #2)",author_alison_croggon,decade_2000s
6735,6736,367802,Collected Poems,author_dylan_thomas,decade_1950s
6736,6737,27070127,Vinegar Girl,author_anne_tyler,decade_2010s
6737,6738,13501,"The Hedge Knight (The Hedge Knight Graphic Novels, #1)",author_ben_avery author_mike_s_miller author_george_rr_martin,decade_1990s
6738,6739,15742039,"Breathe (Colorado Mountain, #4)",author_kristen_ashley,decade_2010s
6739,6740,10305247,"The Blackhouse (Lewis Trilogy, #1)",author_peter__may,decade_2000s
6740,6741,105574,"Scandal in Spring (Wallflowers, #4)",author_lisa_kleypas,decade_2000s
6741,6742,41490,On the Street Where You Live,author_mary_higgins_clark,decade_2000s
6742,6743,1316617,"Succubus on Top (Georgina Kincaid, #2)",author_richelle_mead,decade_2000s
6743,6744,239105,"The Silent Blade (Forgotten Realms: Paths of Darkness, #1; Legend of Drizzt, #11)",author_ra_salvatore,decade_1990s
6744,6745,253264,Inherit the Wind,author_jerome_lawrence author_robert_e__lee,decade_1950s
6745,6746,23316,Round Ireland with a Fridge,author_tony_hawks,decade_1990s
6746,6747,8535273,"The Dark and Hollow Places (The Forest of Hands and Teeth, #3)",author_carrie_ryan,decade_2010s
6747,6748,18127101,Uganda Be Kidding Me,author_chelsea_handler,decade_2010s
6748,6749,6464094,"This Book Is Not Good for You (Secret, #3)",author_pseudonymous_bosch author_gilbert_ford,decade_2000s
6749,6750,6386555,Eating the Dinosaur,author_chuck_klosterman,decade_2000s
6751,6752,550454,"Aztec (Aztec, #1)",author_gary_jennings,decade_1980s
6752,6753,25372801,All the Birds in the Sky,author_charlie_jane_anders,decade_2010s
6753,6754,13516846,Dodger,author_terry_pratchett,decade_2010s
6755,6756,13929,"Wildwood Dancing (Wildwood, #1)",author_juliet_marillier,decade_2000s
6756,6757,217433,Home Again,author_kristin_hannah,decade_1990s
6757,6758,761023,Books of Blood: Volume One (Books of Blood #1),author_clive_barker,decade_1980s
6758,6759,13502963,"Indebted (The Premonition, #3)",author_amy_a_bartol,decade_2010s
6759,6760,5053,The Man From St. Petersburg,author_ken_follett,decade_1980s
6760,6761,230003,"Daring to Dream (Dream Trilogy, #1)",author_nora_roberts,decade_1990s
6761,6762,89160,"Judgment in Death (In Death, #11)",author_jd_robb author_nora_roberts,decade_2000s
6762,6763,74033,"Innocent in Death (In Death, #24)",author_jd_robb,decade_2000s
6763,6764,15833693,Waiting to Be Heard: A Memoir,author_amanda_knox,decade_2010s
6764,6765,157055,"Once Upon a Marigold (Upon a Marigold, #1)",author_jean_ferris,decade_2000s
6765,6766,107778,"The Wedding (Lairds' Fiancées, #2)",author_julie_garwood,decade_1990s
6766,6767,17834904,"The Dead in Their Vaulted Arches (Flavia de Luce, #6)",author_alan_bradley,decade_2010s
6767,6768,616828,Heart of Darkness and The Secret Sharer,author_joseph_conrad,decade_1910s
6768,6769,17860739,S.,author_jj_abrams author_doug_dorst,decade_2010s
6769,6770,22207,Lullabies for Little Criminals,author_heather_oneill,decade_2000s
6770,6771,14745338,"Fairest (An Unfortunate Fairy Tale, #2)",author_chanda_hahn,decade_2010s
6772,6773,12383869,"Sever (The Chemical Garden, #3)",author_lauren_destefano,decade_2010s
6773,6774,13538992,"Fourth Grave Beneath My Feet (Charley Davidson, #4)",author_darynda_jones,decade_2010s
6774,6775,7389,"Runaways, Vol. 1: Pride and Joy (Runaways, #1)",author_brian_k_vaughan author_adrian_alphona,decade_2000s
6775,6776,25295,"The Legend of Huma (Dragonlance: Heroes, #1)",author_richard_a_knaak,decade_1980s
6776,6777,89691,The Dogs of Babel,author_carolyn__parkhurst,decade_2000s
6777,6778,1027760,Madeline and the Bad Hat,author_ludwig_bemelmans,decade_1950s
6778,6779,11166890,"77 Shadow Street (Pendleton, #1)",author_dean_koontz,decade_2010s
6779,6780,47618,"Sir Thursday (The Keys to the Kingdom, #4)",author_garth_nix,decade_2000s
6780,6781,33418,"Parallel Worlds: A Journey Through Creation, Higher Dimensions, and the Future of the Cosmos",author_michio_kaku,decade_2000s
6782,6783,8177526,"Fate (My Blood Approves, #2)",author_amanda_hocking,decade_2010s
6785,6786,15733523,The Krishna Key,author_ashwin_sanghi,decade_2010s
6786,6787,250,Tropic of Capricorn,author_henry_miller,decade_1930s
6787,6788,920649,An Occurrence at Owl Creek Bridge,author_ambrose_bierce,decade_1890s
6788,6789,2761356,The Sweet Gum Tree,author_katherine_allred,decade_2000s
6789,6790,840163,"Flight of the Old Dog (Patrick McLanahan, #1)",author_dale_brown,decade_1980s
6790,6791,13374,A Complicated Kindness,author_miriam_toews,decade_2000s
6791,6792,1729146,"Raven Rise (Pendragon, #9)",author_dj_machale,decade_2000s
6792,6793,25813937,Glory over Everything: Beyond The Kitchen House,author_kathleen_grissom,decade_2010s
6793,6794,1291211,"Class A (Cherub, #2)",author_robert_muchamore,decade_2000s
6795,6796,1747182,"Deeper Than the Dead (Oak Knoll, #1)",author_tami_hoag,decade_2000s
6796,6797,4703427,"Dust of Dreams (The Malazan Book of the Fallen, #9)",author_steven_erikson,decade_2000s
6797,6798,17863,Accelerando (Singularity),author_charles_stross,decade_2000s
6798,6799,23209971,Girl at War,author_sara_novi,decade_2010s
6799,6800,164719,"Lord Loss (The Demonata, #1)",author_darren_shan,decade_2000s
6800,6801,6460331,"Runaway (Airhead, #3)",author_meg_cabot,decade_2010s
6801,6802,39796,"Sidetracked (Kurt Wallander, #5)",author_henning_mankell author_steven_t_murray,decade_1990s
6802,6803,15828714,"Sometimes It Lasts (Sea Breeze, #5)",author_abbi_glines,decade_2010s
6803,6804,12143200,Drift: The Unmooring of American Military Power,author_rachel_maddow,decade_2010s
6804,6805,18222699,"Graduation Day (The Testing, #3)",author_joelle_charbonneau,decade_2010s
6805,6806,48183,The Honk and Holler Opening Soon,author_billie_letts,decade_1990s
6807,6808,15047,The Passion,author_jeanette_winterson,decade_1980s
6808,6809,206236,The Power of the Dog,author_don_winslow,decade_2000s
6809,6810,25817162,America's First Daughter,author_stephanie_dray author_laura_kamoie,decade_2010s
6810,6811,17285883,"The Undead Pool (The Hollows, #12)",author_kim_harrison,decade_2010s
6811,6812,6329547,"On the Edge (The Edge, #1)",author_ilona_andrews,decade_2000s
6812,6813,89731,Kira-Kira,author_cynthia_kadohata,decade_2000s
6813,6814,15698479,"The Human Division (Old Man's War, #5)",author_john_scalzi,decade_2010s
6814,6815,24488476,"The Fate of Ten (Lorien Legacies, #6)",author_pittacus_lore,decade_2010s
6815,6816,148809,"The Fourth Bear (Nursery Crime, #2)",author_jasper_fforde,decade_2000s
6816,6817,6471550,"The Unwritten, Vol. 1: Tommy Taylor and the Bogus Identity",author_mike_carey author_bill_willingham author_peter_gross,decade_2010s
6817,6818,1317696,The Enchantress of Florence,author_salman_rushdie,decade_2000s
6818,6819,11256293,"Life is What You Make It: A Story of Love, Hope and How Determination Can Overcome Even Destiny",author_preeti_shenoy,decade_2010s
6819,6820,1875,"The History of Sexuality, Volume 1: An Introduction",author_michel_foucault author_robert_hurley,decade_1970s
6820,6821,206193,"Takedown (Scot Harvath, #5)",author_brad_thor,decade_2000s
6821,6822,32827,"From the Earth to the Moon (Extraordinary Voyages, #4)",author_jules_verne,decade_1860s
6822,6823,27525,"Armageddon: The Cosmic Battle of the Ages (Left Behind, #11)",author_tim_lahaye author_jerry_b_jenkins,decade_2000s
6823,6824,10677213,Van Gogh: The Life,author_steven_naifeh author_gregory_white_smith,decade_2010s
6825,6826,7853757,"Moonlight Mile (Kenzie & Gennaro,#6)",author_dennis_lehane,decade_2010s
6826,6827,13531832,Vampires in the Lemon Grove,author_karen_russell,decade_2010s
6827,6828,27002,"First Among Sequels (Thursday Next, #5)",author_jasper_fforde,decade_2000s
6828,6829,7531,The Idiot Girls' Action-Adventure Club: True Tales from a Magnificent and Clumsy Life,author_laurie_notaro,decade_2000s
6829,6830,11801463,"City of Dragons (Rain Wild Chronicles, #3)",author_robin_hobb,decade_2010s
6830,6831,18730158,"The Heist (Gabriel Allon, #14)",author_daniel_silva,decade_2010s
6831,6832,56912,The Judgment of Paris: The Revolutionary Decade That Gave the World Impressionism,author_ross_king,decade_2000s
6832,6833,32456,Darkfall,author_dean_koontz,decade_1980s
6833,6834,16007855,"Sweet Reckoning (Sweet, #3)",author_wendy_higgins,decade_2010s
6834,6835,394228,"Well-Schooled in Murder (Inspector Lynley, #3)",author_elizabeth__george,decade_1980s
6835,6836,129617,"Perfect (Second Opportunities, #2)",author_judith_mcnaught,decade_1990s
6836,6837,17332207,Someone,author_alice_mcdermott,decade_2010s
6838,6839,3097601,Suicide Notes,author_michael_thomas_ford,decade_2000s
6839,6840,107896,Starter for Ten,author_david_nicholls,decade_2000s
6840,6841,1563413,The Three Little Pigs,author_elizabeth_ross author_rofry,decade_1970s
6842,6843,25114548,Friction,author_sandra_brown,decade_2010s
6843,6844,447,Moon Palace,author_paul_auster,decade_1980s
6844,6845,28483,"The Seventh Gate (The Death Gate Cycle, #7)",author_margaret_weis author_tracy_hickman,decade_1990s
6845,6846,102459,"Hellboy, Vol. 2: Wake the Devil (Hellboy, #2)",author_mike_mignola,decade_1990s
6846,6847,9917879,"The Unwanteds (Unwanteds, #1)",author_lisa_mcmann,decade_2010s
6847,6848,9644151,"Ashfall (Ashfall, #1)",author_mike_mullin,decade_2010s
6848,6849,22669832,"Bright Side (Bright Side, #1)",author_kim_holden,decade_2010s
6850,6851,13526026,"The Panther  (John Corey, #6)",author_nelson_demille,decade_2010s
6852,6853,140524,The Unexpected Mrs. Pollifax  (Mrs. Pollifax #1),author_dorothy_gilman,decade_1960s
6853,6854,17159011,"White Fire (Pendergast, #13)",author_douglas_preston author_lincoln_child,decade_2010s
6854,6855,1051620,"The Innocent Mage (Kingmaker, Kingbreaker, #1)",author_karen_miller,decade_2000s
6856,6857,32276,Dragons of Eden: Speculations on the Evolution of Human Intelligence,author_carl_sagan,decade_1970s
6857,6858,142079,"S is for Silence (Kinsey Millhone, #19)",author_sue_grafton,decade_2000s
6858,6859,1303564,"Maximum Security (Cherub, #3)",author_robert_muchamore,decade_2000s
6860,6861,7059135,"Inside Out (Insider, #1)",author_maria_v_snyder,decade_2010s
6861,6862,17346698,"March: Book One (March, #1)",author_john_____________lewis author_andrew_aydin author_nate_powell,decade_2010s
6862,6863,218659,Everything That Rises Must Converge: Stories,author_flannery_oconnor author_robert_fitzgerald,decade_1960s
6863,6864,1746470,"Dream Chaser (Dark-Hunter #13, Dream-Hunter #3)",author_sherrilyn_kenyon,decade_2000s
6864,6865,45234,The Gun Seller,author_hugh_laurie,decade_1990s
6865,6866,8242117,I Remember Nothing: and Other Reflections,author_nora_ephron,decade_2010s
6866,6867,14082,Malgudi Days,author_rk_narayan author_jhumpa_lahiri,decade_1940s
6867,6868,28257707,The Subtle Art of Not Giving a F*ck: A Counterintuitive Approach to Living a Good Life,author_mark_manson,decade_2010s
6868,6869,2579284,Six Days of the Condor,author_james_grady,decade_1970s
6869,6870,698,Digging to America,author_anne_tyler,decade_2000s
6870,6871,12360050,"The Dark Monk (The Hangman's Daughter, #2)",author_oliver_ptzsch author_lee_chadeayne,decade_2000s
6873,6874,458034,Caressed by Ice (Psy-Changeling #3),author_nalini_singh,decade_2000s
6874,6875,1009996,Artisan Bread in Five Minutes a Day: The Discovery That Revolutionizes Home Baking,author_jeff_hertzberg author_zo_franois author_mark_luinenburg,decade_2000s
6875,6876,105986,"The Code of the Woosters (Jeeves, #7)",author_pg_wodehouse,decade_1930s
6876,6877,5849,A House for Mr Biswas,author_vs_naipaul,decade_1960s
6877,6878,13708346,"The Bone Bed (Kay Scarpetta, #20)",author_patricia_cornwell,decade_2010s
6878,6879,8649656,The Fry Chronicles (Memoir #2),author_stephen_fry,decade_2010s
6879,6880,448836,Second Treatise of Government,author_john_locke author_cb_macpherson,decade_1680s
6880,6881,17228280,Better off Friends,author_elizabeth_eulberg,decade_2010s
6881,6882,6966823,The Shallows: What the Internet is Doing to Our Brains,author_nicholas_carr,decade_2010s
6882,6883,11488123,The House at Tyneford,author_natasha_solomons,decade_2010s
6883,6884,42547,"The Autobiography of Martin Luther King, Jr.",author_martin_luther_king_jr author_clayborne_carson,decade_1980s
6884,6885,522534,"Geisha, a Life",author_mineko_iwasaki author_rande_brown,decade_2000s
6885,6886,666758,The Knowledge of the Holy,author_aw_tozer,decade_1960s
6886,6887,104160,Day Watch (Watch #2),author_sergei_lukyanenko author_andrew_bromfield,decade_2000s
6888,6889,2137,A Home at the End of the World,author_michael_cunningham,decade_1990s
6889,6890,15752115,"Batman, Volume 2: The City of Owls",author_scott_snyder author_greg_capullo author_jonathan_glapion author_james_tynion_iv author_rafael_albuquerque author_jason_fabok author_becky_cloonan author_andy_clarke author_sandu_florea,decade_2010s
6890,6891,28759,Magic's Pawn (Valdemar: Last Herald-Mage #1),author_mercedes_lackey,decade_1980s
6891,6892,28747,CivilWarLand in Bad Decline,author_george_saunders,decade_1990s
6892,6893,9739365,SEAL Team Six: Memoirs of an Elite Navy SEAL Sniper,author_howard_e_wasdin author_stephen_templin,decade_2010s
6893,6894,190115,Sacred Contracts: Awakening Your Divine Potential,author_caroline_myss,decade_2000s
6894,6895,4955,How We Are Hungry,author_dave_eggers,decade_2000s
6895,6896,30292,"Five Dialogues: Euthyphro, Apology, Crito, Meno, Phaedo",author_plato author_gma_grube author_john_m_cooper,decade_0s
6896,6897,26224667,"Wrong (Wrong, #1)",author_jana_aston,decade_2010s
6897,6898,79121,The Happy Prince,author_oscar_wilde,decade_1880s
6898,6899,18982011,"The Line (Witching Savannah, #1)",author_jd_horn,decade_2010s
6899,6900,29519517,"Twisted Palace (The Royals, #3)",author_erin_watt,decade_2010s
6900,6901,2493973,"The Diamond of Darkhold (Book of Ember, #4)",author_jeanne_duprau,decade_2000s
6902,6903,93802,"A Death in Vienna (Gabriel Allon, #4)",author_daniel_silva,decade_2000s
6903,6904,24504274,"Pucked (Pucked, #1)",author_helena_hunting,decade_2010s
6904,6905,25422234,Notorious RBG: The Life and Times of Ruth Bader Ginsburg,author_irin_carmon author_shana_knizhnik,decade_2010s
6905,6906,9439989,"Touch of Frost (Mythos Academy, #1)",author_jennifer_estep,decade_2010s
6906,6907,10169662,Never Knowing,author_chevy_stevens,decade_2010s
6907,6908,31268,The Aquitaine Progression,author_robert_ludlum,decade_1980s
6908,6909,103159,"The Forsyte Saga (The Forsyte Chronicles, #1-3)",author_john_galsworthy,decade_1920s
6909,6910,262228,"O is for Outlaw (Kinsey Millhone, #15)",author_sue_grafton,decade_1990s
6910,6911,2820533,"Deadly Little Secret (Touch, #1)",author_laurie_faria_stolarz,decade_2000s
6911,6912,18282915,"The Chase (Fox and O'Hare, #2)",author_janet_evanovich author_lee_goldberg,decade_2010s
6912,6913,25403,The Orange Girl,author_jostein_gaarder author_james_anderson,decade_2000s
6913,6914,228220,The House of Thunder,author_leigh_nichols author_dean_koontz,decade_1980s
6914,6915,71864,"The Dead of Night (Tomorrow, #2)",author_john_marsden,decade_1990s
6915,6916,18869970,My Cousin Rachel,author_daphne_du_maurier,decade_1950s
6916,6917,70509,Absurdistan,author_gary_shteyngart,decade_2000s
6917,6918,8677937,"Invincible (Chronicles of Nick, #2)",author_sherrilyn_kenyon,decade_2010s
6918,6919,55354,Napalm & Silly Putty,author_george_carlin,decade_2000s
6919,6920,24815,The Indispensable Calvin and Hobbes,author_bill_watterson,decade_1990s
6920,6921,46349,Funny in Farsi: A Memoir of Growing Up Iranian in America,author_firoozeh_dumas,decade_2000s
6922,6923,213975,"Witness in Death (In Death, #10)",author_jd_robb author_susan_ericksen,decade_2000s
6923,6924,60211,The Shadow of the Torturer (The Book of the New Sun #1),author_gene_wolfe,decade_1980s
6924,6925,13069935,Ask the Passengers,author_as_king,decade_2010s
6925,6926,20499240,"Foxglove Summer (Peter Grant, #5)",author_ben_aaronovitch,decade_2010s
6926,6927,261689,The Grand Sophy,author_georgette_heyer,decade_1950s
6927,6928,299215,The Road to Serfdom,author_friedrich_a_hayek,decade_1940s
6928,6929,18800655,Terms of Enlistment (Frontlines #1),author_marko_kloos,decade_2010s
6929,6930,18076876,"Reaper's Legacy (Reapers MC, #2)",author_joanna_wylde,decade_2010s
6930,6931,41502,"Lord John and the Brotherhood of the Blade  (Lord John Grey, #2)",author_diana_gabaldon,decade_2000s
6931,6932,12468,The Executioner's Song,author_norman_mailer,decade_1970s
6932,6933,15755201,"Suspect (Scott James & Maggie, #1)",author_robert_crais,decade_2010s
6933,6934,11359,Tar Baby,author_toni_morrison,decade_1980s
6934,6935,837501,The Twenty-One Balloons,author_william_pne_du_bois,decade_1940s
6935,6936,13093001,"Stolen Prey (Lucas Davenport, #22)",author_john_sandford,decade_2010s
6936,6937,840,The Design of Everyday Things,author_donald_a_norman,decade_1980s
6937,6938,227658,Running Out of Time,author_margaret_peterson_haddix,decade_1990s
6939,6940,24937499,"Her Final Breath (Tracy Crosswhite, #2)",author_robert_dugoni,decade_2010s
6940,6941,129616,"Something Wonderful (Sequels, #2)",author_judith_mcnaught,decade_1980s
6941,6942,2003767,Tribute,author_nora_roberts,decade_2000s
6942,6943,46012,"16 Lighthouse Road (Cedar Cove, #1)",author_debbie_macomber,decade_2000s
6944,6945,42631,Having a Mary Heart in a Martha World: Finding Intimacy With God in the Busyness of Life,author_joanna_weaver,decade_2000s
6945,6946,7636774,I'd Know You Anywhere,author_laura_lippman,decade_2010s
6946,6947,18166936,The Strange and Beautiful Sorrows of Ava Lavender,author_leslye_walton,decade_2010s
6947,6948,17349163,"Sense & Sensibility (The Austen Project, #1)",author_joanna_trollope,decade_2010s
6948,6949,12171769,7: An Experimental Mutiny Against Excess,author_jen_hatmaker,decade_2010s
6949,6950,7307503,"Archangel's Consort (Guild Hunter, #3)",author_nalini_singh,decade_2010s
6950,6951,264778,Sacajawea (Lewis & Clark Expedition),author_anna_lee_waldo,decade_1970s
6952,6953,18687079,"Avatar: The Last Airbender (The Rift, #1)",author_gene_luen_yang author_michael_dante_dimartino author_bryan_konietzko author_gurihiru,decade_2010s
6953,6954,12374,Independence Day,author_richard_ford,decade_1990s
6954,6955,2336803,"The Last Patriot (Scot Harvath, #7)",author_brad_thor,decade_2000s
6956,6957,18228202,Bridge to Haven,author_francine_rivers,decade_2010s
6957,6958,16071736,The Engagements,author_j_courtney_sullivan,decade_2010s
6959,6960,13640229,"Creed (Unfinished Hero, #2)",author_kristen_ashley,decade_2010s
6961,6962,27213121,"The Black Widow (Gabriel Allon, #16)",author_daniel_silva,decade_2010s
6962,6963,434764,Believing Christ: The Parable of the Bicycle and Other Good News,author_stephen_e_robinson,decade_1990s
6963,6964,10586539,Wake (Watersong #1),author_amanda_hocking,decade_2010s
6964,6965,25316313,A Dark Lure,author_loreth_anne_white,decade_2010s
6965,6966,17994,The Code Book: The Science of Secrecy from Ancient Egypt to Quantum Cryptography,author_simon_singh,decade_1990s
6966,6967,67513,"Touch the Dark (Cassandra Palmer, #1)",author_karen_chance,decade_2000s
6967,6968,11286,Carrion Comfort,author_dan_simmons,decade_1980s
6968,6969,9858714,"The Mind Readers (Mind Readers, #1)",author_lori_brighton,decade_2010s
6969,6970,815150,"The Highlander's Touch (Highlander, #3)",author_karen_marie_moning,decade_2000s
6971,6972,353342,"The Cross of Lead (Crispin, #1)",author_avi,decade_2000s
6972,6973,76667,"Wielding a Red Sword (Incarnations of Immortality, #4)",author_piers_anthony,decade_1980s
6973,6974,18461986,"Deep (Stage Dive, #4)",author_kylie_scott,decade_2010s
6975,6976,7657484,"Superman: Earth One, Volume 1",author_j_michael_straczynski author_shane_davis author_sandra_hope author_barbara_ciardo author_rob_leigh,decade_2010s
6976,6977,11106458,The Mortal Instruments (The Mortal Instruments #1-4),author_cassandra_clare,decade_2010s
6977,6978,609035,Foxe's Book of Martyrs,author_john_foxe author_w_grinton_berry,decade_1560s
6978,6979,60223,"See Jane Score (Chinooks Hockey Team, #2)",author_rachel_gibson,decade_2000s
6979,6980,17174,A Yellow Raft in Blue Water,author_michael_dorris,decade_1980s
6980,6981,6294549,"Rosemary and Rue (October Daye, #1)",author_seanan_mcguire,decade_2000s
6981,6982,64401,"Another Fine Myth (Myth Adventures, #1)",author_robert_lynn_asprin,decade_1970s
6982,6983,9279734,"Forever Mine (The Moreno Brothers, #1)",author_elizabeth_reyes,decade_2010s
6983,6984,6617185,"Soccernomics: Why England Loses, Why Germany and Brazil Win, and Why the U.S., Japan, Australia, Turkey--and Even Iraq--Are Destined to Become the Kings of the World's Most Popular Sport",author_simon_kuper author_stefan_szymanski,decade_2000s
6984,6985,4499214,"Sapphique (Incarceron, #2)",author_catherine_fisher,decade_2000s
6986,6987,40482,Harvest,author_tess_gerritsen,decade_1990s
6987,6988,1587362,How to Cook Everything Vegetarian: Simple Meatless Recipes for Great Food,author_mark_bittman,decade_2000s
6988,6989,20801166,A Little Something Different,author_sandy___hall,decade_2010s
6989,6990,17349222,This is the Story of a Happy Marriage,author_ann_patchett,decade_2010s
6990,6991,7278837,Diary of a Wimpy Kid: #1-4,author_jeff_kinney,decade_2000s
6991,6992,7853137,"Think of a Number (Dave Gurney, #1)",author_john_verdon,decade_2010s
6992,6993,22151696,Lullabies,author_lang_leav,decade_2010s
6993,6994,114203,Birthright,author_nora_roberts,decade_2000s
6994,6995,434535,The Peacegiver: How Christ Offers to Heal Our Hearts and Homes,author_james_l_ferrell,decade_2000s
6995,6996,64895,Cod: A Biography of the Fish that Changed the World,author_mark_kurlansky,decade_1980s
6996,6997,8167094,The Hidden Reality: Parallel Universes and the Deep Laws of the Cosmos,author_brian_greene,decade_2010s
6997,6998,38723,The Feminine Mystique,author_betty_friedan author_anna_quindlen,decade_1960s
6998,6999,48862,Brighton Rock,author_graham_greene author_jm_coetzee,decade_1930s
7000,7001,6452760,"Stones Into Schools: Promoting Peace With Books, Not Bombs, in Afghanistan and Pakistan",author_greg_mortenson author_khaled_hosseini,decade_2000s
7001,7002,3009435,A Mercy,author_toni_morrison,decade_2000s
7002,7003,825,Zodiac,author_neal_stephenson,decade_1980s
7003,7004,23675858,Departure,author_ag_riddle,decade_2010s
7004,7005,9799572,"Rock Chick Redemption (Rock Chick, #3)",author_kristen_ashley,decade_2010s
7005,7006,16335,"The Mystery of the Blue Train (Hercule Poirot, #6)",author_agatha_christie,decade_1920s
7006,7007,10808006,"Private #1 Suspect (Private, #2)",author_james_patterson author_maxine_paetro,decade_2010s
7007,7008,14295,Pastoralia,author_george_saunders,decade_2000s
7009,7010,1085771,"The Walking Dead, Vol. 07: The Calm Before",author_robert_kirkman author_charlie_adlard author_cliff_rathburn,decade_2000s
7011,7012,175319,Methuselah's Children,author_robert_a_heinlein,decade_1950s
7012,7013,12663646,"Hana (Delirium, #1.5)",author_lauren_oliver,decade_2010s
7013,7014,102955,"Preacher, Volume 8: All Hell's a-Coming",author_garth_ennis author_steve_dillon author_john_mccrea,decade_2000s
7014,7015,6356190,"The Little Sisters of Eluria (The Dark Tower, #0.5)",author_stephen_king author_michael_whelan,decade_2000s
7015,7016,773480,"Inside, Outside, Upside Down (Berenstain Bears Bright and Early Board Book)",author_stan_berenstain author_jan_berenstain,decade_1960s
7016,7017,6574542,"The First Rule (Elvis Cole, #13; Joe Pike, #2)",author_robert_crais,decade_2010s
7017,7018,483445,"The Magical Worlds of Harry Potter: A Treasury of Myths, Legends, and Fascinating Facts",author_david_colbert,decade_2000s
7018,7019,825377,The Dot,author_peter_h_reynolds,decade_2000s
7019,7020,6407514,"Forest Born (The Books of Bayern, #4)",author_shannon_hale,decade_2000s
7020,7021,34605,The Damnation Game,author_clive_barker,decade_1980s
7022,7023,381489,"Private (Private, #1)",author_kate_brian,decade_2000s
7024,7025,26506,Sisters,author_danielle_steel,decade_2000s
7025,7026,337116,The Difference Engine ,author_william_gibson author_bruce_sterling,decade_1990s
7028,7029,11233988,I Want My Hat Back,author_jon_klassen,decade_2010s
7029,7030,239109,"The Lone Drow (Forgotten Realms: Hunter's Blades, #2; Legend of Drizzt, #15)",author_ra_salvatore,decade_2000s
7032,7033,25671861,"Cometh the Hour (The Clifton Chronicles, #6)",author_jeffrey_archer,decade_2010s
7033,7034,11469379,A Walk Across the Sun,author_corban_addison,decade_2010s
7034,7035,1126719,House of Suns,author_alastair_reynolds,decade_2000s
7035,7036,18813530,"A Shadow of Light (A Shade of Vampire, #4)",author_bella_forrest,decade_2010s
7036,7037,391724,The Black Cat,author_edgar_allan_poe,decade_1840s
7037,7038,102327,Armor,author_john_steakley,decade_1980s
7038,7039,19312,The Brothers Lionheart,author_astrid_lindgren author_ilon_wikland author_jill_m_morgan,decade_1970s
7039,7040,15793165,Don't Go,author_lisa_scottoline,decade_2010s
7040,7041,268598,"Loyalty in Death (In Death, #9)",author_jd_robb author_susan_ericksen,decade_1990s
7041,7042,262229,"Q is for Quarry (Kinsey Millhone, #17)",author_sue_grafton,decade_2000s
7043,7044,1373381,The Ship of Brides,author_jojo_moyes,decade_2000s
7044,7045,462684,The Story of Tracy Beaker,author_jacqueline_wilson author_nick_sharratt,decade_1990s
7045,7046,543103,"Generation Kill: Devil Dogs, Iceman, Captain America, and the New Face of American War",author_evan_wright,decade_2000s
7046,7047,32453,The Servants of Twilight,author_leigh_nichols author_dean_koontz,decade_1980s
7047,7048,2033217,"Moscow Rules (Gabriel Allon, #8)",author_daniel_silva,decade_2000s
7048,7049,25733983,Lab Girl,author_hope_jahren,decade_2010s
7049,7050,2157243,"Playing with Fire (Skulduggery Pleasant, #2)",author_derek_landy,decade_2000s
7051,7052,130916,The Saving Graces,author_patricia_gaffney,decade_1990s
7052,7053,272607,Fade Away (Myron Bolitar #3),author_harlan_coben,decade_1990s
7054,7055,84927,Amadeus,author_peter_shaffer,decade_1970s
7055,7056,62485,"The Icewind Dale Trilogy Collector's Edition (Forgotten Realms: Icewind Dale, #1-3; Legend of Drizzt, #4-6)",author_ra_salvatore,decade_2000s
7056,7057,12753231,"Monument 14 (Monument 14, #1)",author_emmy_laybourne,decade_2010s
7057,7058,251964,"The Black Lyon (Montgomery/Taggert, #1)",author_jude_deveraux,decade_1980s
7058,7059,12542,Grace (Eventually): Thoughts on Faith,author_anne_lamott,decade_2000s
7059,7060,335459,Everyday Food: Great Food Fast,author_martha_stewart,decade_2000s
7060,7061,17831617,"Beautiful Bombshell (Beautiful Bastard, #2.5)",author_christina_lauren,decade_2010s
7061,7062,12743472,"Slated (Slated, #1)",author_teri_terry,decade_2010s
7063,7064,108385,"Dark Gold (Dark, #3)",author_christine_feehan,decade_2000s
7064,7065,5957702,"206 Bones (Temperance Brennan, #12)",author_kathy_reichs,decade_2000s
7065,7066,6076387,A Gate at the Stairs,author_lorrie_moore,decade_2000s
7066,7067,8593026,"Hostile Witness (Witness Series, #1)",author_rebecca_forster,decade_2000s
7067,7068,929782,Martin Eden,author_jack_london author_andrew_sinclair,decade_1900s
7069,7070,1632833,"Genghis: Lords of the Bow (Conqueror, #2)",author_conn_iggulden,decade_2000s
7071,7072,13227319,"Wonder Woman, Volume 1: Blood",author_brian_azzarello author_cliff_chiang author_tony_akins author_dan_green author_matthew_wilson author_jared_k_fletcher,decade_2010s
7072,7073,20348781,Loving Mr. Daniels,author_brittainy_c_cherry,decade_2010s
7073,7074,13020,"King Henry IV, Part 1 (Wars of the Roses, #2)",author_william_shakespeare author_david_scott_kastan,decade_1590s
7074,7075,159061,"Go Away, Big Green Monster!",author_ed_emberley,decade_1990s
7075,7076,6606855,"Deadman Wonderland, Volume 1 (Deadman Wonderland, #1)",author_jinsei_kataoka author_kazuma_kondou,decade_2000s
7076,7077,15096257,The Bloodletter's Daughter: A Novel of Old Bohemia,author_linda_lafferty,decade_2010s
7077,7078,243308,Steel Magnolias (DPS Acting Edition),author_robert_harling,decade_1980s
7078,7079,11666,Rabbit at Rest (Rabbit Angstrom #4),author_john_updike,decade_1990s
7079,7080,32426,Icebound,author_david_axton author_dean_koontz,decade_1970s
7081,7082,382450,Fevre Dream,author_george_rr_martin,decade_1980s
7082,7083,819667,Snowmen at Night,author_caralyn_buehner author_mark_buehner,decade_2000s
7083,7084,25802884,"Hollywood Dirt (Hollywood Dirt, #1)",author_alessandra_torre,decade_2010s
7084,7085,15769463,"Futures and Frosting (Chocolate Lovers, #2)",author_tara_sivec,decade_2010s
7085,7086,99955,"Common Sense, The Rights of Man and Other Essential Writings",author_thomas_paine author_sidney_hook author_jack_fruchtman_jr,decade_1770s
7086,7087,18054175,The Good Luck of Right Now,author_matthew_quick,decade_2010s
7087,7088,1605034,"The Miracle at Speedy Motors (No.1 Ladies' Detective Agency, #9)",author_alexander_mccall_smith,decade_2000s
7088,7089,3759,"Goldfinger (James Bond, #7)",author_ian_fleming,decade_1950s
7090,7091,12988089,"Rise of the Elgen (Michael Vey, #2)",author_richard_paul_evans,decade_2010s
7091,7092,103035,Cabal,author_clive_barker,decade_1980s
7093,7094,30314465,"No Man's Land (John Puller, #4)",author_david_baldacci,decade_2010s
7094,7095,144127,The Runelords (Runelords #1),author_david_farland,decade_1990s
7095,7096,17329041,The Other Typist,author_suzanne_rindell,decade_2010s
7096,7097,22428828,"Welcome to Shadowhunter Academy (Tales from the Shadowhunter Academy, #1)",author_cassandra_clare author_sarah_rees_brennan,decade_2010s
7097,7098,35125,Alien,author_alan_dean_foster,decade_1970s
7098,7099,8805443,"The Sentry (Elvis Cole, #14; Joe Pike, #3)",author_robert_crais,decade_2010s
7099,7100,13111733,"Sempre (Sempre, #1)",author_jm_darhower,decade_2010s
7100,7101,17333171,"Magic Shifts (Kate Daniels, #8)",author_ilona_andrews,decade_2010s
7102,7103,6678,Going Solo,author_roald_dahl author_quentin_blake,decade_1980s
7103,7104,517344,"Clementine (Clementine, #1)",author_sara_pennypacker author_marla_frazee,decade_2000s
7104,7105,8752885,"The Dragon's Path (The Dagger and the Coin, #1)",author_daniel_abraham,decade_2010s
7105,7106,402128,Old Possum's Book of Practical Cats,author_ts_eliot author_edward_gorey,decade_1930s
7106,7107,25106926,"The Taming of the Queen (The Plantagenet and Tudor Novels, #11)",author_philippa_gregory,decade_2010s
7108,7109,39792,"The Man Who Smiled (Kurt Wallander, #4)",author_henning_mankell author_laurie_thompson,decade_1990s
7109,7110,16012,"Paradise Kiss, Vol. 1 (Paradise Kiss, #1)",author_ai_yazawa,decade_2000s
7110,7111,4485966,Talent is Overrated: What Really Separates World-Class Performers from Everybody Else,author_geoff_colvin,decade_2000s
7111,7112,3122173,One Silent Night (Dark-Hunter #15),author_sherrilyn_kenyon,decade_2000s
7112,7113,61906,"The Warrior's Apprentice (Vorkosigan Saga, #2)",author_lois_mcmaster_bujold,decade_1980s
7114,7115,62103,The Complete Phantom of the Opera,author_george_c_perry author_clive_barda author_jane_rice author_andrew_lloyd_webber,decade_1980s
7115,7116,295834,"The Unusual Suspects (The Sisters Grimm, #2)",author_michael_buckley author_peter_ferguson,decade_2000s
7117,7118,228992,"White Gold Wielder (The Second Chronicles of Thomas Covenant, #3)",author_stephen_r_donaldson,decade_1980s
7118,7119,203288,"The Ship Who Sang (Brainship, #1)",author_anne_mccaffrey,decade_1960s
7119,7120,23168817,"The Dark Forest (Remembrance of Earth’s Past, #2)",author_liu_cixin author_joel_martinsen,decade_2000s
7120,7121,11806716,"Blackout (Newsflesh Trilogy, #3)",author_mira_grant,decade_2010s
7122,7123,32443,The Eyes of Darkness,author_leigh_nichols author_dean_koontz,decade_1980s
7123,7124,47957,"Heir to the Shadows (The Black Jewels, #2)",author_anne_bishop,decade_1990s
7124,7125,18134894,"Tears of Tess (Monsters in the Dark, #1)",author_pepper_winters,decade_2010s
7125,7126,84844,"Guilty as Sin  (Deer Lake, #2)",author_tami_hoag,decade_1990s
7126,7127,153007,"Kushiel's Scion (Imriel's Trilogy, #1)",author_jacqueline_carey,decade_2000s
7127,7128,89185,Chasm City,author_alastair_reynolds,decade_2000s
7128,7129,6791212,"The Lost Child of Philomena Lee: A Mother, Her Son and a 50 Year Search",author_martin_sixsmith,decade_2000s
7130,7131,1432370,"Breaking Night: A Memoir of Forgiveness, Survival, and My Journey from Homeless to Harvard",author_liz_murray,decade_2010s
7131,7132,8315872,"Treachery in Death (In Death, #32)",author_jd_robb author_nora_roberts,decade_2010s
7132,7133,17797253,Under the Wide and Starry Sky,author_nancy_horan,decade_2010s
7133,7134,13070346,"Blood Rites (The Grey Wolves, #2)",author_quinn_loftis,decade_2010s
7135,7136,18221931,"Carter Reed (Carter Reed, #1)",author_tijan,decade_2010s
7136,7137,47345,"Man and Boy (Harry Silver, #1)",author_tony_parsons,decade_1990s
7137,7138,10115,The Memoirs of Cleopatra,author_margaret_george,decade_1990s
7138,7139,10503124,"The Jefferson Key (Cotton Malone, #7)",author_steve_berry,decade_2010s
7139,7140,18339630,All My Puny Sorrows,author_miriam_toews,decade_2010s
7140,7141,18339743,Bittersweet,author_miranda_beverlywhittemore,decade_2010s
7141,7142,513367,In Search of Schrödinger's Cat: Quantum Physics and Reality,author_john_gribbin,decade_1980s
7142,7143,62571,"The Keep (Adversary Cycle, #1)",author_f_paul_wilson,decade_1980s
7143,7144,9798177,"Middle School: The Worst Years of My Life (Midde School, #1)",author_james_patterson author_chris_tebbetts author_laura_park,decade_2010s
7144,7145,60929,"Dawn (Xenogenesis, #1)",author_octavia_e_butler,decade_1980s
7146,7147,3344411,Every Man Dies Alone,author_hans_fallada author_michael_hofmann author_geoff_wilkes,decade_1940s
7147,7148,24934065,"Rebel of the Sands (Rebel of the Sands, #1)",author_alwyn_hamilton,decade_2010s
7148,7149,21618,"Forever Peace (The Forever War, #2)",author_joe_haldeman,decade_1990s
7149,7150,762064,"Betrayal in Death (In Death, #12)",author_jd_robb author_nora_roberts,decade_2000s
7150,7151,123632,Man and His Symbols,author_cg_jung author_joseph_l_henderson author_aniela_jaff author_jolande_jacobi author_john_freeman author_marielouise_von_franz,decade_1960s
7152,7153,7955881,"The Cloud Searchers (Amulet, #3)",author_kazu_kibuishi,decade_2010s
7153,7154,27276262,Lily and the Octopus,author_steven__rowley,decade_2010s
7154,7155,3447,In the Lake of the Woods,author_tim_obrien,decade_1990s
7155,7156,6264710,"Tempt Me at Twilight (The Hathaways, #3)",author_lisa_kleypas author_rosalyn_landor,decade_2000s
7156,7157,12677913,"Tiger's Destiny (The Tiger Saga, #4)",author_colleen_houck,decade_2010s
7157,7158,372385,Back Spin (Myron Bolitar #4),author_harlan_coben,decade_1990s
7158,7159,73100,"This Heart of Mine (Chicago Stars, #5)",author_susan_elizabeth_phillips,decade_2000s
7160,7161,17452179,Apple Tree Yard,author_louise_doughty,decade_2010s
7162,7163,17977710,"Twisted (Tangled, #2)",author_emma_chase,decade_2010s
7163,7164,8356487,"Heartless (Parasol Protectorate, #4)",author_gail_carriger,decade_2010s
7164,7165,389827,"When Calls the Heart (Canadian West, #1)",author_janette_oke,decade_1980s
7165,7166,18090061,Big Girl Panties,author_stephanie_evanovich,decade_2010s
7166,7167,133241,Saving Grace,author_julie_garwood,decade_1990s
7167,7168,7198269,"Married By Morning (The Hathaways, #4)",author_lisa_kleypas,decade_2010s
7168,7169,30593,Pnin,author_vladimir_nabokov author_david_lodge,decade_1950s
7169,7170,76661,"Being a Green Mother (Incarnations of Immortality, #5)",author_piers_anthony,decade_1980s
7170,7171,3334563,"The Inkheart Trilogy: Inkheart, Inkspell, Inkdeath (Inkworld, #1-3)",author_cornelia_funke,decade_1990s
7172,7173,102030,Musashi,author_eiji_yoshikawa author_charles_terry author_edwin_o_reischauer,decade_1930s
7174,7175,6398972,Ford County,author_john_grisham,decade_2000s
7175,7176,93157,The Monk,author_matthew______lewis,decade_1790s
7177,7178,17232261,Songs of Willow Frost,author_jamie_ford,decade_2010s
7178,7179,280366,"Jar City (Inspector Erlendur, #3)",author_arnaldur_indriason author_bernard_scudder,decade_2000s
7179,7180,28568,"The Vanished Man (Lincoln Rhyme, #5)",author_jeffery_deaver,decade_2000s
7180,7181,12926804,One for the Murphys,author_lynda_mullaly_hunt,decade_2010s
7182,7183,12291438,"The Madman’s Daughter (The Madman’s Daughter, #1)",author_megan_shepherd,decade_2010s
7183,7184,16131072,"Second Honeymoon (Honeymoon, #2)",author_james_patterson author_howard_roughan,decade_2010s
7184,7185,23355069,"Hero (Hero, #1)",author_samantha_young,decade_2010s
7185,7186,55352,Brain Droppings,author_george_carlin,decade_1990s
7187,7188,1653655,"Swindle (Swindle, #1)",author_gordon_korman,decade_2000s
7188,7189,15786110,Relish: My Life in the Kitchen,author_lucy_knisley,decade_2010s
7189,7190,15832932,What I Thought Was True,author_huntley_fitzpatrick,decade_2010s
7190,7191,9528186,Pretty Little Liars (TV Series),author_lambert_m_surhone,decade_2010s
7191,7192,10429037,"Ruthless (Pretty Little Liars, #10)",author_sara_shepard,decade_2010s
7192,7193,18667976,The Secret Life of Violet Grant,author_beatriz_williams,decade_2010s
7193,7194,37338,"Wicked Ties (Wicked Lovers, #1)",author_shayla_black,decade_2000s
7194,7195,47878,"Charlie Bone and the Beast (The Children of the Red King, #6)",author_jenny_nimmo,decade_2000s
7195,7196,27406436,The Baller: A Down and Dirty Football Novel,author_vi_keeland,decade_2010s
7196,7197,22055280,"The Providence of Fire (Chronicle of the Unhewn Throne, #2)",author_brian_staveley,decade_2010s
7197,7198,51985,Existentialism Is a Humanism,author_jeanpaul_sartre author_arlette_elkamsartre author_annie_cohensolal author_carol_macomber,decade_1940s
7198,7199,15451058,My Life on the Road,author_gloria_steinem,decade_2010s
7200,7201,6609864,"Sweet Little Lies (L.A. Candy, #2)",author_lauren_conrad,decade_2010s
7201,7202,17830559,"Remy (Real, #3)",author_katy_evans,decade_2010s
7202,7203,11227043,"Rock Chick Revenge (Rock Chick, #5)",author_kristen_ashley,decade_2010s
7203,7204,342994,The Little Match Girl,author_hans_christian_andersen author_rachel_isadora,decade_1840s
7204,7205,95643,The Places in Between,author_rory_stewart,decade_2000s
7205,7206,24611454,"Stars of Fortune (The Guardians Trilogy, #1)",author_nora_roberts,decade_2010s
7207,7208,16342,"Cat Among the Pigeons (Hercule Poirot, #32)",author_agatha_christie,decade_1950s
7208,7209,15786792,Paris,author_edward_rutherfurd,decade_2010s
7209,7210,77995,The Necklace and Other Short Stories,author_guy_de_maupassant,decade_1880s
7210,7211,84786,Void Moon,author_michael_connelly,decade_1990s
7211,7212,34057,Captains Courageous,author_rudyard_kipling,decade_1890s
7212,7213,168571,"Shadow Prey (Lucas Davenport, #2)",author_john_sandford,decade_1990s
7213,7214,31333,Violin,author_anne_rice,decade_1990s
7214,7215,25527908,The Forgetting Time,author_sharon_guskin,decade_2010s
7216,7217,13618,"Death Note, Vol. 3: Hard Run (Death Note, #3)",author_tsugumi_ohba author_takeshi_obata,decade_2000s
7217,7218,11309018,"The Lost Stories (Ranger's Apprentice, #11)",author_john_flanagan,decade_2010s
7218,7219,15738951,"Deep Down (Jack Reacher, #16.5)",author_lee_child,decade_2010s
7219,7220,10947600,Saving June,author_hannah_harrington,decade_2010s
7220,7221,23398806,"Eeny Meeny (Helen Grace, #1)",author_mj_arlidge,decade_2010s
7221,7222,15513156,"Of Triton (The Syrena Legacy, #2)",author_anna_banks,decade_2010s
7222,7223,7830126,What the Night Knows,author_dean_koontz,decade_2010s
7223,7224,16174197,"Knight & Play (Knight, #1)",author_kitty_french,decade_2010s
7224,7225,18405221,"Queen of Fire (Raven's Shadow, #3)",author_anthony__ryan,decade_2010s
7228,7229,9858488,Dead End in Norvelt,author_jack_gantos,decade_2010s
7229,7230,6611038,"Spider's Bite (Elemental Assassin, #1)",author_jennifer_estep,decade_2010s
7230,7231,123845,Self-Reliance and Other Essays,author_ralph_waldo_emerson,decade_1840s
7231,7232,70241,Crash,author_jg_ballard,decade_1970s
7232,7233,769016,How to Talk So Kids Will Listen & Listen So Kids Will Talk,author_adele_faber author_elaine_mazlish author_kimberly_ann_coe,decade_1970s
7233,7234,294951,Fiddler on the Roof,author_joseph_stein author_jerry_bock author_sheldon_harnick,decade_1960s
7234,7235,17607848,"Afterburn (Jax & Gia, #1)",author_sylvia_day,decade_2010s
7235,7236,7926,"All-of-a-Kind Family (All-of-a-Kind Family, #1)",author_sydney_taylor,decade_1950s
7236,7237,18114057,Influx,author_daniel_suarez,decade_2010s
7237,7238,15560,"Ilse Witch (Voyage of the Jerle Shannara, #1)",author_terry_brooks,decade_2000s
7238,7239,95420,Personal History,author_katharine_graham,decade_1990s
7239,7240,27824826,"The Dry (Aaron Falk, #1)",author_jane_harper,decade_2010s
7240,7241,40320,Full House (Full #1),author_janet_evanovich author_charlotte_hughes,decade_1980s
7241,7242,291,The Broken Wings,author_kahlil_gibran author_anthony_r_ferris,decade_1910s
7243,7244,13109291,"Blood of Dragons (Rain Wild Chronicles, #4)",author_robin_hobb,decade_2010s
7244,7245,539904,A Bridge Too Far,author_cornelius_ryan,decade_1970s
7245,7246,87220,Loser,author_jerry_spinelli,decade_2000s
7246,7247,498835,"Sepulchre (Languedoc, #2)",author_kate_mosse,decade_2000s
7247,7248,7778609,"Kill the Dead (Sandman Slim, #2)",author_richard_kadrey,decade_2010s
7248,7249,100247,Vagabonding: An Uncommon Guide to the Art of Long-Term World Travel,author_rolf_potts,decade_2000s
7249,7250,12383252,"Kiss the Dead (Anita Blake, Vampire Hunter #21)",author_laurell_k_hamilton,decade_2010s
7250,7251,10775,The Garden of Eden,author_ernest_hemingway,decade_1980s
7251,7252,1333030,"Sweet Surrender (Sweet, #1)",author_maya_banks,decade_2000s
7252,7253,22875,"The One Tree (The Second Chronicles of Thomas Covenant, #2)",author_stephen_r_donaldson,decade_1980s
7253,7254,24816,Homicidal Psycho Jungle Cat: A Calvin and Hobbes Collection,author_bill_watterson,decade_1990s
7254,7255,17190226,"Surrender Your Love (Surrender Your Love, #1)",author_jc_reed,decade_2010s
7255,7256,17985262,CyberStorm,author_matthew_mather,decade_2010s
7256,7257,24476,Fargo Rock City: A Heavy Metal Odyssey in Rural North Dakota,author_chuck_klosterman,decade_2000s
7257,7258,795034,"To Green Angel Tower, Part 1 (Memory, Sorrow, and Thorn, #3; Part 1)",author_tad_williams,decade_1990s
7258,7259,6818019,"I Am Nujood, Age 10 and Divorced",author_nujood_ali author_delphine_minoui author_linda_coverdale,decade_2000s
7259,7260,43798,The Feast of All Saints,author_anne_rice,decade_1970s
7260,7261,18453074,To Rise Again at a Decent Hour,author_joshua_ferris,decade_2010s
7261,7262,150720,Proof,author_david_auburn,decade_2000s
7262,7263,121581,"The Past Through Tomorrow (Future History, #1-21)",author_robert_a_heinlein author_damon_knight,decade_1960s
7263,7264,86525,"Master of the Senate (The Years of Lyndon Johnson, #3)",author_robert_a_caro,decade_2000s
7264,7265,15722284,"Saint Odd (Odd Thomas, #7)",author_dean_koontz,decade_2010s
7265,7266,6671,The Wonderful Story of Henry Sugar and Six More,author_roald_dahl,decade_1970s
7266,7267,140091,"Real Murders (Aurora Teagarden, #1)",author_charlaine_harris,decade_1990s
7267,7268,7926242,"Port Mortuary (Kay Scarpetta, #18)",author_patricia_cornwell,decade_2010s
7269,7270,154795,The Death of Superman,author_dan_jurgens author_jerry_ordway author_louise_simonson author_roger_stern author_jon_bogdanove author_tom_grummett author_jackson_butch_guice author_brett_breeding author_rick_burchett author_doug_hazlewood author_dennis_janke author_denis_rodier,decade_1990s
7270,7271,144800,The Raw Shark Texts,author_steven_hall,decade_2000s
7271,7272,27904311,"The Hammer of Thor (Magnus Chase and the Gods of Asgard, #2)",author_rick_riordan,decade_2010s
7272,7273,15771862,Wave,author_sonali_deraniyagala,decade_2010s
7273,7274,1307,"Fire Sea (The Death Gate Cycle, #3)",author_margaret_weis author_tracy_hickman,decade_1990s
7274,7275,13547504,"Far from the Tree: Parents, Children, and the Search for Identity",author_andrew_solomon,decade_2010s
7275,7276,958277,"Junie B. Jones and the  Stupid Smelly Bus (Junie B. Jones, #1)",author_barbara_park author_denise_brunkus,decade_1990s
7276,7277,23887,The Autumn of the Patriarch,author_gabriel_garca_mrquez author_gregory_rabassa,decade_1970s
7277,7278,3276637,"Bones of the Hills (Conqueror, #3)",author_conn_iggulden,decade_2000s
7278,7279,13330771,Hallucinations,author_oliver_sacks,decade_1990s
7279,7280,12444297,"Burned (Fever, #7)",author_karen_marie_moning,decade_2010s
7280,7281,3301759,The Murders in the Rue Morgue,author_edgar_allan_poe,decade_1840s
7281,7282,104086,The Summer Tree (The Fionavar Tapestry #1),author_guy_gavriel_kay,decade_1980s
7282,7283,7909,"Betsy-Tacy (Betsy-Tacy, #1)",author_maud_hart_lovelace author_lois_lenski,decade_1940s
7283,7284,2020935,Sweethearts,author_sara_zarr,decade_2000s
7284,7285,1474628,The Monsters of Templeton,author_lauren_groff,decade_2000s
7285,7286,18107951,"Midnight Crossroad (Midnight, Texas, #1)",author_charlaine_harris,decade_2010s
7286,7287,269746,"Catering to Nobody (A Goldy Bear Culinary Mystery, #1)",author_diane_mott_davidson,decade_1990s
7287,7288,12614410,"The Lost Prince (The Iron Fey: Call of the Forgotten, #1)",author_julie_kagawa,decade_2010s
7288,7289,2095583,"Devil Bones (Temperance Brennan, #11)",author_kathy_reichs,decade_2000s
7289,7290,116114,From Here to Eternity,author_james__jones,decade_1950s
7290,7291,389763,Change Your Thoughts - Change Your Life: Living the Wisdom of the Tao,author_wayne_w_dyer,decade_1890s
7291,7292,81176,"Dude, Where's My Country?",author_michael_moore,decade_2000s
7292,7293,364089,The Last Don,author_mario_puzo,decade_1990s
7294,7295,19452,"Ready or Not (All-American Girl, #2)",author_meg_cabot,decade_2000s
7296,7297,163363,All But My Life: A Memoir,author_gerda_weissmann_klein,decade_1950s
7298,7299,2249196,"All-Star Superman, Vol. 2",author_grant_morrison author_frank_quitely,decade_2000s
7299,7300,17345242,The World of Ice & Fire: The Untold History of Westeros and the Game of Thrones,author_george_rr_martin author_elio_m_garca_jr author_linda_antonsson,decade_2010s
7300,7301,110386,"To Sir Phillip, With Love (Bridgertons, #5)",author_julia_quinn,decade_2000s
7302,7303,17336849,"Lost & Found (Lost & Found, #1)",author_nicole__williams,decade_2010s
7303,7304,298730,"Among the Barons (Shadow Children, #4)",author_margaret_peterson_haddix,decade_2000s
7304,7305,20912424,The War that Saved My Life (The War That Saved My Life #1),author_kimberly_brubaker_bradley author__,decade_2010s
7305,7306,125662,"Say Cheese and Die! (Goosebumps, #4)",author_rl_stine,decade_1990s
7306,7307,328907,"Sharpe's Tiger (Sharpe, #1)",author_bernard_cornwell,decade_1990s
7307,7308,207684,Jinx,author_meg_cabot,decade_2000s
7308,7309,53064,Death in Venice and Other Tales,author_thomas_mann author_joachim_neugroschel,decade_1910s
7309,7310,21874813,"As Chimney Sweepers Come to Dust (Flavia de Luce, #7)",author_alan_bradley,decade_2010s
7310,7311,13258,What Was She Thinking? [Notes on a Scandal],author_zo_heller,decade_2000s
7311,7312,25293695,"The Beast (Black Dagger Brotherhood, #14)",author_jr_ward,decade_2010s
7312,7313,65399,"Sullivan's Island (Lowcountry Tales, #1)",author_dorothea_benton_frank,decade_1990s
7313,7314,229149,"Cardcaptor Sakura: Master of the Clow, Vol. 1 (Cardcaptor Sakura, #7)",author_clamp author_anita_sengupta,decade_1990s
7314,7315,10897866,"The Soulkeepers (The Soulkeepers, #1)",author_gp_ching,decade_2010s
7316,7317,1048645,Private Peaceful,author_michael_morpurgo,decade_2000s
7317,7318,383514,"Her Royal Spyness (Her Royal Spyness Mysteries, #1)",author_rhys_bowen,decade_2000s
7318,7319,12288282,"Gunmetal Magic (Kate Daniels, #5.5)",author_ilona_andrews,decade_2010s
7319,7320,22381326,"Half a War (Shattered Sea, #3)",author_joe_abercrombie,decade_2010s
7320,7321,10813469,"Rock Chick Renegade (Rock Chick, #4)",author_kristen_ashley,decade_2010s
7321,7322,15729261,"The Marriage Mistake (Marriage to a Billionaire, #3)",author_jennifer_probst,decade_2010s
7323,7324,8269450,"Darkest Powers Trilogy (Darkest Powers, #1-3)",author_kelley_armstrong,decade_2000s
7324,7325,261604,"Rhapsody: Child of Blood (Symphony of Ages, #1)",author_elizabeth_haydon,decade_1990s
7325,7326,91201,Doctors,author_erich_segal,decade_1980s
7326,7327,142395,Samarkand,author_amin_maalouf author_russell_harris,decade_1980s
7327,7328,7685763,"Indulgence in Death (In Death, #31)",author_jd_robb,decade_2010s
7328,7329,15852479,We Need New Names,author_noviolet_bulawayo,decade_2010s
7330,7331,5093760,Pretty in Plaid,author_jen_lancaster,decade_2000s
7331,7332,180930,Wicca: A Guide for the Solitary Practitioner,author_scott_cunningham,decade_1980s
7332,7333,179142,All My Sons,author_arthur_miller author_christopher_bigsby,decade_1940s
7333,7334,7863274,Graffiti Moon,author_cath_crowley,decade_2010s
7334,7335,845403,Mufaro's Beautiful Daughters: An African Tale,author_john_steptoe,decade_1980s
7335,7336,61904,"Paladin of Souls (World of the Five Gods, #2)",author_lois_mcmaster_bujold,decade_2000s
7337,7338,4986,"God Bless You, Dr. Kevorkian",author_kurt_vonnegut_jr,decade_1990s
7338,7339,3090282,A Homemade Life: Stories and Recipes from My Kitchen Table,author_molly_wizenberg,decade_2000s
7339,7340,138069,The Three Pigs,author_david_wiesner,decade_2000s
7340,7341,26123,Learned Optimism: How to Change Your Mind and Your Life,author_martin_ep_seligman,decade_1990s
7341,7342,7827221,"Desires of the Dead (The Body Finder, #2)",author_kimberly_derting,decade_2010s
7343,7344,155106,Amelia Bedelia and the Surprise Shower,author_peggy_parish author_barbara_siebel_thomas,decade_1960s
7344,7345,12125,"Homecoming (Tillerman Cycle, #1)",author_cynthia_voigt,decade_1980s
7345,7346,112751,"Spell of the Highlander (Highlander, #7)",author_karen_marie_moning,decade_2000s
7346,7347,28482,"The Hand of Chaos (The Death Gate Cycle, #5)",author_margaret_weis author_tracy_hickman,decade_1990s
7347,7348,382680,One False Move (Myron Bolitar #5),author_harlan_coben,decade_1990s
7348,7349,62012,The Guns of Avalon (The Chronicles of Amber #2),author_roger_zelazny,decade_1970s
7349,7350,163465,The Great Gilly Hopkins,author_katherine_paterson,decade_1970s
7350,7351,32807,"Trojan Odyssey (Dirk Pitt, #17)",author_clive_cussler,decade_2000s
7351,7352,138872,Follow the River,author_james_alexander_thom,decade_1980s
7352,7353,91571,Measure for Measure,author_william_shakespeare author_barbara_a_mowat author_paul_werstine,decade_1600s
7353,7354,228221,The Mask,author_owen__west author_dean_koontz,decade_1980s
7354,7355,13514612,All Our Yesterdays,author_cristin_terrill,decade_2010s
7355,7356,16218778,Coming Clean,author_kimberly_rae_miller,decade_2010s
7356,7357,5368,Forever Amber ,author_kathleen_winsor,decade_1940s
7357,7358,8619814,"The Emerald Atlas (The Books of Beginning, #1)",author_john__stephens,decade_2010s
7358,7359,28390369,Swing Time,author_zadie_smith,decade_2010s
7360,7361,1819632,"Chibi Vampire, Vol. 01",author_yuna_kagesaki,decade_2000s
7361,7362,18667779,Everything Leads to You,author_nina_lacour,decade_2010s
7362,7363,363851,Jeremy Fink and the Meaning of Life,author_wendy_mass,decade_2000s
7363,7364,216048,"Thank You, Mr. Falker",author_patricia_polacco,decade_1990s
7364,7365,20821159,The Peripheral,author_william_gibson,decade_2010s
7365,7366,6464937,Too Much Happiness,author_alice_munro,decade_2000s
7366,7367,13614836,"Tempting the Best Man (Gamble Brothers, #1)",author_j_lynn author_jennifer_l_armentrout,decade_2010s
7367,7368,17158513,"Captive Prince: Volume Two (Captive Prince, #2)",author_cs_pacat,decade_2010s
7369,7370,267243,Ironweed,author_william__kennedy,decade_1980s
7370,7371,6621101,"Deception (Alex Delaware, #25)",author_jonathan_kellerman,decade_2000s
7371,7372,40580,Stupid White Men,author_michael_moore,decade_2000s
7372,7373,23766634,"A Court of Wings and Ruin (A Court of Thorns and Roses, #3)",author_sarah_j_maas,decade_2010s
7373,7374,4893390,"The Faceless Ones (Skulduggery Pleasant, #3)",author_derek_landy,decade_2000s
7374,7375,63689,The Great Railway Bazaar,author_paul_theroux,decade_1960s
7375,7376,13117308,"Black List (Scot Harvath, #11)",author_brad_thor,decade_2010s
7376,7377,22417,"Transmetropolitan, Vol. 2: Lust for Life (Transmetropolitan, #2)",author_warren_ellis author_darick_robertson,decade_1990s
7377,7378,101869,"The Atrocity Archives (Laundry Files, #1)",author_charles_stross,decade_2000s
7378,7379,10867,The Pleasure of My Company,author_steve_martin,decade_2000s
7379,7380,138683,"Dark Fire (Matthew Shardlake, #2)",author_cj_sansom,decade_2000s
7380,7381,17831619,"Beautiful Beginning (Beautiful Bastard, #3.5)",author_christina_lauren,decade_2010s
7382,7383,7998,"Outcast of Redwall (Redwall, #8)",author_brian_jacques,decade_1990s
7383,7384,543873,Mister Pip,author_lloyd_jones,decade_2000s
7386,7387,675614,"Book of Shadows (Sweep, #1)",author_cate_tiernan,decade_2000s
7388,7389,22609080,"After We Fell (After, #3)",author_anna_todd,decade_2010s
7389,7390,6589074,Elizabeth Street,author_laurie_fabiano,decade_2000s
7390,7391,13415554,"The Assassin and the Pirate Lord (Throne of Glass, #0.1)",author_sarah_j_maas,decade_2010s
7391,7392,24965,Fear and Trembling,author_sren_kierkegaard author_alastair_hannay,decade_1840s
7392,7393,30334,"Hawksong (The Kiesha'ra, #1)",author_amelia_atwaterrhodes,decade_2000s
7395,7396,790171,Kon-Tiki: Across The Pacific In A Raft,author_thor_heyerdahl,decade_1940s
7396,7397,15815364,How to Get Filthy Rich in Rising Asia,author_mohsin_hamid,decade_2010s
7397,7398,15852,Relativity: The Special and the General Theory,author_albert_einstein author_nigel_calder author_robert_w_lawson,decade_1910s
7399,7400,10866233,The List,author_siobhan_vivian,decade_2010s
7400,7401,19534,The Brothers K,author_david_james_duncan,decade_1990s
7402,7403,13167796,"A Dog's Journey (A Dog's Purpose, #2)",author_w_bruce_cameron,decade_2010s
7403,7404,11389341,The Meaning of Marriage: Facing the Complexities of Commitment with the Wisdom of God,author_timothy_j_keller author_kathy__keller,decade_2010s
7404,7405,6672183,Batman & Robin: Batman Reborn,author_grant_morrison author_frank_quitely author_philip_tan author_jonathan_glapion author_alex_sinclair,decade_2010s
7405,7406,1157452,"MeruPuri, Vol. 1 (MeruPuri, #1)",author_matsuri_hino,decade_2000s
7406,7407,11031,The Flanders Panel,author_arturo_prezreverte author_margaret_jull_costa,decade_1990s
7408,7409,4662,The Short Stories,author_f_scott_fitzgerald author_matthew_j_bruccoli,decade_1920s
7409,7410,397466,"Dark Angel (Casteel, #2)",author_vc_andrews,decade_1980s
7410,7411,77787,"Specter of the Past (Star Wars: The Hand of Thrawn, #1)",author_timothy_zahn,decade_1990s
7412,7413,22471294,Black Lies,author_alessandra_torre,decade_2010s
7413,7414,351648,What the Dead Know,author_laura_lippman,decade_2000s
7414,7415,17798233,"Rome (Marked Men, #3)",author_jay_crownover author_charlotte_connan_de_vries,decade_2010s
7415,7416,76527,"The Life and Opinions of Tristram Shandy, Gentleman",author_laurence_sterne author_melvyn_new,decade_1760s
7416,7417,765148,Giraffes Can't Dance,author_giles_andreae author_guy_parkerrees,decade_2010s
7417,7418,98048,The Passion of Artemisia,author_susan_vreeland,decade_2000s
7418,7419,270435,Heal Your Body: The Mental Causes for Physical Illness and the Metaphysical Way to Overcome Them,author_louise_l_hay,decade_1970s
7419,7420,284698,"Tokyo Mew Mew, Vol. 1 (Tokyo Mew Mew, #1)",author_mia_ikumi author_reiko_yoshida,decade_2000s
7420,7421,11595276,The Miseducation of Cameron Post,author_emily_m_danforth,decade_2010s
7421,7422,1967070,Coraline (Illustrated/Graphic Novel Edition),author_neil_gaiman author_p_craig_russell,decade_2000s
7422,7423,2173611,"House of Many Ways (Howl's Moving Castle, #3)",author_diana_wynne_jones,decade_2000s
7423,7424,23602561,The Cartel,author_don_winslow,decade_2010s
7424,7425,25937671,A Mother's Reckoning: Living in the Aftermath of Tragedy,author_sue_klebold,decade_2010s
7425,7426,13062,"Skin Tight (Mick Stranahan, #1)",author_carl_hiaasen,decade_1980s
7426,7427,3750,"Moonraker (James Bond, #3)",author_ian_fleming,decade_1950s
7427,7428,364550,Two Treatises of Government,author_john_locke author_peter_laslett author_raymond_geuss,decade_1680s
7428,7429,16900,Civil Disobedience and Other Essays,author_henry_david_thoreau,decade_1990s
7429,7430,17533,"Rose in Bloom (Eight Cousins, #2)",author_louisa_may_alcott,decade_1870s
7430,7431,18718848,Mosquitoland,author_david__arnold,decade_2010s
7431,7432,25228579,The Perfect Son,author_barbara_claypole_white,decade_2010s
7432,7433,82436,Looking for Alibrandi,author_melina_marchetta,decade_1990s
7433,7434,17257993,"Raid (Unfinished Hero, #3)",author_kristen_ashley,decade_2010s
7434,7435,15813668,"Fifth Grave Past the Light (Charley Davidson, #5)",author_darynda_jones,decade_2010s
7435,7436,416580,"The Seventh Scroll (Ancient Egypt, #2)",author_wilbur_smith,decade_1990s
7436,7437,12813860,A Midsummer's Nightmare,author_kody_keplinger,decade_2010s
7437,7438,17571466,The Troop,author_nick_cutter,decade_2010s
7438,7439,820480,"Revelation (Matthew Shardlake, #4)",author_cj_sansom,decade_2000s
7439,7440,11339,100 Love Sonnets,author_pablo_neruda author_stephen_tapscott,decade_1950s
7441,7442,110393,"It's in His Kiss (Bridgertons, #7)",author_julia_quinn,decade_2000s
7442,7443,31538614,"Short Stories from Hogwarts of Power, Politics and Pesky Poltergeists (Pottermore Presents, #2)",author_jk_rowling author_minalima,decade_2010s
7443,7444,9454,Phenomenology of Spirit,author_georg_wilhelm_friedrich_hegel author_av_miller author_john_niemeyer_findlay,decade_1800s
7444,7445,17257990,"Fire Inside (Chaos, #2)",author_kristen_ashley,decade_2010s
7445,7446,479561,"The Neutronium Alchemist (Night's Dawn, #2)",author_peter_f_hamilton,decade_1990s
7446,7447,9995135,The Darkest Seduction (Lords of the Underworld #9),author_gena_showalter,decade_2010s
7447,7448,30226723,"King's Cage (Red Queen, #3)",author_victoria_aveyard,decade_2010s
7448,7449,6345193,Invisible,author_paul_auster,decade_2000s
7450,7451,9266810,Ten Things We Did (and Probably Shouldn't Have),author_sarah_mlynowski,decade_2010s
7451,7452,13042154,"Rebel Heart (Dust Lands, #2)",author_moira_young,decade_2010s
7454,7455,25817493,News of the World,author_paulette_jiles,decade_2010s
7455,7456,40710,"Blowback (Scot Harvath, #4)",author_brad_thor,decade_2000s
7456,7457,9864913,Jaya: An Illustrated Retelling of the Mahabharata,author_devdutt_pattanaik,decade_2010s
7457,7458,51114,Women of the Silk,author_gail_tsukiyama,decade_1990s
7458,7459,54492,The Prisoner of Zenda,author_anthony_hope,decade_1890s
7459,7460,8349348,"Flutter (My Blood Approves, #3)",author_amanda_hocking,decade_2010s
7460,7461,18089551,"Tall, Tatted and Tempting (The Reed Brothers, #1)",author_tammy_falkner,decade_2010s
7461,7462,456,Leviathan,author_paul_auster,decade_1990s
7462,7463,15157,Saving Faith,author_david_baldacci,decade_1990s
7463,7464,171471,"The Spine of the World (Forgotten Realms: Paths of Darkness, #2; Legend of Drizzt, #12)",author_ra_salvatore,decade_1990s
7464,7465,308540,"The Haunted Mask (Goosebumps, #11)",author_rl_stine,decade_1990s
7465,7466,136641,Tyrannosaur Canyon (Wyman Ford #1),author_douglas_preston,decade_2000s
7466,7467,28016509,The Girl Before,author_jp_delaney,decade_2010s
7467,7468,15673,Wayside School Gets A Little Stranger (Wayside School #3),author_louis_sachar,decade_1990s
7468,7469,11279,Summer of Night,author_dan_simmons,decade_1990s
7469,7470,4961959,"The Dresden Files:  Storm Front, Volume 1-  The Gathering Storm",author_jim_butcher author_mark_powers author_ardian_syaf,decade_2000s
7470,7471,13064,Tourist Season,author_carl_hiaasen,decade_1980s
7472,7473,366346,"204 Rosewood Lane (Cedar Cove, #2)",author_debbie_macomber,decade_2000s
7473,7474,16071767,"Unseen (Will Trent, #7)",author_karin_slaughter,decade_2010s
7475,7476,175324,Double Star,author_robert_a_heinlein,decade_1950s
7476,7477,390305,"A Perfect Evil (Maggie O'Dell, #1)",author_alex_kava,decade_2000s
7477,7478,15737147,Help Thanks Wow: The Three Essential Prayers,author_anne_lamott,decade_2010s
7479,7480,11107244,The Better Angels of Our Nature: Why Violence Has Declined,author_steven_pinker,decade_2010s
7480,7481,821003,"When We Were Very Young (Winnie-the-Pooh, #3)",author_aa_milne author_ernest_h_shepard,decade_1920s
7481,7482,22367526,My Sunshine Away,author_mo_walsh,decade_2010s
7485,7486,7907782,Great House,author_nicole_krauss,decade_2010s
7486,7487,28374062,"The Kept Woman (Will Trent, #8)",author_karin_slaughter,decade_2010s
7487,7488,11808919,"Maid for Love (Gansett Island Series, #1)",author_marie_force,decade_2010s
7488,7489,95619,And the Shofar Blew,author_francine_rivers,decade_2000s
7489,7490,31357,"Prentice Alvin (Tales of Alvin Maker, #3)",author_orson_scott_card,decade_1980s
7490,7491,97875,"44 Scotland Street (44 Scotland Street, #1)",author_alexander_mccall_smith,decade_2000s
7491,7492,268275,Chill Factor,author_sandra_brown,decade_2000s
7492,7493,2108198,Odd and the Frost Giants,author_neil_gaiman author_mark_buckingham,decade_2000s
7493,7494,17726978,The Magpies,author_mark__edwards,decade_2010s
7494,7495,669780,Season of Migration to the North,author_tayeb_salih author_denys_johnsondavies,decade_1960s
7495,7496,24100,The Golden Notebook,author_doris_lessing,decade_1960s
7497,7498,29923,"The Last Full Measure (The Civil War Trilogy, #3)",author_jeff_shaara,decade_1990s
7500,7501,17768,"Post Captain (Aubrey/Maturin, #2)",author_patrick_obrian,decade_1970s
7501,7502,2208744,"Dragon Flight (Dragon Slippers, #2)",author_jessica_day_george,decade_2000s
7502,7503,730501,"What Katy Did (Carr Family, #1)",author_susan_coolidge,decade_1870s
7503,7504,766917,Homer Price (A Puffin Book),author_robert_mccloskey,decade_1940s
7504,7505,153782,"Shatterglass (The Circle Opens, #4)",author_tamora_pierce,decade_2000s
7505,7506,18878,"The Belgariad, Vol. 1: Pawn of Prophecy / Queen of Sorcery / Magician's Gambit (The Belgariad, #1-3)",author_david_eddings,decade_1980s
7506,7507,359194,The Lucifer Effect: Understanding How Good People Turn Evil,author_philip_g_zimbardo,decade_2000s
7507,7508,6606456,The Scent of Rain and Lightning,author_nancy_pickard,decade_2010s
7508,7509,361081,"Pacific Vortex! (Dirk Pitt, #1)",author_clive_cussler author_michael_pritchard,decade_1980s
7509,7510,17835766,"One More Chance (Rosemary Beach, #8; Chance, #2)",author_abbi_glines,decade_2010s
7510,7511,23197269,Aurora,author_kim_stanley_robinson,decade_2010s
7511,7512,238137,"Purity in Death (In Death, #15)",author_jd_robb,decade_2000s
7512,7513,116343,"The Hollow Hills (Arthurian Saga, #2)",author_mary__stewart,decade_1970s
7513,7514,303454,"Among the Brave (Shadow Children, #5)",author_margaret_peterson_haddix,decade_2000s
7514,7515,43081,"Marching Powder: A True Story of Friendship, Cocaine, and South America's Strangest Jail",author_rusty_young author_thomas_mcfadden,decade_2000s
7515,7516,1025039,"Mars, Volume 01",author_fuyumi_soryo,decade_1990s
7516,7517,5553,Six Easy Pieces: Essentials of Physics By Its Most Brilliant Teacher,author_richard_feynman,decade_1960s
7520,7521,194479,Crisis on Infinite Earths,author_marv_wolfman author_george_prez,decade_1980s
7521,7522,24807,The Areas of My Expertise: An Almanac of Complete World Knowledge Compiled with Instructive Annotation and Arranged in Useful Order,author_john_hodgman,decade_2000s
7522,7523,31538647,"Hogwarts: An Incomplete and Unreliable Guide (Pottermore Presents, #3)",author_jk_rowling,decade_2010s
7523,7524,19314,"Ronia, the Robber's Daughter",author_astrid_lindgren author_patricia_crampton author_trina_schart_hyman,decade_1980s
7524,7525,7189177,"Spider Bones (Temperance Brennan, #13)",author_kathy_reichs,decade_2010s
7525,7526,235127,No Talking,author_andrew_clements,decade_2000s
7526,7527,23602504,"Blood on Snow (Blood on Snow, #1)",author_jo_nesb author_neil_smith,decade_2010s
7527,7528,13282015,"Wait for Me (Against All Odds, #1)",author_elisabeth_naughton,decade_2010s
7528,7529,12031532,The Garden of Evening Mists,author_tan_twan_eng,decade_2010s
7529,7530,16066586,"The Cellar (The Cellar, #1)",author_natasha_preston,decade_2010s
7530,7531,696177,"The Gentlemen's Alliance †, Vol. 1",author_arina_tanemura,decade_2000s
7531,7532,18775203,"Rusty Nailed (Cocktail, #2)",author_alice_clayton,decade_2010s
7532,7533,94813,"Dark Guardian (Dark, #9)",author_christine_feehan,decade_2000s
7533,7534,8492,Prophet,author_frank_e_peretti,decade_1990s
7534,7535,18602341,"The Wicked Will Rise (Dorothy Must Die, #2)",author_danielle__paige,decade_2010s
7535,7536,313263,"Dark Fire (Dark, #6)",author_christine_feehan,decade_2000s
7536,7537,20613761,Citizen: An American Lyric,author_claudia_rankine,decade_2010s
7537,7538,16387,"Carry on, Jeeves (Jeeves, #3)",author_pg_wodehouse,decade_1920s
7538,7539,1809175,"The Magic Thief (Magic Thief, #1)",author_sarah_prineas author_antonio_javier_caparo,decade_2000s
7540,7541,56353,"I, Elizabeth",author_rosalind_miles,decade_1990s
7541,7542,22009741,The Woman Who Stole My Life,author_marian_keyes,decade_2010s
7542,7543,80834,Pyongyang: A Journey in North Korea,author_guy_delisle,decade_2000s
7543,7544,5055,Night Over Water,author_ken_follett,decade_1990s
7544,7545,18775284,I Am Having So Much Fun Here Without You,author_courtney_maum,decade_2010s
7545,7546,22192,"All I Want is Everything (Gossip Girl, #3)",author_cecily_von_ziegesar,decade_2000s
7549,7550,25855506,"Adulthood Is a Myth (Sarah's Scribbles, #1)",author_sarah_andersen,decade_2010s
7550,7551,301538,"The Darkness That Comes Before (The Prince of Nothing, #1)",author_r_scott_bakker,decade_2000s
7551,7552,7841677,"The Dirty Life: On Farming, Food, and Love",author_kristin_kimball,decade_2010s
7552,7553,9917998,"Dust & Decay (Rot & Ruin, #2)",author_jonathan_maberry,decade_2010s
7553,7554,13574417,"Alienated (Alienated, #1)",author_melissa_landers,decade_2010s
7554,7555,18806240,Bone Gap,author_laura_ruby,decade_2010s
7555,7556,52471,"Big Cherry Holler (Big Stone Gap, #2)",author_adriana_trigiani,decade_2000s
7556,7557,13069213,"Yes, Chef",author_marcus_samuelsson,decade_2010s
7557,7558,90475,Teen Idol,author_meg_cabot,decade_2000s
7558,7559,5587960,The Thing Around Your Neck,author_chimamanda_ngozi_adichie,decade_2000s
7559,7560,27883214,Caraval,author_stephanie_garber,decade_2010s
7560,7561,2179832,Bright Shiny Morning,author_james_frey,decade_2000s
7561,7562,2267195,The Story of an Hour,author_kate_chopin,decade_1890s
7562,7563,85391,Rabbit Is Rich (Rabbit Angstrom #3),author_john_updike,decade_1980s
7563,7564,12752313,"Lots of Candles, Plenty of Cake",author_anna_quindlen,decade_2010s
7564,7565,7531478,Scars,author_cheryl_rainfield,decade_2010s
7565,7566,5941079,The Fixer Upper,author_mary_kay_andrews,decade_2000s
7568,7569,541920,"An Army at Dawn: The War in North Africa, 1942-1943 (World War II Liberation Trilogy, #1)",author_rick_atkinson,decade_2000s
7570,7571,30343,Ricochet,author_sandra_brown,decade_2000s
7571,7572,199530,Can't Wait to Get to Heaven,author_fannie_flagg,decade_2000s
7572,7573,8706185,Among Others,author_jo_walton,decade_2010s
7573,7574,238127,"Seduction in Death (In Death, #13)",author_jd_robb,decade_2000s
7574,7575,56616,Double Indemnity,author_james_m_cain,decade_1930s
7575,7576,490403,"Upon the Midnight Clear (Dark-Hunter #12, Dream-Hunter #2)",author_sherrilyn_kenyon,decade_2000s
7577,7578,239107,"Sea of Swords (Forgotten Realms: Paths of Darkness, #4; Legend of Drizzt, #13)",author_ra_salvatore,decade_2000s
7579,7580,9366879,"Bone: Quest for the Spark, Vol. 1",author_tom_sniegoski author_jeff_smith author_thomas_e_sniegoski author_steve_hamaker,decade_2000s
7581,7582,16248139,The Last Original Wife,author_dorothea_benton_frank,decade_2010s
7582,7583,7200351,"No Mercy (Dark-Hunter #18, Were-Hunter, #5)",author_sherrilyn_kenyon,decade_2010s
7583,7584,23363928,The Library at Mount Char,author_scott__hawkins,decade_2010s
7584,7585,551536,"Fire Star (The Last Dragon Chronicles, #3)",author_chris_dlacey,decade_2000s
7587,7588,6871737,Turtle in Paradise,author_jennifer_l_holm,decade_2010s
7588,7589,68483,"The Vor Game (Vorkosigan Saga, #6)",author_lois_mcmaster_bujold,decade_1990s
7590,7591,20706269,Broken Monsters,author_lauren_beukes,decade_2010s
7591,7592,11623,The Unabridged Journals of Sylvia Plath,author_sylvia_plath author_karen_v_kukil,decade_1980s
7592,7593,5986375,"This Is Water: Some Thoughts, Delivered on a Significant Occasion, about Living a Compassionate Life",author_david_foster_wallace,decade_2000s
7595,7596,11919,"Haunted (Women of the Otherworld, #5)",author_kelley_armstrong,decade_2000s
7596,7597,269386,The Sweet Potato Queens' Book of Love,author_jill_conner_browne,decade_1990s
7597,7598,2964700,"Mastiff (Beka Cooper, #3)",author_tamora_pierce,decade_2010s
7599,7600,6098691,"Divine Misdemeanors (Merry Gentry, #8)",author_laurell_k_hamilton,decade_2000s
7600,7601,2983654,"Sweetheart (Archie Sheridan & Gretchen Lowell, #2)",author_chelsea_cain,decade_2000s
7602,7603,22321,"All Tomorrow's Parties (Bridge, #3)",author_william_gibson,decade_1990s
7603,7604,7562764,"The Quantum Thief (Jean le Flambeur, #1)",author_hannu_rajaniemi,decade_2010s
7604,7605,9925913,"Shock Wave (Virgil Flowers, #5)",author_john_sandford,decade_2010s
7605,7606,12075,Tractatus Logico-Philosophicus,author_ludwig_wittgenstein,decade_1920s
7606,7607,215492,"Lord Edgware Dies (Hercule Poirot, #9)",author_agatha_christie,decade_1930s
7607,7608,107021,"Batman: Hush, Vol. 2",author_jeph_loeb author_jim_lee author_scott_williams,decade_2000s
7608,7609,5600151,Dog on It (A Chet and Bernie Mystery #1),author_spencer_quinn,decade_2000s
7609,7610,13167062,Spring Fever,author_mary_kay_andrews,decade_2010s
7610,7611,28351,And to Think That I Saw it on Mulberry Street,author_dr_seuss,decade_1930s
7611,7612,17334495,"The Bully Pulpit: Theodore Roosevelt, William Howard Taft, and the Golden Age of Journalism",author_doris_kearns_goodwin,decade_2010s
7612,7613,15801381,"Chasing the Prophecy (Beyonders, #3)",author_brandon_mull,decade_2010s
7616,7617,10324808,"Dragon's Oath (House of Night Novellas, #1)",author_pc_cast author_kristin_cast,decade_2010s
7617,7618,7823038,"Grave Witch (Alex Craft, #1)",author_kalayna_price,decade_2010s
7618,7619,16300,"Sleeping Murder (Miss Marple, #13)",author_agatha_christie,decade_1970s
7619,7620,212525,Ethan Frome and Other Short Fiction,author_edith_wharton author_mary_gordon,decade_1910s
7620,7621,13419891,"The Assassin and the Desert (Throne of Glass, #0.3)",author_sarah_j_maas,decade_2010s
7621,7622,132626,On the Genealogy of Morals/Ecce Homo,author_friedrich_nietzsche author_walter_kaufmann author_rj_hollingdale,decade_1880s
7622,7623,121410,Adrift: Seventy-Six Days Lost at Sea,author_steven_callahan,decade_1980s
7623,7624,129620,"Once and Always (Sequels, #1)",author_judith_mcnaught,decade_1980s
7624,7625,13148921,"Bloodline (Sigma Force, #8)",author_james_rollins,decade_2010s
7626,7627,11734251,"Death of Kings (The Saxon Stories, #6)",author_bernard_cornwell,decade_2010s
7627,7628,9151181,Onward: How Starbucks Fought for Its Life without Losing Its Soul,author_howard_schultz author_joanne_gordon,decade_2000s
7628,7629,978098,Auschwitz,author_laurence_rees,decade_2000s
7629,7630,9013,The Long Walk: The True Story of a Trek to Freedom,author_slavomir_rawicz,decade_1950s
7630,7631,682153,Three Fates,author_nora_roberts,decade_2000s
7631,7632,20983362,"Passenger (Passenger, #1)",author_alexandra_bracken,decade_2010s
7632,7633,102857,"Born in Death (In Death, #23)",author_jd_robb author_susan_ericksen,decade_2000s
7633,7634,18666006,"Close Your Eyes, Hold Hands",author_chris_bohjalian,decade_2010s
7634,7635,834378,"A Pocket Full of Rye (Miss Marple, #7)",author_agatha_christie,decade_1950s
7635,7636,7011879,Of Course I Love You...! Till I Find Someone Better...,author_durjoy_datta author_maanvi_ahuja,decade_2000s
7637,7638,12009,The Algebraist,author_iain_m_banks,decade_2000s
7639,7640,22642472,Stone Mattress: Nine Tales,author_margaret_atwood,decade_2010s
7641,7642,16000044,"Rebel Spring (Falling Kingdoms, #2)",author_morgan_rhodes author_michelle_rowen,decade_2010s
7642,7643,18170134,"NYPD Red 2 (NYPD Red, #2)",author_james_patterson author_marshall_karp,decade_2010s
7643,7644,12661,Chesapeake,author_james_a_michener,decade_1970s
7644,7645,2430,The List,author_steve_martini,decade_1990s
7646,7647,37100,"Devil in a Blue Dress (Easy Rawlins, #1)",author_walter_mosley,decade_1990s
7649,7650,588747,Lady Audley's Secret,author_mary_elizabeth_braddon,decade_1860s
7650,7651,2528,All the Names,author_jos_saramago author_margaret_jull_costa,decade_1990s
7651,7652,60057,"Lucia, Lucia",author_adriana_trigiani,decade_2000s
7652,7653,7514925,Tiger Lily,author_jodi_lynn_anderson,decade_2010s
7653,7654,11430,"Return (Redemption, #3)",author_karen_kingsbury author_gary_smalley,decade_2000s
7654,7655,114982,"The Ruby in the Smoke (Sally Lockhart, #1)",author_philip_pullman,decade_1980s
7655,7656,319300,Georgiana: Duchess of Devonshire,author_amanda_foreman,decade_1990s
7656,7657,11983940,"Scarlet (Scarlet, #1)",author_ac_gaughen,decade_2010s
7657,7658,12551077,Stealing Parker,author_miranda_kenneally,decade_2010s
7659,7660,21330,"Fables, Vol. 5: The Mean Seasons",author_bill_willingham author_mark_buckingham author_steve_leialoha author_tony_akins author_jimmy_palmiotti,decade_2000s
7661,7662,57913,The Illuminatus! Trilogy,author_robert_shea author_robert_anton_wilson,decade_1970s
7662,7663,6420846,"Lockdown (Escape from Furnace, #1)",author_alexander_gordon_smith,decade_2000s
7663,7664,16696,The Final Solution,author_michael_chabon author_jay_ryan,decade_2000s
7664,7665,7010683,Beachcombers,author_nancy_thayer,decade_2010s
7665,7666,7870457,"Chew, Vol. 2: International Flavor",author_john_layman author_rob_guillory,decade_2010s
7666,7667,452244,Lost Souls,author_poppy_z_brite,decade_1990s
7668,7669,514210,The Way of Zen,author_alan_w_watts,decade_1950s
7669,7670,13642710,"Nexus (Nexus, #1)",author_ramez_naam,decade_2010s
7671,7672,18080923,"The Traitor (Divergent, #0.4)",author_veronica_roth,decade_2010s
7672,7673,21412360,Nora Webster,author_colm_tibn,decade_2010s
7673,7674,11532160,"Requiem (Providence, #2)",author_jamie_mcguire,decade_2010s
7674,7675,7840156,"The Emperor's Tomb (Cotton Malone, #6)",author_steve_berry,decade_2010s
7675,7676,18079661,"Fear Nothing (Detective D.D. Warren, #7)",author_lisa_gardner,decade_2010s
7676,7677,184644,Baking: From My Home to Yours,author_dorie_greenspan author_alan____richardson,decade_1980s
7677,7678,7290826,Promises to Keep,author_jane_green,decade_2010s
7678,7679,10813480,"For You (The 'Burg, #1)",author_kristen_ashley,decade_2010s
7679,7680,439363,"Love★Com, Vol. 1",author_aya_nakahara author_pookie_rolf,decade_2000s
7680,7681,148584,"Elephants Can Remember (Hercule Poirot, #37)",author_agatha_christie,decade_1970s
7681,7682,17948485,"Friend-Zoned (Friend-Zoned, #1)",author_belle_aurora,decade_2010s
7682,7683,98,What to Expect the First Year (What to Expect),author_heidi_murkoff author_sharon_mazel author_heidi_murkoff author_arlene_eisenberg author_sandee_hathaway author_mark_d_widome,decade_1980s
7683,7684,59836,The Gift,author_danielle_steel,decade_1980s
7684,7685,11699349,The Lions of Little Rock,author_kristin_levine,decade_2010s
7685,7686,169487,Self Matters: Creating Your Life from the Inside Out,author_phillip_c_mcgraw,decade_2000s
7686,7687,8951449,"Hollowland (The Hollows, #1)",author_amanda_hocking,decade_2010s
7687,7688,7942008,"Hetalia: Axis Powers, Vol. 1 (Hetalia: Axis Powers, #1)",author_hidekaz_himaruya,decade_2000s
7690,7691,11324166,"Timeless (Parasol Protectorate, #5)",author_gail_carriger,decade_2010s
7692,7693,23158207,How Google Works,author_eric_schmidt author_jonathan_rosenberg,decade_2010s
7693,7694,20559676,"Killing Sarai (In the Company of Killers, #1)",author_ja_redmerski,decade_2010s
7694,7695,10893138,The Time of My Life,author_cecelia_ahern,decade_2010s
7695,7696,821000,"Now We Are Six (Winnie-the-Pooh, #4)",author_aa_milne author_ernest_h_shepard,decade_1920s
7696,7697,3665811,"The Captive Part II / The Power (The Secret Circle, #2-3)",author_lj_smith,decade_2000s
7697,7698,16045078,Ladies' Night,author_mary_kay_andrews,decade_2010s
7698,7699,14759321,Family Pictures ,author_jane_green,decade_2010s
7699,7700,7384801,"Taken by Midnight (Midnight Breed, #8)",author_lara_adrian,decade_2010s
7701,7702,23252517,"The Law of Moses (The Law of Moses, #1)",author_amy_harmon,decade_2010s
7702,7703,29975458,Good as Gone,author_amy_gentry,decade_2010s
7703,7704,114188,Holding the Dream (Dream Trilogy #2),author_nora_roberts,decade_1990s
7704,7705,17191012,"Fallen Crest Family (Fallen Crest High, #2)",author_tijan,decade_2010s
7705,7706,99297,"Mr. Darcy's Diary (Jane Austen Heroes, #1)",author_amanda_grange,decade_2000s
7707,7708,10960383,A Grown-Up Kind of Pretty,author_joshilyn_jackson,decade_2010s
7708,7709,15733346,Is It Just Me?,author_miranda_hart,decade_2010s
7709,7710,89884,"Eventide (Plainsong, #2)",author_kent_haruf,decade_2000s
7710,7711,5199185,Fahrenheit 451: The Authorized Adaptation,author_tim_hamilton author_ray_bradbury,decade_2000s
7712,7713,6255949,All You Need Is Kill,author_hiroshi_sakurazaka author_ author_alexander_o_smith author_joseph_reeder,decade_2000s
7713,7714,24408,The Bronze Bow,author_elizabeth_george_speare,decade_1960s
7714,7715,23426,On Love,author_alain_de_botton,decade_1990s
7715,7716,27397,A Civil Action,author_jonathan_harr,decade_1990s
7719,7720,208146,Grandfather's Journey,author_allen_say,decade_1990s
7720,7721,38030,"Savannah Blues (Weezie and Bebe Mysteries, #1)",author_mary_kay_andrews,decade_2000s
7721,7722,294043,Excavation,author_james_rollins,decade_2000s
7722,7723,159418,Discourse on Method,author_ren_descartes author_donald_a_cress,decade_1630s
7723,7724,144789,"Scarecrow (Shane Schofield, #3)",author_matthew_reilly,decade_2000s
7724,7725,9064899,"Endlessly (Paranormalcy, #3)",author_kiersten_white,decade_2010s
7725,7726,27868677,The House by the Lake,author_ella_carey,decade_2010s
7726,7727,73184,"Living Buddha, Living Christ",author_thich_nhat_hanh,decade_1990s
7727,7728,1170158,The Earthsea Trilogy,author_ursula_k_le_guin,decade_1970s
7728,7729,17325147,"Left Drowning (Left Drowning, #1)",author_jessica_park,decade_2010s
7729,7730,7268995,A Sick Day for Amos McGee,author_philip_c_stead author_erin_e_stead,decade_2010s
7730,7731,18651980,Fourth of July Creek,author_smith_henderson,decade_2010s
7731,7732,276877,"Absolute Fear (New Orleans, #4)",author_lisa_jackson,decade_2000s
7732,7733,43992,True Evil,author_greg_iles,decade_2000s
7733,7734,59091,Tobacco Road (Brown Thrasher Books),author_erskine_caldwell author_lewis_nordan,decade_1930s
7734,7735,1747896,The Suspicions of Mr. Whicher: A Shocking Murder and the Undoing of a Great Victorian Detective,author_kate_summerscale,decade_2000s
7735,7736,425377,"Lord of Scoundrels (Scoundrels, #3)",author_loretta_chase,decade_1990s
7736,7737,60177,"Ozma of Oz (Oz, #3)",author_l_frank_baum,decade_1900s
7737,7738,2371,The Johnstown Flood,author_david_mccullough,decade_1960s
7738,7739,3268926,The Christmas Sweater,author_glenn_beck,decade_2000s
7739,7740,16074748,"Tales from a Not-So-Happy Heartbreaker (Dork Diaries, #6)",author_rachel_rene_russell,decade_2010s
7740,7741,294045,Deep Fathom,author_james_rollins,decade_2000s
7741,7742,3216451,The Gate House,author_nelson_demille,decade_2000s
7742,7743,19501672,"Stay with Me (Wait for You, #3)",author_j_lynn author_jennifer_l_armentrout,decade_2010s
7743,7744,15743075,Seven Years to Sin,author_sylvia_day,decade_2010s
7744,7745,13580928,"Perfect Scoundrels (Heist Society, #3)",author_ally_carter,decade_2010s
7745,7746,6562380,When the Game Was Ours,author_larry_bird author_earvin_johnson author_jackie_macmullan,decade_2000s
7746,7747,66676,"The Two Swords (Forgotten Realms: Hunter's Blades, #3; Legend of Drizzt, #16)",author_ra_salvatore,decade_2000s
7747,7748,31304,"Nemesis (Miss Marple, #12)",author_agatha_christie,decade_1970s
7749,7750,867387,"The Blessing Way (Leaphorn & Chee, #1)",author_tony_hillerman,decade_1970s
7750,7751,12029468,Another Piece of My Heart,author_jane_green,decade_2010s
7752,7753,1908511,The Pigeon Wants a Puppy!,author_mo_willems,decade_2000s
7753,7754,22551809,The Road to Character,author_david__brooks,decade_2010s
7754,7755,23884,The General in His Labyrinth,author_gabriel_garca_mrquez author_edith_grossman,decade_1980s
7756,7757,18599754,Say What You Will,author_cammie_mcgovern,decade_2010s
7757,7758,21489683,"Die Again (Rizzoli & Isles, #11)",author_tess_gerritsen,decade_2010s
7759,7760,17800786,"Damaged 2 (Damaged, #2)",author_hm_ward,decade_2010s
7760,7761,323289,The Witness,author_sandra_brown,decade_1990s
7763,7764,22892122,"Manwhore (Manwhore, #1)",author_katy_evans,decade_2010s
7765,7766,89184,Absolution Gap,author_alastair_reynolds,decade_2000s
7766,7767,17490,The Faraway Tree Stories (The Faraway Tree #1-3),author_enid_blyton,decade_1990s
7767,7768,171001,She Said Yes: The Unlikely Martyrdom of Cassie Bernall,author_misty_bernall,decade_1990s
7768,7769,30919,Scoop,author_evelyn_waugh,decade_1930s
7769,7770,85622,Tales of a Female Nomad: Living at Large in the World,author_rita_golden_gelman,decade_2000s
7770,7771,19631,Birds of America,author_lorrie_moore,decade_1990s
7771,7772,26252659,Big Rock,author_lauren_blakely,decade_2010s
7772,7773,23207027,"Three Dark Crowns (Three Dark Crowns, #1)",author_kendare_blake,decade_2010s
7773,7774,6422680,"Lunch in Paris: A Love Story, with Recipes",author_elizabeth_bard,decade_2010s
7774,7775,159177,"Love and War (North and South, #2)",author_john_jakes,decade_1980s
7775,7776,12846479,"Destined (Wings, #4)",author_aprilynne_pike,decade_2010s
7776,7777,9443405,The Pale King,author_david_foster_wallace author_michael_pietsch,decade_2010s
7777,7778,27297,The Analects,author_confucius author_dc_lau,decade_0s
7778,7779,50039,I'm with the Band: Confessions of a Groupie,author_pamela_des_barres author_dave_navarro,decade_1980s
7779,7780,5148720,"Succubus Heat (Georgina Kincaid, #4)",author_richelle_mead,decade_2000s
7780,7781,4714126,"The Walking Dead, Vol. 09: Here We Remain",author_robert_kirkman author_charlie_adlard author_cliff_rathburn,decade_2000s
7781,7782,20613920,Under Locke,author_mariana_zapata,decade_2010s
7782,7783,625094,The Leopard,author_giuseppe_tomasi_di_lampedusa author_archibald_colquhoun,decade_1950s
7783,7784,22469,Wolverine: Origin,author_paul_jenkins author_andy_kubert author_richard_isanove author_joe_quesada author_bill_jemas,decade_2000s
7784,7785,397456,"Dawn (Cutler, #1)",author_vc_andrews,decade_1990s
7785,7786,285212,"On the Prowl (Alpha & Omega, #0.5)",author_patricia_briggs author_eileen_wilks author_karen_chance author_sunny,decade_2000s
7786,7787,37303,Silent Prey (Lucas Davenport #4),author_john_sandford,decade_1990s
7787,7788,231989,"The Wayfarer Redemption (Wayfarer Redemption, #1)",author_sara_douglass,decade_1990s
7791,7792,7825557,"A Tale Dark & Grimm (A Tale Dark & Grimm, #1)",author_adam_gidwitz,decade_2010s
7792,7793,7165405,"The Ambassador's Mission (Traitor Spy Trilogy, #1)",author_trudi_canavan,decade_2010s
7793,7794,50695,Everyman,author_philip_roth,decade_2000s
7796,7797,395875,"Dark Reunion (The Vampire Diaries, #4)",author_lj_smith,decade_1990s
7797,7798,70912,The Dice Man,author_luke_rhinehart,decade_1970s
7798,7799,6867952,"Black Butler, Vol. 2 (Black Butler, #2)",author_yana_toboso author_tomo_kimura,decade_2000s
7799,7800,7519866,Imperial Bedrooms ,author_bret_easton_ellis,decade_2010s
7800,7801,22296542,"Addicted to You (Addicted, #1)",author_krista_ritchie author_becca_ritchie,decade_2010s
7801,7802,22021611,"Just One Night (Just One Day, #2.5)",author_gayle_forman,decade_2010s
7802,7803,22931009,Kindle User's Guide,author_amazon,decade_2000s
7806,7807,13616,"Death Note, Vol. 4: Love (Death Note, #4)",author_tsugumi_ohba author_takeshi_obata,decade_2000s
7807,7808,77661,"The Daughter of Time (Inspector Alan Grant, #5)",author_josephine_tey,decade_1950s
7808,7809,93799,"Prince of Fire (Gabriel Allon, #5)",author_daniel_silva,decade_2000s
7809,7810,26097,Slowness,author_milan_kundera author_linda_asher,decade_1990s
7810,7811,20883847,"The Autumn Republic (Powder Mage, #3)",author_brian__mcclellan,decade_2010s
7811,7812,11041,Delta of Venus,author_anas_nin,decade_1970s
7813,7814,102439,Rainbows End,author_vernor_vinge,decade_2000s
7814,7815,23122175,"The Friend Zone (Game On, #2)",author_kristen_callihan,decade_2010s
7815,7816,17163514,"The Rose and the Thorn (The Riyria Chronicles, #2)",author_michael_j_sullivan,decade_2010s
7816,7817,104159,Twilight Watch (Watch #3),author_sergei_lukyanenko author_andrew_bromfield,decade_2000s
7817,7818,4107256,"Frostbitten (Women of the Otherworld, #10)",author_kelley_armstrong,decade_2000s
7818,7819,24903031,"Blood Kiss (Black Dagger Legacy, #1)",author_jr_ward,decade_2010s
7820,7821,13507011,Low Pressure,author_sandra_brown author_stephen_lang,decade_2010s
7823,7824,13811,"Talon of the Silver Hawk (Conclave of Shadows, #1)",author_raymond_e_feist,decade_2000s
7824,7825,3124122,"The Charlemagne Pursuit (Cotton Malone, #4)",author_steve_berry,decade_2000s
7825,7826,12722,The Moon Is Down,author_john_steinbeck,decade_1940s
7826,7827,126151,Kaffir Boy: An Autobiography,author_mark_mathabane,decade_1980s
7827,7828,12482658,The Beginner's Goodbye,author_anne_tyler,decade_2010s
7829,7830,41704,"Shock Wave (Dirk Pitt, #13)",author_clive_cussler,decade_1990s
7831,7832,118389,The Love Song of J. Alfred Prufrock and Other Poems,author_ts_eliot,decade_1910s
7832,7833,17567,"A Girl of the Limberlost (Limberlost, #2)",author_gene_strattonporter,decade_1900s
7833,7834,20426917,"The Witch With No Name (The Hollows, #13)",author_kim_harrison,decade_2010s
7834,7835,18739485,"King (King, #1)",author_tm_frazier,decade_2010s
7835,7836,124272,The Wings of the Dove,author_henry_james author_amy_bloom author_pierre_a_walker,decade_1900s
7836,7837,7140220,Twilight and History,author_nancy_reagin,decade_2010s
7837,7838,122649,Lady Windermere's Fan,author_oscar_wilde,decade_1890s
7840,7841,825509,A Place Called Freedom,author_ken_follett,decade_1990s
7841,7842,47667,Seeing,author_jos_saramago author_margaret_jull_costa,decade_2000s
7842,7843,17182421,The Returned,author_jason_mott,decade_2010s
7843,7844,356824,India After Gandhi: The History of the World's Largest Democracy,author_ramachandra_guha,decade_2000s
7844,7845,18668059,The Obstacle Is the Way: The Timeless Art of Turning Trials into Triumph,author_ryan_holiday,decade_2010s
7845,7846,197457,"The Sight (Warriors: Power of Three, #1)",author_erin_hunter,decade_2000s
7846,7847,18870159,"Bad for You (Sea Breeze, #7)",author_abbi_glines,decade_2010s
7847,7848,347698,The Secret River,author_kate_grenville,decade_2000s
7848,7849,18422,Gifted Hands: The Ben Carson Story,author_ben_carson author_cecil_murphey,decade_1990s
7849,7850,363973,The Little Old Lady Who Was Not Afraid of Anything,author_linda_williams author_megan_lloyd,decade_1980s
7850,7851,6076768,"The Apostle (Scot Harvath, #8)",author_brad_thor,decade_2000s
7853,7854,2992061,"Born of Night (The League, #1)",author_sherrilyn_kenyon,decade_1990s
7854,7855,351559,"Murder Must Advertise  (Lord Peter Wimsey, #10)",author_dorothy_l_sayers,decade_1930s
7856,7857,22571699,Dead Heat (Alpha & Omega #4),author_patricia_briggs,decade_2010s
7857,7858,820273,Sheep in a Jeep,author_nancy_e_shaw author_margot_apple,decade_1980s
7859,7860,132688,The Way to Cook,author_julia_child,decade_1980s
7861,7862,276289,The Magic Mirror of M.C. Escher,author_bruno_ernst author_mc_escher author_john_e_brigham,decade_1970s
7862,7863,6801652,"Vampire Knight, Vol. 9",author_matsuri_hino author_tomo_kimura,decade_2000s
7863,7864,9549,Shadows of the Empire (Star Wars),author_steve_perry,decade_1990s
7864,7865,14744381,"The Walking Dead, Compendium 2",author_robert_kirkman author_charlie_adlard,decade_2010s
7865,7866,33449,The 22 Immutable Laws of Marketing: Violate Them at Your Own Risk,author_al_ries author_jack_trout,decade_1990s
7867,7868,452235,The Firm,author_john_grisham,decade_1990s
7868,7869,23419,The Consolations of Philosophy,author_alain_de_botton,decade_2000s
7869,7870,17167042,"Fighting for Flight (Fighting, #1)",author_jb_salsbury,decade_2010s
7870,7871,17412188,Second Life,author_sj_watson,decade_2010s
7874,7875,18505836,The Girl Who Came Home,author_hazel_gaynor,decade_2010s
7875,7876,16256798,The One Thing: The Surprisingly Simple Truth Behind Extraordinary Results,author_gary_keller author_jay_papasan,decade_2010s
7876,7877,20980373,"Reasonable Doubt: Volume 2 (Reasonable Doubt, #2)",author_whitney_g,decade_2010s
7877,7878,417524,Joseph Had a Little Overcoat,author_simms_taback,decade_1970s
7878,7879,511527,Double Act,author_jacqueline_wilson author_nick_sharratt author_sue_heap,decade_1990s
7879,7880,1301153,"Princess Mia (The Princess Diaries, #9)",author_meg_cabot,decade_2000s
7880,7881,290039,"Flyy Girl (Flyy Girl, #1)",author_omar_tyree,decade_1990s
7881,7882,10374638,The Little Coffee Shop of Kabul,author_deborah_rodriguez,decade_2010s
7882,7883,47697,The Sandman: King of Dreams,author_alisa_kwitney author_neil_gaiman,decade_2000s
7883,7884,7006562,Stephen King's N.,author_marc_guggenheim author_alex_maleev author_stephen_king,decade_2000s
7884,7885,28802599,The Light of the Fireflies,author_paul_pen author_simon_bruni,decade_2010s
7885,7886,28735,By the Sword (Valdemar),author_mercedes_lackey,decade_1990s
7887,7888,147844,"First Rider's Call (Green Rider, #2)",author_kristen_britain,decade_2000s
7888,7889,4102763,Paths of Glory,author_jeffrey_archer,decade_2000s
7889,7890,33732,Anyone But You,author_jennifer_crusie,decade_1990s
7890,7891,635083,Owen,author_kevin_henkes,decade_1990s
7891,7892,17167572,"The Long War (The Long Earth, #2)",author_terry_pratchett author_stephen_baxter,decade_2010s
7892,7893,14014,"Arrow's Fall (Heralds of Valdemar, #3)",author_mercedes_lackey,decade_1980s
7894,7895,24093,"Street Magic (The Circle Opens, #2)",author_tamora_pierce,decade_2000s
7895,7896,26722820,The Curious Charms of Arthur Pepper,author_phaedra_patrick,decade_2010s
7896,7897,8573642,"Incarnate (Newsoul, #1)",author_jodi_meadows,decade_2010s
7897,7898,6419887,The Boy Who Harnessed the Wind: Creating Currents of Electricity and Hope,author_william_kamkwamba author_bryan_mealer,decade_2000s
7898,7899,280240,Rumpelstiltskin,author_paul_o_zelinsky,decade_1980s
7899,7900,17910048,The Goblin Emperor,author_katherine_addison,decade_2010s
7900,7901,21437200,"Mr. Kiss and Tell (Veronica Mars, #2)",author_rob_thomas author_jennifer_graham,decade_2010s
7901,7902,15808816,A Higher Call: An Incredible True Story of Combat and Chivalry in the War-Torn Skies of World War II,author_adam_makos author_larry_alexander,decade_2010s
7902,7903,22020052,"It Ain't Me, Babe (Hades Hangmen, #1)",author_tillie_cole,decade_2010s
7903,7904,355,Job: A Comedy of Justice,author_robert_a_heinlein,decade_1980s
7904,7905,12081467,Chomp,author_carl_hiaasen,decade_2010s
7905,7906,166580,The Sandman: The Dream Hunters,author_neil_gaiman author_yoshitaka_amano,decade_1990s
7906,7907,11686,The Stories of John Cheever,author_john_cheever,decade_1970s
7907,7908,26061591,"Extreme Prey (Lucas Davenport, #26)",author_john_sandford,decade_2010s
7908,7909,450573,The Odd Couple,author_neil_simon,decade_1960s
7909,7910,31555,Phantoms in the Brain: Probing the Mysteries of the Human Mind,author_vs_ramachandran author_sandra_blakeslee author_oliver_sacks,decade_1990s
7910,7911,129523,"Divided in Death (In Death, #18)",author_jd_robb,decade_2000s
7911,7912,25065522,Wildflower,author_drew_barrymore,decade_2010s
7913,7914,24041443,We Never Asked for Wings,author_vanessa_diffenbaugh,decade_2010s
7914,7915,23341894,Every Last Word,author_tamara_ireland_stone,decade_2010s
7915,7916,55095,Live from New York: An Uncensored History of Saturday Night Live,author_james_andrew_miller author_tom_shales,decade_2000s
7916,7917,25017,Krakatoa: The Day the World Exploded,author_simon_winchester,decade_2000s
7917,7918,8689913,Madame Tussaud: A Novel of the French Revolution,author_michelle_moran,decade_2010s
7918,7919,2049993,Airman,author_eoin_colfer,decade_2000s
7919,7920,12675109,"Great by Choice: Uncertainty, Chaos, and Luck--Why Some Thrive Despite Them All",author_james_c_collins author_morten_t_hansen,decade_2010s
7920,7921,5048174,2BR02B,author_kurt_vonnegut_jr,decade_1960s
7922,7923,64666,An Anthropologist on Mars: Seven Paradoxical Tales,author_oliver_sacks,decade_1990s
7924,7925,835495,Time for Bed,author_mem_fox author_jane_dyer,decade_1990s
7925,7926,2998814,"The Hollow (The Hollow, #1)",author_jessica_verday,decade_2000s
7927,7928,815158,Rapunzel,author_paul_o_zelinsky,decade_1990s
7928,7929,23731881,Very Good Lives: The Fringe Benefits of Failure and the Importance of Imagination,author_jk_rowling author_joel_holland,decade_2010s
7929,7930,17401198,Only the Innocent (DCI Tom Douglas #1),author_rachel_abbott,decade_2010s
7930,7931,6145711,"The Walking Dead, Vol. 10: What We Become",author_robert_kirkman,decade_2000s
7931,7932,144793,"Area 7 (Shane Schofield, #2)",author_matthew_reilly,decade_2000s
7932,7933,20797535,"A Better World (Brilliance Saga, #2)",author_marcus_sakey,decade_2010s
7933,7934,77368,Spindle's End,author_robin_mckinley,decade_2000s
7934,7935,13634927,"A Leaf on the Wind of All Hallows (Outlander, #8.5)",author_diana_gabaldon,decade_2010s
7935,7936,21843117,Scoring Wilder,author_rs_grey,decade_2010s
7937,7938,13037558,"I, Michael Bennett (Michael Bennett, #5)",author_james_patterson author_michael_ledwidge,decade_2010s
7938,7939,19090384,"Clean Sweep (Innkeeper Chronicles, #1)",author_ilona_andrews,decade_2010s
7939,7940,2977487,"Succubus Dreams (Georgina Kincaid, #3)",author_richelle_mead,decade_2000s
7940,7941,241936,"The Last Detective (Elvis Cole, #9)",author_robert_crais,decade_2000s
7941,7942,48304,Vegan Cupcakes Take Over the World: 75 Dairy-Free Recipes for Cupcakes that Rule,author_isa_chandra_moskowitz author_terry_hope_romero author_sara_quin,decade_2000s
7942,7943,522471,Hope Was Here,author_joan_bauer,decade_2000s
7943,7944,16061734,May We Be Forgiven,author_am_homes,decade_2010s
7944,7945,7025086,"Ender's Game, Volume 2: Command School",author_christopher_yost author_pasqual_ferry author_orson_scott_card,decade_2010s
7945,7946,39926,The Beauty Myth,author_naomi_wolf,decade_1990s
7946,7947,5031805,ESV Study Bible,author_anonymous author_lane_t_dennis author_wayne_a_grudem,decade_2000s
7947,7948,16150119,"Wired (Wired, #1)",author_douglas_e_richards,decade_2000s
7948,7949,315578,Auschwitz: A Doctor's Eyewitness Account,author_mikls_nyiszli author_tibre_kremer author_bruno_bettelheim author_richard_seaver,decade_1940s
7949,7950,2358737,"Hot, Flat, and Crowded: Why We Need a Green Revolution--and How It Can Renew America",author_thomas_l_friedman,decade_2000s
7950,7951,825576,The Saggy Baggy Elephant (A Little Golden Book),author_kathryn_jackson author_byron_jackson author_gustav_tenggren,decade_1940s
7951,7952,2183,Sentimental Education,author_gustave_flaubert author_robert_baldick author_geoffrey_wall,decade_1860s
7953,7954,17455541,"Happy, Happy, Happy",author_phil_robertson author_mark_schlabach,decade_2010s
7955,7956,16301111,"Always You (Best Friend, #1)",author_kirsty_moseley,decade_2010s
7956,7957,12027429,"Scent of Magic (Healer, #2)",author_maria_v_snyder,decade_2010s
7957,7958,11889938,"Taken (Elvis Cole, #15; Joe Pike, #4)",author_robert_crais,decade_2010s
7958,7959,56066,"Savannah Breeze (Weezie and Bebe Mysteries, #2)",author_mary_kay_andrews,decade_2000s
7959,7960,13925,"Child of the Prophecy (Sevenwaters, #3)",author_juliet_marillier,decade_2000s
7960,7961,84552,"Priestess of Avalon (Avalon, #4)",author_marion_zimmer_bradley author_diana_l_paxson,decade_2000s
7961,7962,17407233,"The Submissive (Submissive, #1)",author_tara_sue_me,decade_2010s
7962,7963,88514,Platform,author_michel_houellebecq,decade_2000s
7963,7964,15801967,Contagious: Why Things Catch On,author_jonah_berger,decade_2010s
7964,7965,122211,Disappearing Acts,author_terry_mcmillan,decade_1980s
7965,7966,877752,"Fruits Basket, Vol. 7",author_natsuki_takaya author_alethea_nibley author_athena_nibley,decade_2000s
7966,7967,1173576,What Every Body is Saying: An Ex-FBI Agent's Guide to Speed-Reading People,author_joe_navarro author_marvin_karlins,decade_2000s
7967,7968,114152,Finding the Dream (Dream Trilogy #3),author_nora_roberts,decade_1990s
7968,7969,84351,"The Secret History of the Pink Carnation (Pink Carnation, #1)",author_lauren_willig,decade_2000s
7969,7970,27999,Close Range,author_annie_proulx,decade_1990s
7970,7971,373925,Sweeney Todd: The Demon Barber of Fleet Street,author_stephen_sondheim author_hugh_wheeler author_christopher_godfrey_bond,decade_1970s
7972,7973,12067972,"Where You Are (Between the Lines, #2)",author_tammara_webber,decade_2010s
7973,7974,25200,Silence,author_shsaku_end author_william_johnston,decade_1960s
7974,7975,6609758,"Numbers (Numbers, #1)",author_rachel_ward,decade_2000s
7975,7976,238140,"Reunion in Death (In Death, #14)",author_jd_robb,decade_2000s
7976,7977,173572,Where Is God When It Hurts?,author_philip_yancey,decade_1970s
7977,7978,6553733,"The Mapping of Love and Death (Maisie Dobbs, #7)",author_jacqueline_winspear,decade_2010s
7978,7979,29072594,Born to Run,author_bruce_springsteen,decade_2010s
7979,7980,23492673,Primates of Park Avenue,author_wednesday_martin,decade_2010s
7980,7981,153792,"Cold Fire (The Circle Opens, #3)",author_tamora_pierce,decade_2000s
7981,7982,114128,Hidden Riches,author_nora_roberts,decade_1990s
7982,7983,215643,Visions of Heat (Psy-Changeling #2),author_nalini_singh,decade_2000s
7983,7984,25953369,Hidden Figures: The American Dream and the Untold Story of the Black Women Mathematicians Who Helped Win the Space Race,author_margot_lee_shetterly,decade_2010s
7984,7985,20995,The Art of Seduction,author_robert_greene,decade_2000s
7985,7986,40217,"Kushiel's Justice (Imriel's Trilogy, #2)",author_jacqueline_carey,decade_2000s
7986,7987,13497991,The Hydrogen Sonata (Culture #10),author_iain_m_banks,decade_2010s
7987,7988,17661831,The Orenda,author_joseph_boyden,decade_2010s
7988,7989,20878809,The Julian Chapter (Wonder Story),author_rj_palacio,decade_2010s
7990,7991,16307,"Hallowe'en Party (Hercule Poirot, #36)",author_agatha_christie,decade_1960s
7991,7992,9266793,"Never Have I Ever (The Lying Game, #2)",author_sara_shepard,decade_2010s
7992,7993,28698036,"Secret History (Mistborn, #3.5)",author_brandon_sanderson,decade_2010s
7994,7995,15904,"The Sunday Philosophy Club (Isabel Dalhousie, #1)",author_alexander_mccall_smith,decade_2000s
7995,7996,238142,"Visions in Death (In Death, #19)",author_jd_robb,decade_2000s
7998,7999,17201110,"Safe with Me (With Me in Seattle, #5)",author_kristen_proby,decade_2010s
7999,8000,16176,The Red Queen: Sex and the Evolution of Human Nature,author_matt_ridley,decade_1990s
8000,8001,21956060,"Monster in His Eyes (Monster in His Eyes, #1)",author_jm_darhower,decade_2010s
8001,8002,1629007,Where Are You Now?,author_mary_higgins_clark,decade_2000s
8002,8003,12107925,"Day of Doom (The 39 Clues: Cahills vs. Vespers, #6)",author_david_baldacci,decade_2010s
8003,8004,287380,"Kare Kano: His and Her Circumstances, Vol. 1",author_masami_tsuda author_darcy_lockman author_jack_niida,decade_1990s
8004,8005,21457243,"Vision in Silver (The Others, #3)",author_anne_bishop,decade_2010s
8006,8007,8664368,The Finkler Question,author_howard_jacobson,decade_2010s
8007,8008,238139,"Imitation in Death (In Death, #17)",author_jd_robb,decade_2000s
8008,8009,1219954,Beaches,author_iris_rainer_dart,decade_1980s
8009,8010,24271,"Skellig (Skellig, #1)",author_david_almond,decade_1990s
8010,8011,130119,An Enquiry Concerning Human Understanding,author_david_hume,decade_1740s
8011,8012,170641,I Heard That Song Before,author_mary_higgins_clark,decade_2000s
8012,8013,20821299,The Book with No Pictures,author_bj_novak,decade_2010s
8014,8015,4950,The Hungry Tide,author_amitav_ghosh,decade_2000s
8015,8016,8646,Crow Lake,author_mary_lawson,decade_2000s
8016,8017,15728921,Don't Let Me Go,author_catherine_ryan_hyde,decade_2010s
8017,8018,588234,Ceremony,author_leslie_marmon_silko,decade_1970s
8019,8020,28204534,"Paper Girls, Vol. 1 (Paper Girls, #1)",author_brian_k_vaughan author_cliff_chiang author_matthew_wilson,decade_2010s
8020,8021,828015,"The Breadwinner (The Breadwinner, #1)",author_deborah_ellis,decade_2000s
8021,8022,16000980,"The Wanderer (Thunder Point, #1)",author_robyn_carr,decade_2010s
8022,8023,10765,A Year in the Merde,author_stephen_clarke,decade_2000s
8023,8024,18635039,The Hurricane Sisters,author_dorothea_benton_frank,decade_2010s
8024,8025,66933,The Wretched of the Earth,author_frantz_fanon author_jeanpaul_sartre author_richard_philcox author_homi_k_bhabha,decade_1960s
8025,8026,41698,"Deep Six (Dirk Pitt, #7)",author_clive_cussler,decade_1980s
8026,8027,974122,Secrets of the Vine: Breaking Through to Abundance,author_bruce_h_wilkinson author_david_kopp,decade_2000s
8028,8029,20174424,"City of Stairs (The Divine Cities, #1)",author_robert_jackson_bennett,decade_2010s
8030,8031,114701,"Into the Land of the Unicorns (Unicorn Chronicles, #1)",author_bruce_coville,decade_1990s
8031,8032,33723,Girls' Night In,author_lauren_henderson author_chris_manby author_sarah_mlynowski author_jill_a_davis author_stella_duffy author_lisa_jewell author_marian_keyes author_sophie_kinsella author_adle_lang author_carole_matthews author_anna_maxted author_megan_mccafferty author_alisa_valdes author_isabel_wolff author_meg_cabot author_jessica_adams author_louise_bagshawe author_emily_barr author_jenny_colgan author_lynda_curnyn author_jennifer_weiner,decade_2000s
8033,8034,160830,All Marketers Are Liars: The Power of Telling Authentic Stories in a Low-Trust World,author_seth_godin,decade_2000s
8034,8035,36159,"Black Sun Rising (The Coldfire Trilogy, #1)",author_cs_friedman,decade_1990s
8036,8037,752994,The Misanthrope,author_molire,decade_1660s
8037,8038,44660,"The Belgariad Boxed Set: Pawn of Prophecy / Queen of Sorcery / Magician's Gambit / Castle of Wizardry / Enchanters' End Game (The Belgariad, #1-5)",author_david_eddings,decade_1980s
8038,8039,60937,The Temple of My Familiar,author_alice_walker,decade_1980s
8039,8040,9542259,"Envy (Fallen Angels, #3)",author_jr_ward,decade_2010s
8040,8041,18892134,"The Son (Divergent, #0.3)",author_veronica_roth,decade_2010s
8041,8042,2948832,"Seduce Me at Sunrise (The Hathaways, #2)",author_lisa_kleypas,decade_2000s
8042,8043,26721568,The Problem with Forever,author_jennifer_l_armentrout,decade_2010s
8043,8044,28686840,Holding Up the Universe,author_jennifer_niven,decade_2010s
8046,8047,126061,The Double Helix,author_james_d_watson,decade_1960s
8047,8048,823412,Cook with Jamie,author_jamie_oliver,decade_2000s
8048,8049,20253,House Harkonnen (Prelude to Dune #2),author_brian_herbert author_kevin_j_anderson,decade_2000s
8049,8050,2992069,Dream Warrior (Dream-Hunter #4; Dark-Hunter #17),author_sherrilyn_kenyon,decade_2000s
8050,8051,6282334,Strength in What Remains: A Journey of Remembrance and Forgiveness,author_tracy_kidder,decade_2000s
8051,8052,46913,FRUiTS,author_shoichi_aoki author_mark_sanders author_shoich_aoki,decade_2000s
8052,8053,38739,The Lord God Made Them All,author_james_herriot,decade_1980s
8053,8054,112693,"Then He Ate My Boy Entrancers (Confessions of Georgia Nicolson, #6)",author_louise_rennison,decade_2000s
8055,8056,12254379,"1Q84 #1-2 (1Q84, #1-2)",author_haruki_murakami author_jay_rubin,decade_2000s
8056,8057,140345,Absent In The Spring,author_mary_westmacott author_agatha_christie,decade_1940s
8057,8058,13065142,"Rock Chick Reckoning (Rock Chick, #6)",author_kristen_ashley,decade_2010s
8058,8059,22402972,Fish in a Tree,author_lynda_mullaly_hunt,decade_2010s
8059,8060,13414594,The Inn at Rose Harbor (Rose Harbor #1),author_debbie_macomber,decade_2010s
8060,8061,12926432,Lady Almina and the Real Downton Abbey: The Lost Legacy of Highclere Castle,author_fiona_carnarvon,decade_2010s
8061,8062,116445,"Dies the Fire (Emberverse, #1)",author_sm_stirling,decade_2000s
8062,8063,24859245,"Stranger Child (DCI Tom Douglas, #4)",author_rachel_abbott,decade_2010s
8064,8065,27213163,Another Brooklyn,author_jacqueline_woodson,decade_2010s
8065,8066,94672,Beneath a Marble Sky,author_john_shors,decade_2000s
8067,8068,64960,The Face of Fear,author_brian_coffey author_dean_koontz,decade_1970s
8069,8070,17333279,"Gone (Michael Bennett, #6)",author_james_patterson author_michael_ledwidge,decade_2010s
8070,8071,28703,Cosmopolis,author_don_delillo,decade_2000s
8071,8072,267972,Wait Till Helen Comes,author_mary_downing_hahn,decade_1980s
8072,8073,3673357,Very Valentine,author_adriana_trigiani,decade_2000s
8073,8074,21324,"Fables, Vol. 8: Wolves",author_bill_willingham author_mark_buckingham author_steve_leialoha author_shawn_mcmanus author_andrew_pepoy,decade_2000s
8074,8075,41962,Light a Penny Candle,author_maeve_binchy,decade_1980s
8075,8076,184324,"Dark Demon (Dark, #16)",author_christine_feehan,decade_2000s
8076,8077,10822174,"The Walking Dead, Vol. 14: No Way Out",author_robert_kirkman author_charlie_adlard author_cliff_rathburn,decade_2010s
8077,8078,138399,"The Walking Dead, Book Two (The Walking Dead #13-24)",author_robert_kirkman author_charlie_adlard,decade_2000s
8078,8079,59780,Cosmicomics,author_italo_calvino author_william_weaver author__ author__,decade_1960s
8080,8081,190999,Way Station,author_clifford_d_simak,decade_1960s
8081,8082,7476122,"My Soul to Keep (Soul Screamers, #3)",author_rachel_vincent,decade_2010s
8082,8083,175113,The Return of the Prodigal Son: A Story of Homecoming,author_henri_jm_nouwen,decade_1990s
8085,8086,16233105,"Someone to Love (Someone to Love, #1)",author_addison_moore,decade_2010s
8086,8087,104101,The Lions of Al-Rassan,author_guy_gavriel_kay,decade_1990s
8087,8088,162086,Such a Pretty Girl,author_laura_wiess,decade_2000s
8088,8089,18340482,"Until Trevor (Until, #2)",author_aurora_rose_reynolds,decade_2010s
8089,8090,350065,Scruples,author_judith_krantz,decade_1970s
8090,8091,4618898,Prayers for Sale,author_sandra_dallas,decade_1990s
8091,8092,8008928,Savages,author_don_winslow,decade_2010s
8093,8094,226858,What We Keep ,author_elizabeth_berg,decade_1990s
8094,8095,6647312,Nothing,author_janne_teller author_martin_aitken,decade_2000s
8095,8096,26581,Sleeping Beauty Box Set,author_an_roquelaure author_anne_rice,decade_1980s
8096,8097,94510,"100 Bullets, Vol. 1: First Shot, Last Call",author_brian_azzarello author_eduardo_risso,decade_1990s
8097,8098,1116393,"The Awakened Mage (Kingmaker, Kingbreaker, #2)",author_karen_miller,decade_2000s
8098,8099,14358,"A Ring of Endless Light (Austin Family, #4)",author_madeleine_lengle,decade_1980s
8099,8100,10757806,How to Save a Life,author_sara_zarr,decade_2010s
8100,8101,6324903,"The 5 Greatest Warriors (Jack West Jr, #3)",author_matthew_reilly,decade_2000s
8101,8102,25337081,"Brotherhood in Death (In Death, #42)",author_jd_robb,decade_2010s
8102,8103,176788,"Arrow's Flight (Heralds of Valdemar, #2)",author_mercedes_lackey,decade_1980s
8103,8104,161656,"The Tail of Emily Windsnap (Emily Windsnap, #1)",author_liz_kessler author_sarah_gibb,decade_2000s
8104,8105,23341862,Blackout: Remembering the Things I Drank to Forget,author_sarah_hepola,decade_2010s
8105,8106,13003565,"The Invaders (Brotherband Chronicles, #2)",author_john_flanagan,decade_2010s
8107,8108,27419654,"The Last Girl (The Dominion Trilogy, #1)",author_joe_hart,decade_2010s
8108,8109,23753,"The Absolute Sandman, Volume One",author_neil_gaiman author_mike_dringenberg author_chris_bachalo author_michael_zulli author_kelly_jones author_charles_vess author_colleen_doran author_malcolm_jones_iii author_steve_parkhouse author_daniel_vozzo author_lee_loughridge author_steve_oliff author_todd_klein author_dave_mckean author_sam_kieth,decade_2000s
8109,8110,13184992,"Rock Chick Regret (Rock Chick, #7)",author_kristen_ashley,decade_2010s
8110,8111,11831,"Dicey's Song (Tillerman Cycle, #2)",author_cynthia_voigt,decade_1980s
8111,8112,763429,"The Walking Dead, Book Three (The Walking Dead #25-36)",author_robert_kirkman author_charlie_adlard author_cliff_rathburn author_rus_wooton,decade_2000s
8112,8113,16299991,"A Quest of Heroes (The Sorcerer's Ring, #1)",author_morgan_rice,decade_2010s
8113,8114,9998,The Woman in the Dunes,author_kb_abe author_e_dale_saunders,decade_1960s
8114,8115,77298,Aunt Julia and the Scriptwriter,author_mario_vargas_llosa author_helen_r_lane,decade_1970s
8116,8117,22418,"Transmetropolitan, Vol. 3: Year of the Bastard (Transmetropolitan, #3)",author_warren_ellis author_darick_robertson author_rodney_ramos,decade_1990s
8117,8118,25104491,The Prettiest One,author_james__hankins,decade_2010s
8119,8120,56594,"A Severe Mercy: A Story of Faith, Tragedy and Triumph",author_sheldon_vanauken author_cs_lewis,decade_1970s
8120,8121,9862761,1493: Uncovering the New World Columbus Created,author_charles_c_mann,decade_2010s
8122,8123,12107927,"Trust No One (The 39 Clues: Cahills vs. Vespers, #5)",author_linda_sue_park,decade_2010s
8123,8124,10365343,Zone One,author_colson_whitehead,decade_2010s
8124,8125,5981872,"The Madness of Lord Ian Mackenzie (Mackenzies & McBrides, #1)",author_jennifer_ashley,decade_2000s
8125,8126,127712,"Point of Impact (Bob Lee Swagger, #1)",author_stephen_hunter,decade_1990s
8127,8128,16948,"Children of God (The Sparrow, #2)",author_mary_doria_russell,decade_1990s
8128,8129,20438825,Vanished (Callahan & McLane #1),author_kendra_elliot,decade_2010s
8130,8131,41701,"The Mediterranean Caper (Dirk Pitt, #2)",author_clive_cussler,decade_1970s
8131,8132,18892,"The Forest House (Avalon, #2)",author_marion_zimmer_bradley author_diana_l_paxson,decade_1990s
8132,8133,37302,"Certain Prey (Lucas Davenport, #10)",author_john_sandford,decade_1990s
8133,8134,478657,"Undead and Unreturnable (Undead, #4)",author_maryjanice_davidson,decade_2000s
8135,8136,820956,"Dawn on a Distant Shore (Wilderness, #2)",author_sara_donati,decade_2000s
8137,8138,27864391,The Danish Girl,author_david_ebershoff,decade_2000s
8138,8139,17675031,This Star Won't Go Out: The Life and Words of Esther Grace Earl,author_esther_earl author_lori_earl author_wayne_earl author_john_green,decade_2010s
8139,8140,5481,Brave New World Revisited ,author_aldous_huxley,decade_1950s
8140,8141,40483,Story of O (Story of O #1),author_pauline_rage author_sabine_destree,decade_1950s
8141,8142,45106,"Forest Mage (Soldier Son, #2)",author_robin_hobb,decade_2000s
8143,8144,18799585,Hidden (Bone Secrets. #1),author_kendra_elliot,decade_2010s
8145,8146,337623,"Eye of the Storm (Sean Dillon, #1)",author_jack_higgins,decade_1990s
8146,8147,17835351,Nikola Tesla: Imagination and the Man That Invented the 20th Century,author_sean_patrick,decade_2010s
8147,8148,23221,How to Be Popular,author_meg_cabot,decade_2000s
8149,8150,22028,Omerta,author_mario_puzo,decade_1990s
8150,8151,12157365,"Unraveling (Unraveling, #1)",author_elizabeth_norris,decade_2010s
8152,8153,37187,The Tiger Rising,author_kate_dicamillo,decade_2000s
8153,8154,28734,Magic's Price (Valdemar: Last Herald-Mage #3),author_mercedes_lackey,decade_1990s
8154,8155,11970747,"The Hedge Knight (The Tales of Dunk and Egg, #1)",author_george_rr_martin,decade_1990s
8155,8156,527744,"After the Funeral (Hercule Poirot, #29)",author_agatha_christie,decade_1950s
8157,8158,13614,"Death Note, Vol. 8: Target (Death Note, #8)",author_tsugumi_ohba author_takeshi_obata,decade_2000s
8158,8159,103111,X-Men: The Dark Phoenix Saga,author_chris_claremont author_john_byrne,decade_1980s
8159,8160,12617,Manufacturing Consent: The Political Economy of the Mass Media,author_noam_chomsky author_edward_s_herman,decade_1980s
8160,8161,19307,Pippi in the South Seas,author_astrid_lindgren author_gerry_bothmer,decade_1940s
8161,8162,12923,The Castle of Otranto,author_horace_walpole,decade_1760s
8163,8164,16175040,"Endless Knight (The Arcana Chronicles, #2)",author_kresley_cole,decade_2010s
8164,8165,40992,Shadow & Claw (The Book of the New Sun #1-2),author_gene_wolfe,decade_1990s
8165,8166,23503361,Among the Ten Thousand Things,author_julia_pierpont,decade_2010s
8166,8167,10878,"The Great Shark Hunt: Strange Tales from a Strange Time (The Gonzo Papers, #1)",author_hunter_s_thompson,decade_1970s
8167,8168,47730,The Complete Poems,author_anne_sexton author_maxine_kumin,decade_1980s
8168,8169,11830394,2312,author_kim_stanley_robinson,decade_2010s
8169,8170,119838,"Tears of a Tiger (Hazelwood High, #1)",author_sharon_m_draper,decade_1990s
8170,8171,6287290,Altar of Eden,author_james_rollins,decade_2000s
8171,8172,1011359,"Ouran High School Host Club, Vol. 2 (Ouran High School Host Club, #2)",author_bisco_hatori,decade_2000s
8172,8173,176326,"The Problem Child (The Sisters Grimm, #3)",author_michael_buckley author_peter_ferguson,decade_2000s
8173,8174,1206073,Washington's Crossing,author_david_hackett_fischer,decade_2000s
8174,8175,4830,Shalimar the Clown,author_salman_rushdie,decade_2000s
8175,8176,8745,Desert Flower,author_waris_dirie author_cathleen_miller,decade_1990s
8176,8177,615921,Halo: First Strike,author_eric_s_nylund,decade_2000s
8177,8178,16117182,"Broken Silence (Silence, #2)",author_natasha_preston,decade_2010s
8180,8181,107029,"The Batman Chronicles, Vol. 1",author_bill_finger author_gardner_f_fox author_bob_kane author_jerry_robinson author_sheldon_moldoff,decade_2000s
8182,8183,7879278,"Waterfall (River of Time, #1)",author_lisa_tawn_bergren,decade_2010s
8183,8184,20890479,"The Love Song of Miss Queenie Hennessy (Harold Fry, #2)",author_rachel_joyce,decade_2010s
8184,8185,15559,"Morgawr (The Voyage of the Jerle Shannara, #3)",author_terry_brooks,decade_2000s
8185,8186,116053,September,author_rosamunde_pilcher,decade_1990s
8186,8187,4808763,The Last Question,author_isaac_asimov author_bob_e_flick author_jim_gallant,decade_1950s
8187,8188,52783,Henderson the Rain King,author_saul_bellow author_luciano_bianciardi,decade_1950s
8188,8189,9654,Fear of Flying,author_erica_jong,decade_1970s
8189,8190,9349915,Red Riding Hood,author_sarah_blakleycartwright author_david_leslie_johnson author_catherine_hardwicke,decade_2010s
8190,8191,4765642,Stay Hungry Stay Foolish,author_rashmi_bansal,decade_2000s
8191,8192,6694,The Giraffe and the Pelly and Me,author_roald_dahl author_quentin_blake,decade_1980s
8192,8193,17934521,Shotgun Lovesongs,author_nickolas_butler,decade_2010s
8193,8194,671724,"The Death of Kings (Emperor, #2)",author_conn_iggulden,decade_2000s
8194,8195,106882,French Women Don't Get Fat: The Secret of Eating for Pleasure,author_mireille_guiliano,decade_2000s
8195,8196,289601,"A Certain Slant of Light (Light, #1)",author_laura_whitcomb,decade_2000s
8197,8198,22693231,The Bone Tree,author_greg_iles,decade_2010s
8198,8199,78971,False Impression,author_jeffrey_archer,decade_2000s
8199,8200,13105527,I Wrote This For You,author_pleasefindthis author_iain_s_thomas author_jon_ellis,decade_2010s
8200,8201,56913,Barefoot in Paris,author_ina_garten author_quentin_bacon,decade_2000s
8201,8202,204045,"Naruto, Vol. 05: Exam Hell (Naruto, #5)",author_masashi_kishimoto,decade_2000s
8203,8204,16056862,"The Unwanted Wife (Unwanted, #1)",author_natasha_anders,decade_2010s
8204,8205,29991719,"Royally Screwed (Royally, #1)",author_emma_chase,decade_2010s
8205,8206,6239873,"Splendor (Luxe, #4)",author_anna_godbersen,decade_2000s
8206,8207,31175,The Professor,author_charlotte_bront,decade_1850s
8207,8208,9815702,"Drink Deep (Chicagoland Vampires, #5)",author_chloe_neill,decade_2010s
8209,8210,132391,The Little Mermaid,author_hans_christian_andersen author_lisbeth_zwerger author_anthea_bell,decade_1830s
8210,8211,207687,"Big Boned (Heather Wells, #3)",author_meg_cabot,decade_2000s
8211,8212,330760,The Subterraneans,author_jack_kerouac,decade_1950s
8212,8213,181400,The Tale of Three Trees,author_angela_elwell_hunt author_tim_jonke,decade_1980s
8213,8214,419103,"Sin City, Vol. 3: The Big Fat Kill (Sin City, #3)",author_frank_miller,decade_1990s
8214,8215,16341,"The Moving Finger (Miss Marple, #4)",author_agatha_christie,decade_1940s
8215,8216,392217,"Hornet's Nest (Andy Brazil, #1)",author_patricia_cornwell,decade_1990s
8216,8217,126066,The Sacred Romance Drawing Closer To The Heart Of God,author_john_eldredge author_brent_curtis,decade_1990s
8217,8218,236056,There's a Boy in the Girls' Bathroom,author_louis_sachar,decade_1980s
8218,8219,17233800,"Crash into You (Pushing the Limits, #3)",author_katie_mcgarry,decade_2010s
8219,8220,7993566,Colonel Roosevelt,author_edmund_morris,decade_2010s
8221,8222,77786,"Vision of the Future (Star Wars: The Hand of Thrawn, #2)",author_timothy_zahn,decade_1990s
8223,8224,20439328,How to Be Both,author_ali_smith,decade_2010s
8225,8226,341281,The Woodlanders,author_thomas_hardy author_patricia_ingham,decade_1880s
8226,8227,17934385,Tempting Fate,author_jane_green,decade_2010s
8227,8228,4071018,While My Sister Sleeps,author_barbara_delinsky,decade_2000s
8229,8230,12968662,Gold,author_chris_cleave,decade_2010s
8230,8231,3064985,"Wondrous Strange (Wondrous Strange, #1)",author_lesley_livingston,decade_2000s
8232,8233,45974,The Book of Disquiet,author_fernando_pessoa author_richard_zenith,decade_1910s
8233,8234,12791521,"Batman: Earth One, Volume 1",author_geoff_johns author_gary_frank author_jon_sibal author_brad_anderson author_rob_leigh,decade_2010s
8234,8235,12475019,Some Assembly Required: A Journal of My Son's First Son,author_anne_lamott author_sam_lamott,decade_2010s
8235,8236,583924,"Undead and Unappreciated (Undead, #3)",author_maryjanice_davidson,decade_2000s
8236,8237,20980959,"Blue Labyrinth (Pendergast, #14)",author_douglas_preston author_lincoln_child,decade_2010s
8237,8238,7940589,Malcolm X: A Life of Reinvention,author_manning_marable,decade_2010s
8238,8239,32349,Mutant Message Down Under,author_marlo_morgan,decade_1990s
8239,8240,4769247,"Ashes of Midnight (Midnight Breed, #6)",author_lara_adrian,decade_2000s
8240,8241,112879,"Once Upon a Crime (The Sisters Grimm, #4)",author_michael_buckley author_peter_ferguson,decade_2000s
8241,8242,168814,Keys to Drawing,author_bert_dodson,decade_1980s
8242,8243,158988,"Fables, Vol. 9: Sons of Empire",author_bill_willingham author_mark_buckingham author_steve_leialoha author_andrew_pepoy author_gene_ha author_joshua_middleton author_iaki_miranda author_mike_allred,decade_2000s
8243,8244,1233478,"Embrace the Night (Cassandra Palmer, #3)",author_karen_chance,decade_2000s
8244,8245,171624,"The Ipcress File (Secret File, #1)",author_len_deighton,decade_1960s
8247,8248,7862725,"Branded (Fall of Angels, #1)",author_keary_taylor,decade_2010s
8248,8249,27208,The Third Policeman,author_flann_obrien,decade_1960s
8249,8250,4285768,"Tea Time for the Traditionally Built (No. 1 Ladies' Detective Agency, #10)",author_alexander_mccall_smith,decade_2000s
8250,8251,273512,"Starlight (Warriors: The New Prophecy, #4)",author_erin_hunter,decade_2000s
8251,8252,13522957,"Feral Sins (The Phoenix Pack, #1)",author_suzanne_wright,decade_2010s
8252,8253,87424,Tintin in the Land of the Soviets (Tintin #1),author_herg author_leslie_lonsdalecooper author_michael_turner,decade_1930s
8253,8254,9998705,"Flash and Bones (Temperance Brennan, #14)",author_kathy_reichs,decade_2010s
8254,8255,23453099,Eileen,author_ottessa_moshfegh,decade_2010s
8255,8256,1566705,"Creation in Death (In Death, #25)",author_jd_robb,decade_2000s
8256,8257,770040,Llama Llama Mad at Mama,author_anna_dewdney,decade_2000s
8257,8258,18594594,Cop Town,author_karin_slaughter,decade_2010s
8259,8260,1918702,Lon Po Po: A Red-Riding Hood Story from China,author_ed_young,decade_1980s
8260,8261,348632,The Blood of Flowers,author_anita_amirrezvani,decade_2000s
8261,8262,45181,"Five Children and It (Five Children, #1)",author_e_nesbit,decade_1900s
8263,8264,559889,"Flood Tide (Dirk Pitt, #14)",author_clive_cussler,decade_1980s
8264,8265,23299512,"This Savage Song (Monsters of Verity, #1)",author_victoria_schwab,decade_2010s
8265,8266,8456124,"Bloodlust (The Vampire Diaries: Stefan's Diaries, #2)",author_lj_smith author_kevin_williamson author_julie_plec,decade_2010s
8266,8267,5628753,Branded by Fire (Psy-Changeling #6),author_nalini_singh,decade_2000s
8267,8268,17838528,The Unexpected Everything,author_morgan_matson,decade_2010s
8268,8269,43799,Exit to Eden,author_anne_rampling author_anne_rice,decade_1980s
8269,8270,6654104,Percy Jackson & the Olympians:  The Ultimate Guide,author_maryjane_knight author_rick_riordan,decade_2010s
8270,8271,13239822,Alif the Unseen,author_g_willow_wilson,decade_2010s
8272,8273,12449167,The Orchid House,author_lucinda_riley,decade_2010s
8273,8274,29008738,"The Bird and the Sword (The Bird and the Sword Chronicles, #1)",author_amy_harmon,decade_2010s
8274,8275,92845,"The Black Unicorn (Magic Kingdom of Landover, #2)",author_terry_brooks,decade_1980s
8275,8276,16076,The Awakening and Selected Stories,author_kate_chopin author_cynthia_brantley_johnson author_alyssa__harad,decade_1890s
8277,8278,6688087,"The Crossing Places (Ruth Galloway, #1)",author_elly_griffiths,decade_2000s
8278,8279,721003,Peak (Peak #1),author_roland_smith,decade_2000s
8279,8280,39799,"One Step Behind  (Kurt Wallander, #7)",author_henning_mankell author_ebba_segerberg,decade_1990s
8281,8282,29430788,Faithful,author_alice_hoffman,decade_2010s
8282,8283,138684,"Sovereign (Matthew Shardlake, #3)",author_cj_sansom,decade_2000s
8283,8284,76179,Envy,author_sandra_brown,decade_1990s
8284,8285,440960,Batman and Son,author_grant_morrison author_andy_kubert author_john_van_fleet author_jesse_delperdang,decade_2000s
8285,8286,101255,On Food and Cooking: The Science and Lore of the Kitchen,author_harold_mcgee,decade_1980s
8287,8288,9962040,"In Bed with a Highlander (McCabe Trilogy, #1)",author_maya_banks,decade_2010s
8288,8289,577283,The Confessions of Nat Turner,author_william_styron,decade_1960s
8289,8290,18931,Please Stop Laughing at Me... One Woman's Inspirational Story,author_jodee_blanco,decade_2000s
8290,8291,1347837,"Rule of Two (Star Wars: Darth Bane, #2)",author_drew_karpyshyn,decade_2000s
8291,8292,9712341,A Girl Like You,author_gemma_burgess,decade_2010s
8293,8294,7081,The Android's Dream,author_john_scalzi,decade_2000s
8294,8295,3291,The Stories of Eva Luna,author_isabel_allende,decade_1980s
8295,8296,7579,Awakening the Buddha Within: Tibetan Wisdom for the Western World,author_lama_surya_das,decade_1990s
8296,8297,11821514,Long Time Coming,author_edie_claire,decade_2000s
8297,8298,33906,Story of a Girl,author_sara_zarr,decade_2000s
8298,8299,18108795,High Heat (Jack Reacher #17.5),author_lee_child,decade_2010s
8299,8300,23287179,Orphan Number Eight,author_kim_van_alkemade,decade_2010s
8300,8301,13252406,"Delusion in Death (In Death, #35)",author_jd_robb,decade_2010s
8301,8302,504369,"Field of Dishonor (Honor Harrington, #4)",author_david_weber,decade_1990s
8303,8304,18404093,Save the Date,author_mary_kay_andrews,decade_2010s
8304,8305,10006,Oracle Night,author_paul_auster,decade_2000s
8305,8306,40526,"Time and Again (Time, #1)",author_jack_finney,decade_1970s
8306,8307,22027055,One Lavender Ribbon,author_heather_burch,decade_2010s
8307,8308,1022866,Run Baby Run,author_nicky_cruz author_jamie_buckingham,decade_1960s
8308,8309,539282,Fences (The Century Cycle #6),author_august_wilson,decade_1980s
8309,8310,78629,Tortured for Christ N/E,author_richard_wurmbrand,decade_1940s
8310,8311,25663717,The Two-Family House,author_lynda_cohen_loigman,decade_2010s
8311,8312,30636,Miracles,author_cs_lewis,decade_1940s
8313,8314,18693753,Dear Daughter,author_elizabeth_little,decade_2010s
8314,8315,23745189,The Mermaid's Sister,author_carrie_anne_noble,decade_2010s
8315,8316,16396,"The Inimitable Jeeves (Jeeves, #2)",author_pg_wodehouse,decade_1920s
8316,8317,534415,"Dragons of Summer Flame (Dragonlance: The Second Generation, #2)",author_margaret_weis author_tracy_hickman,decade_1990s
8317,8318,6045456,"The Secret Speech (Leo Demidov, #2)",author_tom_rob_smith,decade_2000s
8319,8320,68496,Un Lun Dun,author_china_miville,decade_2000s
8320,8321,13617,"Death Note, Vol. 5: Whiteout (Death Note, #5)",author_tsugumi_ohba author_takeshi_obata,decade_2000s
8321,8322,10532477,"Heat Rises (Nikki Heat, #3)",author_richard_castle,decade_2010s
8322,8323,18956,Homicide: A Year on the Killing Streets,author_david_simon,decade_1990s
8323,8324,155712,"Mrs. Mike (Mrs. Mike, #1)",author_benedict_freedman author_nancy_freedman,decade_1940s
8324,8325,22886113,A Work in Progress,author_connor_franta,decade_2010s
8325,8326,18090147,The Enchanted,author_rene_denfeld,decade_2010s
8326,8327,7116709,"The Left Hand of God (The Left Hand of God, #1)",author_paul__hoffman,decade_2010s
8327,8328,17332564,How to Love,author_katie_cotugno,decade_2010s
8328,8329,7062,Paris to the Moon,author_adam_gopnik,decade_2000s
8329,8330,8720917,You Against Me,author_jenny_downham,decade_2010s
8330,8331,343718,A Dog's Life: The Autobiography of a Stray,author_ann_m_martin,decade_2000s
8331,8332,153783,"The Will of the Empress (Circle Reforged, #1)",author_tamora_pierce,decade_2000s
8332,8333,15823426,"The Secret Race: Inside the Hidden World of the Tour de France: Doping, Cover-ups, and Winning at All Costs",author_tyler_hamilton author_daniel_coyle,decade_2010s
8333,8334,3757,"Doctor No (James Bond, #6)",author_ian_fleming,decade_1950s
8334,8335,18090150,Ripper,author_isabel_allende author_oliver_brock author_frank_wynne,decade_2010s
8336,8337,74406,Fifth Business,author_robertson_davies,decade_1970s
8337,8338,2324124,"Hello, Cupcake",author_alan____richardson author_karen_tack,decade_2000s
8338,8339,7683254,"Monster Hunter Vendetta (Monster Hunter International, #2)",author_larry_correia,decade_2010s
8339,8340,41958,Nights of Rain and Stars,author_maeve_binchy,decade_2000s
8341,8342,12546674,"Wife by Wednesday (The Weekday Brides, #1)",author_catherine_bybee,decade_2010s
8342,8343,824318,"The New Bedside, Bathtub and Armchair Companion to Agatha Christie",author_dick_riley author_pam_mcallister author_bruce_cassiday,decade_1970s
8343,8344,21473305,"Dominic (Slater Brothers, #1)",author_la_casey,decade_2010s
8344,8345,12988016,"Shadow's Claim (Immortals After Dark, #13; The Dacians, #1)",author_kresley_cole,decade_2010s
8345,8346,17910544,Glitter and Glue,author_kelly_corrigan,decade_2010s
8346,8347,61834,A Night to Remember,author_walter_lord author_nathaniel_philbrick,decade_1950s
8347,8348,6944566,The Lonely Polygamist,author_brady_udall,decade_2010s
8348,8349,13061,Stormy Weather,author_carl_hiaasen,decade_1990s
8349,8350,6303733,That Old Cape Magic,author_richard_russo author_arthur_morey,decade_2000s
8350,8351,6634409,"The Darkest Hour (KGI, #1)",author_maya_banks,decade_2010s
8351,8352,10108463,The Devil All the Time,author_donald_ray_pollock,decade_2010s
8352,8353,18111281,A Long Way Home,author_saroo_brierley,decade_2010s
8353,8354,252938,"Twilight (Warriors: The New Prophecy, #5)",author_erin_hunter,decade_2000s
8354,8355,11690,Istanbul: Memories and the City,author_orhan_pamuk,decade_2000s
8355,8356,287655,The Second Assistant: A Tale from the Bottom of the Hollywood Ladder,author_clare_naylor author_mimi_hare,decade_2000s
8356,8357,1990,Martin Chuzzlewit,author_charles_dickens author_patricia_ingham author_hablot_knight_browne,decade_1840s
8357,8358,71870,"Darkness, Be My Friend (Tomorrow, #4)",author_john_marsden,decade_1990s
8358,8359,6251012,UR,author_stephen_king,decade_2000s
8359,8360,133488,Tales of the South Pacific,author_james_a_michener,decade_1940s
8360,8361,5845,A Bend in the River,author_vs_naipaul,decade_1970s
8361,8362,25852784,Evicted: Poverty and Profit in the American City,author_matthew_desmond,decade_2010s
8362,8363,13565676,"The Assassin and the Empire (Throne of Glass, #0.5)",author_sarah_j_maas,decade_2010s
8363,8364,17835773,"Misbehaving (Sea Breeze, #6)",author_abbi_glines,decade_2010s
8364,8365,21416690,"The Invisible Library (The Invisible Library, #1)",author_genevieve_cogman,decade_2010s
8365,8366,112322,Saint Maybe,author_anne_tyler,decade_1990s
8366,8367,9526,Embroideries,author_marjane_satrapi author_anjali_singh,decade_2000s
8368,8369,3130430,"Harry, a History: The True Story of a Boy Wizard, His Fans, and Life Inside the Harry Potter Phenomenon",author_melissa_anelli author_jk_rowling,decade_2000s
8369,8370,3700085,Marcelo in the Real World,author_francisco_x_stork,decade_2000s
8370,8371,228199,"The Green Mile, Part 4: The Bad Death of Eduard Delacroix",author_stephen_king,decade_1990s
8372,8373,623976,"Alcatraz Versus the Evil Librarians (Alcatraz, #1)",author_brandon_sanderson,decade_2000s
8373,8374,13163846,Darth Vader and Son,author_jeffrey_brown,decade_2010s
8374,8375,2068,Darwin's Dangerous Idea: Evolution and the Meanings of Life,author_daniel_c_dennett,decade_1990s
8376,8377,244102,"Open Season (Joe Pickett, #1)",author_cj_box,decade_2000s
8377,8378,12926132,"Palace of Stone (Princess Academy, #2)",author_shannon_hale,decade_2010s
8378,8379,22725443,Hausfrau,author_jill_alexander_essbaum,decade_2010s
8380,8381,21414439,"Truthwitch (The Witchlands, #1)",author_susan_dennard,decade_2010s
8381,8382,4813,1421: The Year China Discovered America,author_gavin_menzies,decade_2000s
8382,8383,13513205,A Wrinkle in Time: The Graphic Novel,author_hope_larson author_madeleine_lengle,decade_2010s
8383,8384,225343,Heartburn,author_nora_ephron,decade_1980s
8384,8385,13528417,Tigers in Red Weather,author_liza_klaussmann,decade_2010s
8385,8386,92375,Hornet Flight,author_ken_follett,decade_2000s
8386,8387,39801,"The White Lioness (Kurt Wallander, #3)",author_henning_mankell author_laurie_thompson,decade_1990s
8387,8388,28485,"Elven Star (The Death Gate Cycle, #2)",author_margaret_weis author_tracy_hickman,decade_1990s
8388,8389,52872,Flight,author_sherman_alexie,decade_2000s
8389,8390,12073,Philosophical Investigations,author_ludwig_wittgenstein author_gem_anscombe,decade_1950s
8390,8391,9915707,"Endure (Need, #4)",author_carrie_jones,decade_2010s
8391,8392,23545800,"Kaleidoscope Hearts (Hearts, #1)",author_claire_contreras,decade_2010s
8392,8393,68524,"Enemy of God (The Warlord Chronicles, #2)",author_bernard_cornwell,decade_1990s
8393,8394,21518679,"Cage (Corps Security, #2)",author_harper_sloan,decade_2010s
8394,8395,18246727,Mud Vein,author_tarryn_fisher,decade_2010s
8395,8396,579696,Our Dumb Century: The Onion Presents 100 Years of Headlines from America's Finest News Source,author_scott_dikkers author_maria_schneider author_john_krewson author_robert_siegel author_david_javerbaum author_todd_hanson author_carol_kolb author_mike_loew author_tim_harrod,decade_1990s
8396,8397,294044,Ice Hunt,author_james_rollins,decade_2000s
8397,8398,29484,"Strange Candy (Anita Blake, Vampire Hunter #0.5)",author_laurell_k_hamilton,decade_2000s
8398,8399,79016,First Among Equals,author_jeffrey_archer,decade_1980s
8399,8400,53200,Black Holes and Baby Universes,author_stephen_hawking,decade_1990s
8400,8401,179033,"The Chronicles of Thomas Covenant, the Unbeliever (The Chronicles of Thomas Covenant the Unbeliever, #1-3)",author_stephen_r_donaldson,decade_1970s
8402,8403,31795,The Story of Philosophy: The Lives and Opinions of the World's Greatest Philosophers,author_will_durant,decade_1920s
8403,8404,110763,The Gnostic Gospels,author_elaine_pagels,decade_1970s
8405,8406,841973,"The Gods of Mars (Barsoom, #2)",author_edgar_rice_burroughs,decade_1910s
8406,8407,17570105,"The Survivor (Mitch Rapp, #14)",author_vince_flynn author_kyle_mills author_armand_schultz,decade_2010s
8407,8408,8712343,Kiss of Snow (Psy-Changeling #10),author_nalini_singh,decade_2010s
8408,8409,18467818,An Untamed State,author_roxane_gay,decade_2010s
8410,8411,164723,Diagnostic and Statistical Manual of Mental Disorders DSM-IV-TR,author_american_psychiatric_association,decade_1950s
8411,8412,104737,"A Monstrous Regiment of Women (Mary Russell, #2)",author_laurie_r_king,decade_1990s
8412,8413,40271,"Alvin Journeyman (Tales of Alvin Maker, #4)",author_orson_scott_card,decade_1990s
8413,8414,17262236,"Rose Under Fire (Code Name Verity, #2)",author_elizabeth_wein,decade_2010s
8414,8415,511240,"Yotsuba&!, Vol. 01 (Yotsuba&! #1)",author_kiyohiko_azuma author__,decade_2000s
8415,8416,35476,Black Elk Speaks: Being the Life Story of a Holy Man of the Oglala Sioux,author_black_elk author_john_g_neihardt,decade_1930s
8416,8417,6326920,"The Accidental Billionaires: The Founding of Facebook, a Tale of Sex, Money, Genius and Betrayal",author_ben_mezrich,decade_2000s
8417,8418,1050383,"The Sleeping Doll (Kathryn Dance, #1)",author_jeffery_deaver,decade_2000s
8418,8419,252999,"Dark Legend (Dark, #8)",author_christine_feehan,decade_2000s
8419,8420,107017,"Batman: Hush, Vol. 1",author_jeph_loeb author_jim_lee author_scott_williams,decade_2000s
8420,8421,13112023,One Breath Away,author_heather_gudenkauf,decade_2010s
8421,8422,2967316,The Devil's Punchbowl,author_greg_iles,decade_2000s
8422,8423,47944,"Empress of the World (Battle Hall Davies, #1)",author_sara_ryan,decade_2000s
8423,8424,2637138,"Welcome to the Jungle (The Dresden Files, #0.5)",author_jim_butcher,decade_2000s
8424,8425,6506307,"Blackout (All Clear, #1)",author_connie_willis,decade_2010s
8425,8426,18191814,"A Blaze of Sun (A Shade of Vampire, #5)",author_bella_forrest,decade_2010s
8426,8427,8389671,The Red Garden,author_alice_hoffman,decade_2010s
8427,8428,42407,Babar the King,author_jean_de_brunhoff,decade_1930s
8428,8429,13623777,Ungifted,author_gordon_korman,decade_2010s
8430,8431,372384,The Final Detail (Myron Bolitar #6),author_harlan_coben,decade_1990s
8431,8432,3972,"Olympos (Ilium, #2)",author_dan_simmons,decade_2000s
8432,8433,3872,A History of the World in 6 Glasses,author_tom_standage,decade_2000s
8433,8434,23398961,The Sound of Glass,author_karen___white,decade_2010s
8434,8435,71622,The Widow of the South,author_robert_hicks,decade_2000s
8435,8436,14060046,Obsession,author_jennifer_l_armentrout,decade_2010s
8437,8438,6345760,The Magician's Elephant,author_kate_dicamillo author_yoko_tanaka,decade_2000s
8438,8439,31178,Back When We Were Grownups,author_anne_tyler,decade_2000s
8439,8440,23289,The Dead,author_james_joyce,decade_1910s
8441,8442,16150996,"Convicted (Consequences, #3)",author_aleatha_romig,decade_2010s
8442,8443,7831742,"The Lost Saint (The Dark Divine, #2)",author_bree_despain,decade_2010s
8443,8444,4946005,Relentless,author_dean_koontz,decade_2000s
8444,8445,73906,"Taliesin (The Pendragon Cycle, #1)",author_stephen_r_lawhead,decade_1980s
8447,8448,92956,"The Memory of Earth (Homecoming, #1)",author_orson_scott_card,decade_1990s
8448,8449,6751356,Wench,author_dolen_perkinsvaldez,decade_2000s
8449,8450,3556419,"Curse the Dawn (Cassandra Palmer, #4)",author_karen_chance,decade_2000s
8452,8453,22131009,Where There's Smoke,author_jodi_picoult,decade_2010s
8453,8454,5559,Jack: Straight from the Gut,author_jack_welch author_john_a_byrne author_mike_barnicle,decade_2000s
8454,8455,30125,The Missing Piece Meets the Big O ,author_shel_silverstein,decade_1980s
8455,8456,44559,Life is Elsewhere,author_milan_kundera author_aaron_asher,decade_1960s
8457,8458,12900491,"Wicked Nights (Angels of the Dark, #1)",author_gena_showalter,decade_2010s
8458,8459,11237412,"Six's Legacy (Lorien Legacies: The Lost Files, #1)",author_pittacus_lore,decade_2010s
8459,8460,28760,Magic's Promise (Valdemar: Last Herald-Mage #2),author_mercedes_lackey,decade_1990s
8460,8461,25773504,Most Wanted,author_lisa_scottoline,decade_2010s
8461,8462,10799881,"Underworld (Abandon, #2)",author_meg_cabot,decade_2010s
8463,8464,60471,Coming Home,author_rosamunde_pilcher,decade_1990s
8464,8465,133767,"Glorious Appearing: The End of Days (Left Behind, #12)",author_tim_lahaye author_jerry_b_jenkins,decade_2000s
8466,8467,16158527,"Silken Prey (Lucas Davenport, #23)",author_john_sandford,decade_2010s
8467,8468,13593555,"Mad River (Virgil Flowers, #6)",author_john_sandford,decade_2010s
8468,8469,251665,Hotel du Lac,author_anita_brookner,decade_1980s
8469,8470,151926,"The Ghost Road (Regeneration, #3)",author_pat_barker,decade_1990s
8470,8471,682793,Pudd'nhead Wilson,author_mark_twain,decade_1890s
8472,8473,15793231,If You Find Me,author_emily_murdoch,decade_2010s
8473,8474,13065,"Native Tongue (Skink, #2)",author_carl_hiaasen,decade_1990s
8474,8475,128940,The Persian Pickle Club,author_sandra_dallas,decade_1990s
8475,8476,6763961,"My Soul to Save (Soul Screamers, #2)",author_rachel_vincent,decade_2000s
8477,8478,981463,The Relatives Came,author_cynthia_rylant author_stephen_gammell,decade_1980s
8478,8479,125502,What I Loved,author_siri_hustvedt,decade_2000s
8480,8481,11133791,Tilt,author_ellen_hopkins,decade_2010s
8482,8483,17569860,"Conquer Your Love (Surrender Your Love, #2)",author_jc_reed,decade_2010s
8484,8485,4224060,The Element: How Finding Your Passion Changes Everything,author_ken_robinson author_lou_aronica,decade_2000s
8485,8486,24611425,The Secret Chord,author_geraldine_brooks,decade_2010s
8486,8487,18752959,The Staff of Serapis (Percy Jackson & Kane Chronicles Crossover #2),author_rick_riordan,decade_2010s
8487,8488,17443673,A Different Blue,author_amy_harmon,decade_2010s
8488,8489,2159007,Downtown Owl,author_chuck_klosterman,decade_2000s
8489,8490,797094,Halo: The Flood,author_william_c_dietz,decade_2000s
8490,8491,92846,"Antrax (Voyage of the Jerle Shannara, #2)",author_terry_brooks,decade_2000s
8491,8492,676,Sailing Alone Around the Room: New and Selected Poems,author_billy_collins,decade_2000s
8492,8493,12924253,"Once (Eve, #2)",author_anna_carey,decade_2010s
8493,8494,17970255,"Into the Deep (Into the Deep, #1)",author_samantha_young,decade_2010s
8494,8495,61909,"Mirror Dance (Vorkosigan Saga, #8)",author_lois_mcmaster_bujold,decade_1990s
8495,8496,384457,Agnes and the Hitman,author_jennifer_crusie author_bob_mayer,decade_2000s
8496,8497,6493321,Logicomix: An epic search for truth,author_apostolos_doxiadis author_christos_h_papadimitriou author_alecos_papadatos author_annie_di_donna,decade_2000s
8499,8500,17455815,"Stone Cold Touch (The Dark Elements, #2)",author_jennifer_l_armentrout,decade_2010s
8500,8501,16127237,The Life List,author_lori_nelson_spielman,decade_2010s
8501,8502,11864728,"The Rising (Darkness Rising, #3)",author_kelley_armstrong,decade_2010s
8502,8503,80890,Buddenbrooks: The Decline of a Family,author_thomas_mann author_john_e_woods author_tj_reed,decade_1900s
8503,8504,231560,Uncle Vanya,author_anton_chekhov,decade_1890s
8504,8505,10844125,The Christmas Wedding,author_james_patterson author_richard_dilallo,decade_2010s
8505,8506,18392,"The Lost Years (The Lost Years of Merlin, #1)",author_ta_barron,decade_1990s
8506,8507,6080889,"Storm Glass (Glass, #1)",author_maria_v_snyder,decade_2000s
8507,8508,11229,"The Sea, the Sea",author_iris_murdoch author_mary_kinzie,decade_1970s
8509,8510,103815,"Among the Enemy (Shadow Children, #6)",author_margaret_peterson_haddix,decade_2000s
8510,8511,13502970,"Incendiary (The Premonition, #4)",author_amy_a_bartol,decade_2010s
8511,8512,769658,Battlefield Earth: A Saga of the Year 3000,author_l_ron_hubbard,decade_1980s
8513,8514,43352,I'll Be Seeing You,author_mary_higgins_clark,decade_1990s
8514,8515,7521400,This Time Together: Laughter and Reflection,author_carol_burnett,decade_2010s
8515,8516,12349,My Year of Meats,author_ruth_ozeki,decade_1990s
8516,8517,60925,Fledgling,author_octavia_e_butler,decade_2000s
8517,8518,11665750,"At Peace (The 'Burg, #2)",author_kristen_ashley,decade_2010s
8518,8519,401876,The House of God,author_samuel_shem author_john_updike,decade_1970s
8519,8520,18045473,Last Train to Istanbul,author_aye_kulin author_john_w_baker,decade_2000s
8520,8521,22749539,Echo,author_pam_muoz_ryan,decade_2010s
8522,8523,70561,The Gulag Archipelago 1918-1956,author_aleksandr_solzhenitsyn author_edward_e_ericson_jr,decade_1970s
8524,8525,6080420,Commencement ,author_j_courtney_sullivan,decade_2000s
8525,8526,592089,"The Bar Code Tattoo (Bar Code, #1)",author_suzanne_weyn,decade_2000s
8526,8527,8158992,"MacRieve (Immortals After Dark, #14)",author_kresley_cole,decade_2010s
8527,8528,8105569,Oogy: The Dog Only a Family Could Love,author_larry_levin,decade_2000s
8528,8529,36064,"American Tabloid (Underworld USA, #1)",author_james_ellroy,decade_1990s
8529,8530,7124101,"The Fallen and Leviathan (The Fallen, #1-2)",author_thomas_e_sniegoski,decade_2010s
8531,8532,2530,Baltasar and Blimunda,author_jos_saramago author_giovanni_pontiero,decade_1980s
8533,8534,23507745,"Serafina and the Black Cloak (Serafina, #1)",author_robert__beatty,decade_2010s
8534,8535,599090,A New Hope  (Star Wars: Novelizations #4),author_alan_dean_foster author_george_lucas,decade_1970s
8535,8536,6021523,Summer House,author_nancy_thayer,decade_2000s
8539,8540,9266769,"Summer and the City (The Carrie Diaries, #2)",author_candace_bushnell,decade_2010s
8540,8541,142545,"The Stone Monkey (Lincoln Rhyme, #4)",author_jeffery_deaver,decade_2000s
8541,8542,210243,"Origin in Death (In Death, #21)",author_jd_robb,decade_2000s
8542,8543,148769,"The First Part Last (Heaven, #2)",author_angela_johnson,decade_2000s
8543,8544,7783191,The Invisible Gorilla: And Other Ways Our Intuitions Deceive Us,author_christopher_chabris author_daniel_simons,decade_2010s
8544,8545,84842,"Prior Bad Acts (Kovac and Liska, #3)",author_tami_hoag,decade_2000s
8545,8546,608906,"Firestar's Quest (Warriors Super Edition, #1)",author_erin_hunter,decade_2000s
8547,8548,13531024,This is Not My Hat,author_jon_klassen,decade_2010s
8548,8549,4924862,I Will Teach You To Be Rich,author_ramit_sethi,decade_2000s
8549,8550,23197346,"Radiant Angel (John Corey, #7)",author_nelson_demille,decade_2010s
8550,8551,29103028,"The Queen's Poisoner (Kingfountain, #1)",author_jeff_wheeler,decade_2010s
8551,8552,11436,"Rejoice (Redemption, #4)",author_karen_kingsbury author_gary_smalley,decade_2000s
8552,8553,8492907,Physics of the Future: How Science Will Shape Human Destiny and Our Daily Lives by the Year 2100,author_michio_kaku,decade_2010s
8553,8554,13597723,"The Naturals (The Naturals, #1)",author_jennifer_lynn_barnes,decade_2010s
8554,8555,87425,"Tintin in Tibet (Tintin, #20)",author_herg author_leslie_lonsdalecooper author_michael_turner,decade_1960s
8555,8556,39798,"Firewall (Wallander, #8)",author_henning_mankell author_ebba_segerberg,decade_1990s
8556,8557,2073686,"Tales From the Hood (The Sisters Grimm, #6)",author_michael_buckley author_peter_ferguson,decade_2000s
8557,8558,844051,"Mutiny on the Bounty (The Bounty Trilogy, #1)",author_charles_bernard_nordhoff author_james_norman_hall,decade_1930s
8558,8559,1015311,"Love Hina, Vol. 01",author_ken_akamatsu,decade_1990s
8560,8561,15954540,"The Wretched of Muirwood (Legends of Muirwood, #1)",author_jeff_wheeler,decade_2010s
8561,8562,891812,"Gentle Rogue (Malory-Anderson Family, #3)",author_johanna_lindsey,decade_1990s
8562,8563,22886868,"The Shepherd's Crown (Discworld, #41; Tiffany Aching, #5)",author_terry_pratchett,decade_2010s
8563,8564,54620,Mary Barton,author_elizabeth_gaskell author_shirley_foster,decade_1840s
8564,8565,115476,Nostromo,author_joseph_conrad,decade_1900s
8565,8566,13333093,The Plum Tree,author_ellen_marie_wiseman,decade_2010s
8567,8568,4345290,"The Crown Conspiracy (The Riyria Revelations, #1)",author_michael_j_sullivan,decade_2000s
8568,8569,15767586,"Styxx (Dark-Hunter, #22)",author_sherrilyn_kenyon,decade_2010s
8569,8570,59142,Eugénie Grandet,author_honor_de_balzac author_sylvia_raphael author_christopher_prendergast,decade_1830s
8571,8572,82991,Silence of the Grave (Inspector Erlendur #4),author_arnaldur_indriason author_bernard_scudder,decade_2000s
8572,8573,11387392,The Catastrophic History of You and Me,author_jess_rothenberg,decade_2010s
8573,8574,7906105,"Girl, Stolen (Girl, Stolen #1)",author_april_henry,decade_2010s
8574,8575,1211904,"Leven Thumps and the Eyes of the Want (Leven Thumps, #3)",author_obert_skye,decade_2000s
8575,8576,25624089,Killing Reagan: The Violent Assault That Changed a Presidency,author_bill_oreilly author_martin_dugard,decade_2010s
8576,8577,8046680,The Girl Who Was on Fire: Your Favorite Authors on Suzanne Collins' Hunger Games Trilogy,author_leah_wilson author_jennifer_lynn_barnes author_mary_borsellino author_sarah_rees_brennan author_terri__clark author_bree_despain author_adrienne_kress author_sarah_darer_littman author_cara_lockwood author_elizabeth_m_rees author_carrie_ryan author_ned_vizzini author_lili_wilkinson author_blythe_woolston,decade_2010s
8577,8578,394683,A Bargain for Frances,author_russell_hoban author_lillian_hoban,decade_1970s
8578,8579,15806231,"Calculated in Death (In Death, #36)",author_jd_robb,decade_2010s
8579,8580,22929741,The Argonauts,author_maggie_nelson,decade_2010s
8580,8581,502295,Gonzo: The Life of Hunter S. Thompson,author_jann_s_wenner author_corey_seymour,decade_2000s
8581,8582,25664459,The Last Painting of Sara de Vos,author_dominic_smith,decade_2010s
8582,8583,29925715,The Sister,author_louise_jensen,decade_2010s
8584,8585,920780,Duck On A Bike,author_david_shannon,decade_2000s
8585,8586,10518423,The Soldier's Wife,author_margaret_leroy,decade_2010s
8586,8587,17667561,"The Shadow Throne (The Ascendance Trilogy, #3)",author_jennifer_a_nielsen,decade_2010s
8587,8588,432,"City of Glass (The New York Trilogy, #1)",author_paul_auster,decade_1980s
8589,8590,7264206,"This Body of Death (Inspector Lynley, #16)",author_elizabeth__george,decade_2010s
8590,8591,773514,"Emily Climbs (Emily, #2)",author_lm_montgomery,decade_1920s
8591,8592,2152871,"Kushiel's Mercy (Imriel's Trilogy, #3)",author_jacqueline_carey,decade_2000s
8592,8593,39933,How to Read Literature Like a Professor: A Lively and Entertaining Guide to Reading Between the Lines,author_thomas_c_foster,decade_2000s
8593,8594,12040447,"Shadows in Flight (Ender's Shadow, #5)",author_orson_scott_card,decade_2010s
8594,8595,20705702,"Burn for Me (Hidden Legacy, #1)",author_ilona_andrews,decade_2010s
8595,8596,1689469,"Chasing Darkness (Elvis Cole, #12)",author_robert_crais,decade_2000s
8596,8597,301023,"ttyl (Internet Girls, #1)",author_lauren_myracle,decade_2000s
8598,8599,1898916,"Vampire Knight, Vol. 4 (Vampire Knight, #4)",author_matsuri_hino author_tomo_kimura,decade_2000s
8601,8602,1296415,Mouse Paint,author_ellen_stoll_walsh,decade_1980s
8602,8603,13601550,"Accidentally on Purpose (Accidentally on Purpose, #1)",author_ld_davis,decade_2010s
8604,8605,48697,Art in Theory 1900 - 2000: An Anthology of Changing Ideas,author_charles_harrison author_paul_wood,decade_2000s
8605,8606,9677870,Press Here,author_herv_tullet author_christopher_franceschelli,decade_2010s
8606,8607,828483,"The Killing (Cherub, #4)",author_robert_muchamore,decade_2000s
8607,8608,43929,Darkest Fear (Myron Bolitar #7),author_harlan_coben,decade_1990s
8608,8609,724371,The Lady of Shalott,author_alfred_tennyson author_charles_keeping,decade_1830s
8611,8612,133017,Hellblazer: Original Sins,author_jamie_delano author_john_ridgway author_alfredo_alcal,decade_1980s
8613,8614,25451852,"Dawn of Wonder (The Wakening, #1)",author_jonathan_renshaw,decade_2010s
8614,8615,13007638,"Celebrity in Death (In Death, #34)",author_jd_robb,decade_2010s
8616,8617,62032,"The 13½ Lives of Captain Bluebear (Zamonia, #1)",author_walter_moers author_john_brownjohn,decade_1990s
8619,8620,489972,The Snowman,author_raymond_briggs,decade_1970s
8621,8622,13363270,"Just One Drop (The Grey Wolves, #3)",author_quinn_loftis,decade_2010s
8623,8624,6433836,"Rough Country (Virgil Flowers, #3)",author_john_sandford,decade_2000s
8624,8625,46917,Rabbit Redux (Rabbit Angstrom #2),author_john_updike,decade_1970s
8626,8627,194618,"Ross Poldark (Poldark, #1)",author_winston_graham,decade_1940s
8627,8628,25663888,"Orphan X (Orphan X, #1)",author_gregg_hurwitz,decade_2010s
8628,8629,11757975,"The Look of Love (San Francisco Sullivans, #1; The Sullivans, #1)",author_bella_andre,decade_2010s
8629,8630,7940591,Blockade Billy,author_stephen_king,decade_2010s
8630,8631,31271,The Matlock Paper,author_robert_ludlum,decade_1970s
8631,8632,736376,Breakfast with Buddha,author_roland_merullo,decade_2000s
8632,8633,29022,The Twelve Caesars,author_suetonius author_michael_grant author_robert_graves,decade_110s
8634,8635,360562,"Sharpe's Rifles (Sharpe, #6)",author_bernard_cornwell,decade_1980s
8635,8636,192214,"Vector Prime (Star Wars: The New Jedi Order, #1)",author_ra_salvatore,decade_1990s
8636,8637,24767,"Touching Darkness (Midnighters, #2)",author_scott_westerfeld,decade_2000s
8637,8638,3545387,"Revenge of the Spellmans (The Spellmans, #3)",author_lisa_lutz,decade_2000s
8638,8639,15811520,Detroit: An American Autopsy,author_charlie_leduff,decade_2010s
8639,8640,93575,"Gaudy Night (Lord Peter Wimsey, #12)",author_dorothy_l_sayers,decade_1930s
8640,8641,17158532,"Kings Rising (Captive Prince, #3)",author_cs_pacat,decade_2010s
8641,8642,18129852,"Rival (Fall Away, #2)",author_penelope_douglas author_abby_craden author_nelson_hobbs,decade_2010s
8642,8643,287861,"Mortal Engines (The Hungry City Chronicles, #1)",author_philip_reeve,decade_2000s
8643,8644,10399742,Private London (Private #4),author_james_patterson author_mark_pearson,decade_2010s
8644,8645,6659254,"Blood Cross (Jane Yellowrock, #2)",author_faith_hunter,decade_2010s
8645,8646,204479,"Spying in High Heels (High Heels, #1)",author_gemma_halliday,decade_2000s
8646,8647,776159,"The Lady in the Lake (Philip Marlowe, #4)",author_raymond_chandler,decade_1940s
8648,8649,22571612,"Crash & Burn (Tessa Leoni, #3)",author_lisa_gardner,decade_2010s
8649,8650,616318,"Justice, Volume 1",author_jim_krueger author_alex_ross author_doug_braithwaite,decade_2000s
8650,8651,10084,"River of Blue Fire (Otherland, #2)",author_tad_williams,decade_1990s
8651,8652,295169,"The Wind Singer (Wind on Fire, #1)",author_william_nicholson author_peter_ss,decade_2000s
8652,8653,93436,The End of Mr. Y,author_scarlett_thomas,decade_2000s
8653,8654,587638,Gentlemen of the Road,author_michael_chabon author_gary_gianni,decade_2000s
8654,8655,9476510,Those Guys Have All the Fun: Inside the World of ESPN,author_james_andrew_miller author_tom_shales,decade_2010s
8655,8656,129984,Big Fish,author_daniel_wallace,decade_1990s
8656,8657,17936925,"Breakable (Contours of the Heart, #2)",author_tammara_webber,decade_2010s
8657,8658,15818333,The Death of Bees,author_lisa_odonnell,decade_2010s
8659,8660,9526658,"Black Dawn (The Morganville Vampires, #12)",author_rachel_caine,decade_2010s
8660,8661,9670094,Through My Eyes,author_tim_tebow author_nathan_whitaker,decade_2010s
8661,8662,60932,"Parable of the Talents (Earthseed, #2)",author_octavia_e_butler,decade_1990s
8662,8663,16164271,"Locke & Key, Vol. 6: Alpha & Omega",author_joe_hill author_gabriel_rodrguez,decade_2010s
8665,8666,28239,Dark Star Safari: Overland from Cairo to Cape Town,author_paul_theroux,decade_2000s
8666,8667,653711,"Crystal Singer (Crystal Singer, #1)",author_anne_mccaffrey,decade_1980s
8667,8668,13546173,"The Assassin and the Underworld (Throne of Glass, #0.4)",author_sarah_j_maas,decade_2010s
8669,8670,11099729,Darth Plagueis,author_james_luceno,decade_2010s
8670,8671,26072609,"The Rainbow Comes and Goes: A Mother and Son On Life, Love, and Loss",author_anderson_cooper author_gloria_vanderbilt,decade_2010s
8671,8672,23208397,Underground Airlines,author_ben_h_winters,decade_2010s
8672,8673,644655,"Raven Black (Shetland Island, #1)",author_ann_cleeves,decade_2000s
8674,8675,792938,Having Our Say: The Delany Sisters' First 100 Years,author_sarah_l_delany author_a_elizabeth_delany author_amy_hill_hearth,decade_1990s
8675,8676,1862313,Lush Life,author_richard_price,decade_2000s
8676,8677,152662,What's Eating Gilbert Grape,author_peter_hedges,decade_1990s
8677,8678,15723286,"Curtsies & Conspiracies (Finishing School, #2)",author_gail_carriger,decade_2010s
8678,8679,22551743,The Truth According to Us,author_annie_barrows,decade_2010s
8679,8680,11432,"Reunion (Redemption, #5)",author_karen_kingsbury author_gary_smalley,decade_2000s
8680,8681,16256,"More Tales of the City (Tales of the City, #2)",author_armistead_maupin,decade_1980s
8681,8682,110871,Thérèse Raquin,author_mile_zola author_robin_buss,decade_1860s
8682,8683,10209997,The Night Strangers,author_chris_bohjalian,decade_2010s
8683,8684,17557143,"The Billionaire's Obsession ~ Simon (The Billionaire's Obsession, #1)",author_js_scott,decade_2010s
8684,8685,28965131,Behind Her Eyes,author_sarah_pinborough,decade_2010s
8685,8686,129798,The King in Yellow and Other Horror Stories,author_robert_w_chambers author_ef_bleiler,decade_1890s
8686,8687,77427,H.M.S. Surprise,author_patrick_obrian,decade_1970s
8687,8688,665,The Virtue of Selfishness: A New Concept of Egoism,author_ayn_rand author_nathaniel_branden,decade_1960s
8688,8689,2449962,"Twenty Wishes (Blossom Street, #5)",author_debbie_macomber,decade_2000s
8689,8690,3479967,Through Black Spruce,author_joseph_boyden,decade_2000s
8690,8691,6928893,One Good Dog,author_susan__wilson,decade_2010s
8691,8692,15050,Sexing the Cherry,author_jeanette_winterson,decade_1980s
8692,8693,6674372,The Murderer's Daughters,author_randy_susan_meyers,decade_2000s
8693,8694,1158706,"Strangers in Death (In Death, #26)",author_jd_robb,decade_2000s
8694,8695,10929432,"The Archived (The Archived, #1)",author_victoria_schwab,decade_2010s
8695,8696,251446,Glengarry Glen Ross,author_david_mamet,decade_1980s
8697,8698,25332115,The Sound of Gravel,author_ruth_wariner,decade_2010s
8698,8699,194870,The Complete Adventures of Peter Rabbit,author_beatrix_potter,decade_1980s
8701,8702,3115070,"Hostage to Pleasure (Psy-Changeling, #5)",author_nalini_singh,decade_2000s
8702,8703,385255,"Random Family: Love, Drugs, Trouble, and Coming of Age in the Bronx",author_adrian_nicole_leblanc,decade_2000s
8703,8704,42641,Resurrection,author_leo_tolstoy author_louise_maude author_aylmer_maude,decade_1890s
8704,8705,8643407,"Hard Magic (Grimnoir Chronicles, #1)",author_larry_correia,decade_2010s
8707,8708,11737387,"Fated (Alex Verus, #1)",author_benedict_jacka,decade_2010s
8708,8709,16077150,Instructions for a Heatwave,author_maggie_ofarrell,decade_2010s
8709,8710,12022496,"Victims (Alex Delaware, #27)",author_jonathan_kellerman,decade_2010s
8710,8711,21530229,"The Job (Fox and O'Hare, #3)",author_janet_evanovich author_lee_goldberg,decade_2010s
8711,8712,25222064,"Old School (Diary of a Wimpy Kid, #10)",author_jeff_kinney,decade_2010s
8712,8713,31194270,"Evelyn, After",author_victoria_helen_stone,decade_2010s
8713,8714,751635,The Skin I'm In,author_sharon_g_flake,decade_1990s
8714,8715,16065538,The Eye of God (Sigma Force #9),author_james_rollins,decade_2010s
8715,8716,28922,An Artist of the Floating World,author_kazuo_ishiguro,decade_1980s
8716,8717,1528410,Night Train to Lisbon,author_pascal_mercier author_barbara_harshav,decade_2000s
8717,8718,18052985,"Romancing the Duke (Castles Ever After, #1)",author_tessa_dare,decade_2010s
8718,8719,25176,"The Man With a Load of Mischief (Richard Jury, #1)",author_martha_grimes,decade_1980s
8719,8720,11714997,"The Underworld (Fallen Star, #2)",author_jessica_sorensen,decade_2010s
8720,8721,2372,"The Path Between the Seas: The Creation of the Panama Canal, 1870-1914",author_david_mccullough,decade_1970s
8721,8722,26116430,LaRose,author_louise_erdrich,decade_2010s
8722,8723,17978144,Before We Met,author_lucie_whitehouse,decade_2010s
8723,8724,2187270,Waiter Rant: Thanks for the Tip-Confessions of a Cynical Waiter,author_the_waiter author_steve_dublanica,decade_2000s
8724,8725,15728721,"Two Ravens and One Crow (The Iron Druid Chronicles, #4.5)",author_kevin_hearne,decade_2010s
8725,8726,296264,The Black Arrow,author_robert_louis_stevenson,decade_1880s
8726,8727,7997069,"Dead or Alive (Jack Ryan Universe, #13)",author_tom_clancy author_grant_blackwood,decade_2010s
8727,8728,563458,"Fallen Hearts (Casteel, #3)",author_vc_andrews,decade_1980s
8728,8729,185289,"Dragon Prince (Dragon Prince, #1)",author_melanie_rawn,decade_1980s
8729,8730,7099389,"The Burning Wire (Lincoln Rhyme, #9)",author_jeffery_deaver,decade_2010s
8730,8731,166101,"River, Cross My Heart",author_breena_clarke,decade_1990s
8731,8732,109499,Lies Women Believe: And the Truth that Sets Them Free,author_nancy_leigh_demoss author_elisabeth_elliot,decade_2000s
8732,8733,194808,To Build a Fire,author_jack_london,decade_1900s
8734,8735,4660,The 158-Pound Marriage,author_john_irving,decade_1970s
8735,8736,6150530,Free: The Future of a Radical Price,author_chris_anderson,decade_2000s
8736,8737,769712,Palestine,author_joe_sacco author_edward_said,decade_1990s
8737,8738,198511,Dear Theo,author_vincent_van_gogh author_irving_stone author_jean___stone,decade_1930s
8738,8739,15732712,One Hundred Names,author_cecelia_ahern,decade_2010s
8740,8741,16248223,The Ghost Bride,author_yangsze_choo,decade_2010s
8741,8742,34941,Star Wars - Episode I: The Phantom Menace,author_terry_brooks author_george_lucas,decade_1990s
8742,8743,13096848,"Avatar: The Last Airbender (The Promise, #2)",author_gene_luen_yang author_michael_dante_dimartino author_gurihiru author_bryan_konietzko,decade_2010s
8743,8744,23844390,The Pact,author_karina_halle,decade_2010s
8744,8745,266765,"Girls in Love (Girls, #1)",author_jacqueline_wilson,decade_1990s
8746,8747,254799,The Creative Habit: Learn It and Use It for Life,author_twyla_tharp,decade_2000s
8748,8749,10429025,"A Beautiful Dark (A Beautiful Dark, #1)",author_jocelyn_davies,decade_2010s
8749,8750,18889,"Lady of Avalon (Avalon, #3)",author_marion_zimmer_bradley author_diana_l_paxson,decade_1990s
8750,8751,15985392,"Threat Vector (Jack Ryan Universe, #15)",author_tom_clancy author_mark_greaney,decade_2010s
8751,8752,829313,Miles: The Autobiography,author_miles_davis author_quincy_troupe,decade_1980s
8752,8753,816752,"The Castle in the Attic (The Castle in the Attic, #1)",author_elizabeth_winthrop,decade_1980s
8753,8754,6303704,Does the Noise in My Head Bother You?,author_steven_tyler,decade_2010s
8754,8755,11985631,"The Sworn Sword (The Tales of Dunk and Egg, #2)",author_george_rr_martin,decade_2000s
8755,8756,2230284,"The Broken Window (Lincoln Rhyme, #8)",author_jeffery_deaver,decade_2000s
8756,8757,11851522,The Complete Works of H.P. Lovecraft,author_hp_lovecraft,decade_1970s
8757,8758,22431039,"Beautiful Secret (Beautiful Bastard, #4)",author_christina_lauren,decade_2010s
8758,8759,17707654,"Dust (Kay Scarpetta, #21)",author_patricia_cornwell,decade_2010s
8759,8760,143513,The Three Sisters,author_anton_chekhov,decade_1900s
8761,8762,21411887,"You Were Mine (Rosemary Beach, #9)",author_abbi_glines,decade_2010s
8762,8763,40313,Full Tilt (Full #2),author_janet_evanovich author_charlotte_hughes,decade_2000s
8763,8764,3173125,Beat the Reaper (Peter Brown #1),author_josh_bazell,decade_2000s
8765,8766,99218,"The Machine Crusade (Legends of Dune, #2)",author_brian_herbert author_kevin_j_anderson,decade_2000s
8768,8769,18693621,"Devil's Game (Reapers MC, #3)",author_joanna_wylde,decade_2010s
8769,8770,8793878,"The Keeping (Law of the Lycans, #3)",author_nicky_charles,decade_2010s
8771,8772,20768868,"Flesh and Blood (Kay Scarpetta, #22)",author_patricia_cornwell,decade_2010s
8773,8774,132609,Where's Spot?,author_eric_hill,decade_1980s
8774,8775,25772000,Cocky Bastard,author_penelope_ward author_vi_keeland,decade_2010s
8775,8776,78674,"Out to Canaan (Mitford Years, #4)",author_jan_karon,decade_1990s
8776,8777,2235597,"The Dangerous Days of Daniel X (Daniel X, #1)",author_james_patterson author_michael_ledwidge,decade_2000s
8779,8780,8369681,Prom and Prejudice,author_elizabeth_eulberg,decade_2010s
8780,8781,13074,Strip Tease,author_carl_hiaasen,decade_1990s
8782,8783,760110,"Jedi Search (Star Wars: The Jedi Academy Trilogy, #1)",author_kevin_j_anderson,decade_1990s
8783,8784,456057,"Showdown (Paradise, #1)",author_ted_dekker,decade_2000s
8784,8785,16299341,"Thankless in Death (In Death, #37)",author_jd_robb,decade_2010s
8787,8788,14028,Snow Country,author_yasunari_kawabata author_edward_g_seidensticker,decade_1930s
8789,8790,66470,"Chromosome 6 (Jack Stapleton & Laurie Montgomery, #3)",author_robin_cook,decade_1990s
8790,8791,893731,Big Trouble,author_dave_barry,decade_1990s
8791,8792,17877,The House of the Dead,author_fyodor_dostoyevsky author_ergin_altay,decade_1860s
8796,8797,9893355,"Stunning (Pretty Little Liars, #11)",author_sara_shepard,decade_2010s
8797,8798,481462,The Howling,author_gary_brandner,decade_1970s
8798,8799,239917,Sign of the Unicorn (The Chronicles of Amber #3),author_roger_zelazny,decade_1970s
8799,8800,3276072,Scat,author_carl_hiaasen,decade_2000s
8800,8801,22304,Life After God,author_douglas_coupland,decade_1990s
8801,8802,12786,The City of Falling Angels,author_john_berendt,decade_2000s
8804,8805,50453,Hot Water Music,author_charles_bukowski,decade_1980s
8805,8806,37619,"Warlock (Ancient Egypt, #3)",author_wilbur_smith,decade_1990s
8806,8807,21531503,What I Know for Sure,author_oprah_winfrey,decade_2010s
8807,8808,8575295,"Wisdom (My Blood Approves, #4)",author_amanda_hocking,decade_2010s
8809,8810,17406847,"Defy (Defy, #1)",author_sara_b_larson,decade_2010s
8810,8811,31493,"Standing in the Rainbow (Elmwood Springs, #2)",author_fannie_flagg,decade_1990s
8812,8813,13051316,The Misremembered Man (Tailorstown #1),author_christina_mckenna,decade_2000s
8813,8814,4599,Carter Beats the Devil,author_glen_david_gold,decade_2000s
8814,8815,436806,Story of the Eye,author_georges_bataille author_joachim_neugroschel author_dovid_bergelson,decade_1920s
8815,8816,4609710,"Knit Two (Friday Night Knitting Club, #2)",author_kate_jacobs,decade_2000s
8816,8817,95144,In the Night Kitchen,author_maurice_sendak,decade_1970s
8817,8818,11446,"Will You Please Be Quiet, Please?",author_raymond_carver,decade_1970s
8819,8820,8843801,"Eternal Rider (Lords of Deliverance, #1, Demonica, #6)",author_larissa_ione,decade_2010s
8820,8821,105189,The Story of a Shipwrecked Sailor,author_gabriel_garca_mrquez author_randolph_hogan,decade_1970s
8821,8822,18079757,"Concealed in Death (In Death, #38)",author_jd_robb,decade_2010s
8823,8824,37298,"Mind Prey (Lucas Davenport, #7)",author_john_sandford,decade_1990s
8825,8826,209966,"Planetary, Volume 1: All Over the World and Other Stories",author_warren_ellis author_john_cassaday,decade_2000s
8826,8827,17926775,"Stolen Songbird (The Malediction Trilogy, #1)",author_danielle_l_jensen,decade_2010s
8828,8829,228194,"The Green Mile, Part 2: The Mouse on the Mile",author_stephen_king,decade_1990s
8829,8830,43345,A Cry In The Night,author_mary_higgins_clark,decade_1980s
8830,8831,100322,Assata: An Autobiography,author_assata_shakur author_angela_y_davis author_lennox_s_hinds,decade_1980s
8831,8832,32636,"Days of Magic, Nights of War (Abarat, #2)",author_clive_barker,decade_2000s
8832,8833,789559,The Three Billy Goats Gruff,author_paul_galdone author_peter_christen_asbjrnsen,decade_1840s
8833,8834,17166702,True Love Story,author_willow_aster,decade_2010s
8834,8835,27423283,The Moonlit Garden,author_corina_bomann author_alison_layland,decade_2010s
8835,8836,6452806,True Compass: A Memoir,author_edward_m_kennedy,decade_2000s
8836,8837,3760,"Diamonds Are Forever (James Bond, #4)",author_ian_fleming,decade_1950s
8838,8839,23492288,"Hidden Bodies (You, #2)",author_caroline_kepnes,decade_2010s
8839,8840,349929,Passing,author_nella_larsen author_ntozake_shange author_thadious_m_davis,decade_1920s
8840,8841,47701,"InterWorld (InterWorld, #1)",author_neil_gaiman author_michael_reaves,decade_2000s
8841,8842,23232,The Realm of Possibility,author_david_levithan,decade_2000s
8842,8843,428223,The Invisible Wall: A Love Story That Broke Barriers,author_harry_bernstein,decade_2000s
8843,8844,7507908,The Replacement,author_brenna_yovanoff,decade_2010s
8844,8845,6713071,Last Words,author_george_carlin author_tony_hendra,decade_2000s
8845,8846,8701960,"The Information: A History, a Theory, a Flood",author_james_gleick,decade_2010s
8849,8850,2049,"The High Window (Philip Marlowe, #3)",author_raymond_chandler,decade_1940s
8850,8851,15985372,"Affliction (Anita Blake, Vampire Hunter #22)",author_laurell_k_hamilton,decade_2010s
8851,8852,12390650,"Wildest Dreams (Fantasyland, #1)",author_kristen_ashley,decade_2010s
8852,8853,168569,"Sudden Prey (Lucas Davenport, #8)",author_john_sandford,decade_1990s
8853,8854,95602,Mark of the Lion Trilogy,author_francine_rivers,decade_1990s
8855,8856,25052,"Mrs. Piggle-Wiggle's Magic (Mrs. Piggle Wiggle, #2)",author_betty_macdonald author_alexandra_boiger,decade_1940s
8857,8858,459386,"The Mermaids Singing (Tony Hill & Carol Jordan, #1)",author_val_mcdermid,decade_1990s
8858,8859,121715,The Weight of Glory,author_cs_lewis,decade_1940s
8859,8860,114141,Sanctuary,author_nora_roberts,decade_1990s
8860,8861,241934,"Sunset Express (Elvis Cole, #6)",author_robert_crais,decade_1990s
8861,8862,23355896,"The Bourbon Kings (The Bourbon Kings, #1)",author_jr_ward,decade_2010s
8863,8864,3762,"On Her Majesty's Secret Service (James Bond, #11)",author_ian_fleming,decade_1960s
8864,8865,239509,Women Who Love Too Much: When You Keep Wishing and Hoping He'll Change,author_robin_norwood,decade_1980s
8865,8866,1251032,Hero,author_perry_moore,decade_2000s
8866,8867,41918,There are No Children Here: The Story of Two Boys Growing Up in the Other America,author_alex_kotlowitz,decade_1990s
8867,8868,16333,"At Bertram's Hotel (Miss Marple, #11)",author_agatha_christie,decade_1960s
8868,8869,24465724,"Happily Ever After (The Selection, #0.4, 0.5, 2.5, 2.6)",author_kiera_cass,decade_2010s
8869,8870,119247,The Great Brain (Great Brain #1),author_john_d_fitzgerald author_mercer_mayer,decade_1960s
8870,8871,1891296,"The Fire Eternal (The Last Dragon Chronicles, #4)",author_chris_dlacey,decade_2000s
8871,8872,107773,"Mercy (Buchanan-Renard, #2)",author_julie_garwood,decade_2000s
8872,8873,269795,The Commitments,author_roddy_doyle,decade_1980s
8874,8875,170529,What My Mother Doesn't Know (What My Mother Doesn't Know #1),author_sonya_sones,decade_2000s
8875,8876,6691426,"Angelology (Angelology, #1)",author_danielle_trussoni,decade_2010s
8878,8879,158141,Wiseguy,author_nicholas_pileggi,decade_1980s
8879,8880,22420,"Transmetropolitan, Vol. 5: Lonely City (Transmetropolitan, #5)",author_warren_ellis author_darick_robertson author_rodney_ramos author_patrick_stewart,decade_2000s
8880,8881,15762186,"Benediction (Plainsong, #3)",author_kent_haruf,decade_2010s
8882,8883,420739,After the Night,author_linda_howard,decade_1990s
8883,8884,6193923,"Evil at Heart (Archie Sheridan & Gretchen Lowell, #3)",author_chelsea_cain,decade_2000s
8884,8885,22635858,The Bookseller,author_cynthia_swanson,decade_2010s
8886,8887,15810910,"The Thousand Names (The Shadow Campaigns, #1)",author_django_wexler,decade_2010s
8888,8889,23714544,"Beautiful Burn (The Maddox Brothers, #4)",author_jamie_mcguire,decade_2010s
8889,8890,836606,"Fruits Basket, Vol. 2",author_natsuki_takaya author_alethea_nibley author_athena_nibley,decade_1990s
8890,8891,51364,Misquoting Jesus: The Story Behind Who Changed the Bible and Why,author_bart_d_ehrman,decade_2000s
8891,8892,33288638,Wait for It,author_mariana_zapata,decade_2010s
8892,8893,13658,"The Other Wind (Earthsea Cycle, #6)",author_ursula_k_le_guin,decade_2000s
8893,8894,6497645,"The Paris Vendetta (Cotton Malone, #5)",author_steve_berry author_scott_brick,decade_2000s
8894,8895,22535533,Moriarty (Sherlock Holmes #2),author_anthony_horowitz,decade_2010s
8897,8898,80631,Blood Memory,author_greg_iles,decade_2000s
8898,8899,119239,Selected Poems,author_george_gordon_byron author_peter_j_manning author_susan_j_wolfson,decade_1840s
8899,8900,18089975,After I'm Gone,author_laura_lippman,decade_2010s
8900,8901,3925836,Shadows of the Workhouse,author_jennifer_worth,decade_2000s
8901,8902,47780,Hunting and Gathering,author_anna_gavalda author_alison_anderson,decade_2000s
8902,8903,762462,One Up On Wall Street: How To Use What You Already Know To Make Money In The Market,author_peter_lynch author_john_rothchild,decade_1980s
8903,8904,422452,Against a Dark Background,author_iain_m_banks,decade_1990s
8904,8905,7897620,I Still Dream About You,author_fannie_flagg,decade_2010s
8905,8906,2677,A Modest Proposal and Other Satirical Works,author_jonathan_swift,decade_1720s
8907,8908,85679,Mother Courage and Her Children,author_bertolt_brecht author_david_hare,decade_1940s
8908,8909,10357792,"Up from the Grave (Night Huntress, #7)",author_jeaniene_frost,decade_2010s
8909,8910,1210754,"Sun and Moon, Ice and Snow",author_jessica_day_george,decade_2000s
8910,8911,17570538,"The Blood Mirror (Lightbringer, #4)",author_brent_weeks,decade_2010s
8911,8912,7203669,Galveston,author_nic_pizzolatto,decade_2000s
8912,8913,12065943,Extra Yarn (E. B. White Read-Aloud Award. Picture Books),author_mac_barnett author_jon_klassen,decade_2010s
8913,8914,10306358,We the Animals,author_justin_torres,decade_2010s
8914,8915,2067,Breaking the Spell: Religion as a Natural Phenomenon,author_daniel_c_dennett,decade_2000s
8915,8916,765427,The Faerie Queene ,author_edmund_spenser author_thomas_p_roche author_c_patrick_odonnell,decade_1590s
8916,8917,8142508,"Her Daughter's Dream (Marta's Legacy, #2)",author_francine_rivers,decade_2010s
8917,8918,15752757,"Rock Chick Revolution (Rock Chick, #8)",author_kristen_ashley,decade_2010s
8919,8920,25148,The Fuck-Up,author_arthur_nersesian,decade_1990s
8920,8921,105744,"Meg (MEG, #1)",author_steve_alten,decade_1990s
8921,8922,289695,"Seeing Redd (The Looking Glass Wars, #2)",author_frank_beddor,decade_2000s
8922,8923,126583,Appointment in Samarra,author_john_ohara,decade_1930s
8923,8924,833550,Each Peach Pear Plum,author_janet_ahlberg author_allan_ahlberg,decade_1970s
8924,8925,17255186,"The Phoenix Project: A Novel About IT, DevOps, and Helping Your Business Win",author_gene_kim author_kevin_behr author_george_spafford,decade_2010s
8925,8926,17287009,Humans of New York,author_brandon_stanton,decade_2010s
8926,8927,10508526,The Chronicles of Harris Burdick: 14 Amazing Authors Tell the Tales,author_chris_van_allsburg author_lois_lowry author_kate_dicamillo author_mt_anderson author_louis_sachar author_stephen_king author_tabitha_king author_jon_scieszka author_sherman_alexie author_gregory_maguire author_cory_doctorow author_jules_feiffer author_linda_sue_park author_walter_dean_myers author_lemony_snicket,decade_2010s
8927,8928,47304,The Freedom Writers Diary,author_erin_gruwell author_zlata_filipovi author_the_freedom_writers,decade_1990s
8928,8929,2120783,The Post-American World,author_fareed_zakaria,decade_2000s
8929,8930,1823,Them: Adventures with Extremists,author_jon_ronson,decade_2000s
8930,8931,15161,The Ladies of Grace Adieu and Other Stories,author_susanna_clarke author_charles_vess,decade_2000s
8932,8933,22609522,"Red Notice: A True Story of High Finance, Murder, and One Man’s Fight for Justice",author_bill_browder,decade_2010s
8934,8935,9415951,Forgotten,author_cat_patrick,decade_2010s
8936,8937,227570,Lady Cottington's Pressed Fairy Book,author_terry_jones author_brian_froud,decade_1990s
8937,8938,18404248,That Night,author_chevy_stevens,decade_2010s
8938,8939,1331653,Salmon Fishing in the Yemen,author_paul_torday,decade_2000s
8939,8940,392563,The Rest Is Noise: Listening to the Twentieth Century,author_alex__ross,decade_2000s
8940,8941,10801027,"Cross My Heart (Cross My Heart, #1)",author_katie_klein,decade_2010s
8941,8942,9403947,Something like Normal,author_trish_doller,decade_2010s
8942,8943,18213403,"No Place to Hide: Edward Snowden, the NSA, and the U.S. Surveillance State",author_glenn_greenwald,decade_2010s
8943,8944,40293,Pastwatch: The Redemption of Christopher Columbus,author_orson_scott_card,decade_1990s
8944,8945,32529,"The Next Accident (Quincy & Rainie, #3)",author_lisa_gardner,decade_2000s
8945,8946,46292,The Divan,author_hafez,decade_1380s
8947,8948,8879121,"Zita the Spacegirl (Zita the Spacegirl, #1)",author_ben_hatke,decade_2010s
8948,8949,32812,"Paradiso (The Divine Comedy, #3)",author_dante_alighieri author_dorothy_l_sayers author_barbara_reynolds,decade_1320s
8949,8950,72148,Restless,author_william__boyd,decade_2000s
8951,8952,11784281,"Take This Regret (Take This Regret, #1)",author_amy_lichtenhan author_al_jackson,decade_2010s
8953,8954,28240855,The Girl You Lost,author_kathryn_croft,decade_2010s
8954,8955,18071296,Willing Captive,author_belle_aurora,decade_2010s
8956,8957,6055063,The Sweet Life in Paris: Delicious Adventures in the World's Most Glorious - and Perplexing - City,author_david_lebovitz,decade_2000s
8957,8958,17331828,"Talon (Talon, #1)",author_julie_kagawa,decade_2010s
8958,8959,24473763,"Radiance (Wraith Kings, #1)",author_grace_draven,decade_2010s
8959,8960,12878667,The Red House,author_mark_haddon,decade_2010s
8961,8962,7818881,"Twelfth Grade Kills (The Chronicles of Vladimir Tod, #5)",author_heather_brewer,decade_2010s
8962,8963,149621,Ice Station Zebra,author_alistair_maclean,decade_1960s
8963,8964,4059448,A. Lincoln,author_ronald_c_white_jr,decade_2000s
8964,8965,58033,Four Great Tragedies: Hamlet / Othello / King Lear / Macbeth,author_william_shakespeare author_sylvan_barnet author_alvin_kernan author_russell_fraser,decade_1980s
8965,8966,373606,Ain't She Sweet,author_susan_elizabeth_phillips,decade_2000s
8966,8967,21795430,"Promised (One Night, #1)",author_jodi_ellen_malpas,decade_2010s
8967,8968,1931915,Bruiser,author_neal_shusterman,decade_2010s
8969,8970,61915,"Falling Free (Vorkosigan Saga, #4)",author_lois_mcmaster_bujold,decade_1980s
8970,8971,21873331,"If I Stay Collection (If I Stay, #1-2)",author_gayle_forman,decade_2010s
8971,8972,93808,"The Cold Moon (Lincoln Rhyme, #7)",author_jeffery_deaver,decade_2000s
8972,8973,9865,The Moor's Last Sigh,author_salman_rushdie,decade_1990s
8973,8974,8584913,"The Dressmaker of Khair Khana: Five Sisters, One Remarkable Family, and the Woman Who Risked Everything to Keep Them Safe",author_gayle_tzemach_lemmon,decade_2010s
8975,8976,39664,Rita Hayworth and Shawshank Redemption: A Story from Different Seasons,author_stephen_king,decade_1980s
8976,8977,8570787,Drop Dead Healthy: One Man's Humble Quest for Bodily Perfection,author_aj_jacobs,decade_2010s
8978,8979,162823,The Case-Book of Sherlock Holmes,author_arthur_conan_doyle,decade_1920s
8979,8980,2508164,"Ghostgirl (Ghostgirl, #1)",author_tonya_hurley,decade_2000s
8980,8981,18143968,"I've Got You Under My Skin (Under Suspicion, #1)",author_mary_higgins_clark author_alafair_burke,decade_2010s
8981,8982,2147714,"Fables, Vol. 10: The Good Prince",author_bill_willingham author_mark_buckingham author_steve_leialoha author_aaron_alexovich author_andrew_pepoy,decade_2000s
8983,8984,981161,Red Phoenix (Red Phoenix #1),author_larry_bond author_patrick_larkin,decade_1980s
8984,8985,6678884,Never Look Away,author_linwood_barclay,decade_2010s
8985,8986,2983562,Your Heart Belongs to Me,author_dean_koontz,decade_2000s
8986,8987,32428,Shadow Fires,author_leigh_nichols author_dean_koontz,decade_1980s
8987,8988,891593,"Victory of Eagles (Temeraire, #5)",author_naomi_novik,decade_2000s
8989,8990,15818164,"The Blood Gospel (The Order of the Sanguines, #1)",author_james_rollins author_rebecca_cantrell,decade_2010s
8990,8991,18110808,"Fallen Crest Public (Fallen Crest High, #3)",author_tijan,decade_2010s
8991,8992,109520,I Am Not Myself These Days,author_josh_kilmerpurcell,decade_2000s
8992,8993,9757266,Sometimes It Happens,author_lauren_barnholdt,decade_2010s
8993,8994,13030356,"Bones Are Forever (Temperance Brennan, #15)",author_kathy_reichs,decade_2010s
8994,8995,8087,Deerskin,author_robin_mckinley,decade_1990s
8995,8996,4339,Dispatches,author_michael_herr,decade_1970s
8996,8997,8755555,"The Troubled Man (Kurt Wallander, #10)",author_henning_mankell author_laurie_thompson,decade_2000s
8997,8998,292740,Sleepers,author_lorenzo_carcaterra,decade_1990s
8998,8999,2474084,"The Work of Art in the Age of Its Technological Reproducibility, and Other Writings on Media",author_walter_benjamin author_michael_w_jennings author_brigid_doherty author_edmund_fn_jephcott author_rodney_livingstone author_howard_eiland author_thomas_y_levin,decade_1930s
8999,9000,43357,Pretend You Don't See Her,author_mary_higgins_clark,decade_1990s
9000,9001,6922622,Going Rogue: An American Life,author_sarah_palin author_lynn_vincent author_dewey_whetsell,decade_2000s
9002,9003,6457229,"The Monstrumologist (The Monstrumologist, #1)",author_rick_yancey,decade_2000s
9003,9004,86524,"The Path to Power (The Years of Lyndon Johnson, #1)",author_robert_a_caro,decade_1980s
9006,9007,6344423,"Intertwined (Intertwined, #1)",author_gena_showalter,decade_2000s
9007,9008,46182,In Watermelon Sugar,author_richard_brautigan,decade_1960s
9008,9009,13580846,My Life with the Walter Boys (My Life with the Walter Boys #1),author_ali_novak author_fallzswimmer,decade_2010s
9009,9010,71869,"Burning For Revenge (Tomorrow, #5)",author_john_marsden,decade_1990s
9010,9011,7967299,Love You to Death: The Unofficial Companion to the Vampire Diaries,author_crissy_calhoun,decade_2010s
9011,9012,18906484,The Husband's Secret Free Preview,author_liane_moriarty,decade_2010s
9012,9013,9182478,"Hourglass (Hourglass, #1)",author_myra_mcentire,decade_2010s
9014,9015,7831145,Play of Passion (Psy-Changeling #9),author_nalini_singh,decade_2010s
9015,9016,12063467,"Fury (New Species, #1)",author_laurann_dohner,decade_2010s
9016,9017,39916,Epileptic,author_david_b,decade_2000s
9017,9018,2437710,August: Osage County,author_tracy_letts,decade_2000s
9018,9019,10090,"Mountain of Black Glass (Otherland, #3)",author_tad_williams,decade_1990s
9019,9020,10161216,"Mr. Churchill's Secretary (Maggie Hope Mystery, #1)",author_susan_elia_macneal,decade_2010s
9020,9021,24929,Lost,author_gregory_maguire author_douglas_smith,decade_2000s
9021,9022,239239,The Prestige,author_christopher_priest,decade_1990s
9023,9024,72003,Angels in America,author_tony_kushner,decade_1990s
9024,9025,5942,Anil's Ghost,author_michael_ondaatje,decade_2000s
9025,9026,268559,Winter Moon,author_dean_koontz,decade_1990s
9026,9027,20603820,"The Will (Magdalene, #1)",author_kristen_ashley,decade_2010s
9027,9028,20706320,"A Grimm Warning (The Land of Stories, #3)",author_chris_colfer author_brandon_dorman,decade_2010s
9028,9029,21483760,"Spell or High Water (Magic 2.0, #2)",author_scott__meyer,decade_2010s
9029,9030,12583975,"The Billionaire Wins the Game (Billionaire Bachelors, #1)",author_melody_anne,decade_2010s
9030,9031,10378106,"Never Love a Highlander (McCabe Trilogy, #3)",author_maya_banks,decade_2010s
9031,9032,4099,The Pragmatic Programmer: From Journeyman to Master,author_andrew_hunt author_dave_thomas,decade_1990s
9033,9034,25877663,"Babylon's Ashes (The Expanse, #6)",author_james_sa_corey,decade_2010s
9034,9035,15762975,"Wrong Bed, Right Guy (Come Undone, #1)",author_katee_robert,decade_2010s
9035,9036,24724,Drop City,author_tc_boyle author_richard_poe,decade_2000s
9036,9037,3710603,Y: The Last Man - The Deluxe Edition Book One,author_brian_k_vaughan author_pia_guerra author_jos_marzn_jr author_pamela_rambo author_clem_robins author_jg_jones,decade_2000s
9037,9038,29486,Candy Girl: A Year in the Life of an Unlikely Stripper,author_diablo_cody,decade_2000s
9039,9040,24396884,"Alert (Michael Bennett, #8)",author_james_patterson author_michael_ledwidge,decade_2010s
9040,9041,16114862,"Unattainable (Undeniable, #3)",author_madeline_sheehan,decade_2010s
9041,9042,18310201,The Painter,author_peter_heller,decade_2010s
9042,9043,975119,Close Encounters Of The Third Kind,author_steven_spielberg,decade_1970s
9043,9044,43780,"Vampire Chronicles: Interview with the Vampire, The Vampire Lestat, The Queen of the Damned (Anne Rice)",author_anne_rice author_robert_okeefe author_f_murray_abraham author_michael_york author_kate_nelligan author_david_purdham,decade_1980s
9044,9045,846066,The Berenstain Bears Forget Their Manners,author_stan_berenstain author_jan_berenstain,decade_1980s
9045,9046,12710035,"Hot Ticket (Sinners on Tour, #3)",author_olivia_cunning,decade_2010s
9046,9047,94299,"The Search (Eve Duncan, #3)",author_iris_johansen,decade_2000s
9047,9048,2002,Harry Potter Schoolbooks Box Set: Two Classic Books from the Library of Hogwarts School of Witchcraft and Wizardry,author_jk_rowling,decade_2000s
9048,9049,395220,Zami: A New Spelling of My Name,author_audre_lorde,decade_1980s
9049,9050,13226173,"The Infernal Devices: Clockwork Angel (The Infernal Devices: Manga, #1)",author_cassandra_clare author_hyekyung_baek,decade_2010s
9051,9052,16061295,"Sixth Grave on the Edge (Charley Davidson, #6)",author_darynda_jones,decade_2010s
9053,9054,10364994,The Submission,author_amy_waldman,decade_2010s
9054,9055,25790,The Lord of the Rings Sketchbook,author_alan_lee author_ian_mckellen,decade_2000s
9055,9056,7234828,"Glimmerglass (Faeriewalker, #1)",author_jenna_black,decade_2010s
9056,9057,6987558,Don't Blink,author_james_patterson author_howard_roughan,decade_2010s
9057,9058,320700,Shadows over Innsmouth,author_stephen_jones author_hp_lovecraft author_kim_newman author_brian_mooney author_nicholas_royle author_david_langford author_michael_marshall_smith author_brian_lumley author_neil_gaiman author_basil_copper author_jack_yeovil author_guy_n_smith author_adrian_cole author_df_lewis author_ramsey_campbell author_david_sutton author_peter_tremayne,decade_1990s
9058,9059,55018,"The Tin Roof Blowdown (Dave Robicheaux, #16)",author_james_lee_burke,decade_2000s
9059,9060,6389257,The Death of Bunny Munro,author_nick_cave,decade_2000s
9060,9061,348564,"Flat Stanley (Flat Stanley, #1)",author_jeff_brown author_scott_nash author_macky_pamintuan,decade_1960s
9061,9062,8070049,"Winter's Passage (Iron Fey, #1.5)",author_julie_kagawa,decade_2010s
9063,9064,23719479,Rosemary: The Hidden Kennedy Daughter,author_kate_clifford_larson,decade_2010s
9064,9065,9592213,Faith,author_jennifer_haigh,decade_2010s
9065,9066,38529,Bite Me If You Can (Argeneau #6),author_lynsay_sands,decade_2000s
9066,9067,12458287,"The Golden Dynasty (Fantasyland, #2)",author_kristen_ashley,decade_2010s
9067,9068,237114,Moonlight Becomes You,author_mary_higgins_clark,decade_1990s
9068,9069,65070,A Corner of the Universe,author_ann_m_martin,decade_2000s
9069,9070,177515,The Ice Queen,author_alice_hoffman,decade_2000s
9070,9071,473623,"The Folk of the Faraway Tree (The Faraway Tree, #3)",author_enid_blyton,decade_1940s
9071,9072,24189224,City on Fire,author_garth_risk_hallberg,decade_2010s
9074,9075,7199667,"Princess of Glass (The Princesses of Westfalin Trilogy, #2)",author_jessica_day_george,decade_2010s
9076,9077,13316328,"The Last Dragonslayer (The Chronicles of Kazam, #1)",author_jasper_fforde,decade_2010s
9077,9078,355190,Orientalism,author_edward_said,decade_1970s
9079,9080,227492,Friends and Lovers,author_eric_jerome_dickey,decade_1990s
9080,9081,807968,"Molly Moon's Incredible Book of Hypnotism (Molly Moon, #1)",author_georgia_byng,decade_2000s
9082,9083,4261,Songbook,author_nick_hornby,decade_2000s
9085,9086,74270,"Luck in the Shadows (Nightrunner, #1)",author_lynn_flewelling,decade_1990s
9086,9087,1258121,"The Lemonade War (The Lemonade War, #1)",author_jacqueline_davies,decade_2000s
9087,9088,948526,"The Knight at Dawn (Magic Tree House, #2)",author_mary_pope_osborne author_salvatore_murdocca,decade_1990s
9088,9089,17181905,"The Arrangement: The Ferro Family (The Arrangement, #1)",author_hm_ward,decade_2010s
9090,9091,17348985,Help for the Haunted,author_john_searles,decade_2010s
9091,9092,13620,"Death Note, Vol. 6: Give-and-Take (Death Note, #6)",author_tsugumi_ohba author_takeshi_obata,decade_2000s
9092,9093,7736086,"The Lightning Thief: The Graphic Novel (Percy Jackson and the Olympians, #1)",author_rick_riordan author_robert_venditti author_jos_villarrubia author_attila_futaki,decade_2010s
9093,9094,13230263,Mrs. Kennedy and Me: An Intimate Memoir,author_clint_hill author_lisa_mccubbin,decade_2010s
9094,9095,57736,Shoeless Joe,author_wp_kinsella,decade_1980s
9095,9096,241387,When Crickets Cry,author_charles_martin,decade_2000s
9096,9097,21913812,This Changes Everything: Capitalism vs. The Climate,author_naomi_klein,decade_2010s
9097,9098,10439703,"Aloha from Hell (Sandman Slim, #3)",author_richard_kadrey,decade_2010s
9098,9099,18781540,"Until Lilly (Until, #3)",author_aurora_rose_reynolds,decade_2010s
9099,9100,122781,A Walk Across America,author_peter_jenkins,decade_1970s
9100,9101,13649056,"Try Me (One Night with Sole Regret, #1)",author_olivia_cunning,decade_2010s
9101,9102,105687,All Souls: A Family Story from Southie,author_michael_patrick_macdonald,decade_1990s
9103,9104,467032,The Bad Seed,author_william_march author_elaine_showalter,decade_1950s
9104,9105,16279715,"Connected (Connections, #1)",author_kim_karr,decade_2010s
9105,9106,9553503,"Angel Fire (Angel, #2)",author_la_weatherly,decade_2010s
9106,9107,10870589,Growing Up Amish,author_ira_wagler,decade_2010s
9107,9108,17504320,"Taking Shots (Assassins, #1)",author_toni_aleo,decade_2010s
9108,9109,22857396,"Sweet Addiction (Sweet Addiction, #1)",author_j__daniels,decade_2010s
9109,9110,13170021,Bomb: The Race to Build—and Steal—the World's Most Dangerous Weapon,author_steve_sheinkin,decade_2010s
9110,9111,4364,Maximum City: Bombay Lost and Found,author_suketu_mehta,decade_2000s
9111,9112,831470,Bambi,author_bob_grant,decade_1940s
9112,9113,10105,The Last Wife of Henry VIII,author_carolly_erickson,decade_1980s
9113,9114,132314,The Complete Tales and Poems,author_edgar_allan_poe,decade_1840s
9114,9115,8286216,"Gideon's Sword (Gideon Crew, #1)",author_douglas_preston author_lincoln_child,decade_2010s
9115,9116,31300,"A Caribbean Mystery (Miss Marple, #10)",author_agatha_christie,decade_1960s
9117,9118,17707603,George Washington's Secret Six: The Spy Ring That Saved the American Revolution,author_brian_kilmeade author_don_yaeger,decade_2010s
9118,9119,43841,"When Christ and His Saints Slept  (Henry II & Eleanor of Aquitaine, #1)",author_sharon_kay_penman,decade_1990s
9120,9121,13573419,Great North Road,author_peter_f_hamilton,decade_2010s
9121,9122,15768536,"Fall From Grace (Mad World, #1)",author_christine_zolendz,decade_2010s
9122,9123,5697,The Complete Short Novels,author_anton_chekhov author_richard_pevear author_larissa_volokhonsky,decade_1890s
9123,9124,900070,The Berenstain Bears Go to School,author_stan_berenstain author_jan_berenstain,decade_1970s
9125,9126,106859,Superman for All Seasons,author_jeph_loeb author_tim_sale author_bjarne_hansen,decade_2000s
9127,9128,9065265,"Retribution (Dark-Hunter, #19)",author_sherrilyn_kenyon,decade_2010s
9128,9129,23960,Glue,author_irvine_welsh,decade_2000s
9129,9130,17449197,"Unhinged (Splintered, #2)",author_ag_howard,decade_2010s
9130,9131,18161265,How to Fall in Love,author_cecelia_ahern,decade_2010s
9131,9132,129618,"Until You (Westmoreland, #3)",author_judith_mcnaught,decade_1990s
9132,9133,62479,"Servant of the Shard (Forgotten Realms: Paths of Darkness, #3; The Sellswords, #1)",author_ra_salvatore,decade_2000s
9134,9135,7614747,"Venom (Elemental Assassin, #3)",author_jennifer_estep,decade_2010s
9135,9136,13568619,The Shadowhunter's Codex,author_cassandra_clare author_joshua_lewis,decade_2010s
9136,9137,121809,"Tennis Shoes Among the Nephites (Tennis Shoes, #1)",author_chris_heimerdinger,decade_1980s
9137,9138,477338,"Blue is for Nightmares (Blue is for Nightmares, #1)",author_laurie_faria_stolarz,decade_2000s
9138,9139,5417,Carrie / 'Salem's Lot / The Shining,author_stephen_king,decade_1980s
9139,9140,1541884,"Personal Demon (Women of the Otherworld, #8)",author_kelley_armstrong,decade_2000s
9140,9141,9329354,"The Way of Kings, Part 1 (The Stormlight Archive #1.1)",author_brandon_sanderson,decade_2010s
9141,9142,6517407,The Christmas List,author_richard_paul_evans,decade_2000s
9142,9143,7252,How to Make Love Like a Porn Star: A Cautionary Tale,author_jenna_jameson author_neil_strauss,decade_2000s
9145,9146,7261549,"Dark Days (Skulduggery Pleasant, #4)",author_derek_landy,decade_2010s
9146,9147,228198,"The Green Mile, Part 3: Coffey's Hands",author_stephen_king,decade_1990s
9147,9148,111306,"Jacob (Nightwalkers, #1)",author_jacquelyn_frank,decade_2000s
9148,9149,50750,You Slay Me (Aisling Grey #1),author_katie_macalister,decade_2000s
9149,9150,17192373,Perfect,author_rachel_joyce,decade_2010s
9150,9151,615233,Clifford's Halloween,author_norman_bridwell,decade_1960s
9151,9152,531197,"Lyra's Oxford (His Dark Materials, #3.5)",author_philip_pullman author_john_lawrence,decade_2000s
9152,9153,8803932,"If I Die (Soul Screamers, #5)",author_rachel_vincent,decade_2010s
9153,9154,14781219,Private Berlin (Private #5),author_james_patterson author_mark_t_sullivan,decade_2010s
9154,9155,227590,The Other Daughter,author_lisa_gardner,decade_1990s
9155,9156,765193,Amazing Grace,author_mary_hoffman author_caroline_binch,decade_1990s
9157,9158,44543,Slammerkin,author_emma_donoghue,decade_2000s
9158,9159,60220,"Simply Irresistible (Chinooks Hockey Team, #1)",author_rachel_gibson,decade_1990s
9159,9160,11235783,"About That Night (FBI/US Attorney, #3)",author_julie_james,decade_2010s
9160,9161,1087205,"Ouran High School Host Club, Vol. 3 (Ouran High School Host Club, #3)",author_bisco_hatori,decade_2000s
9161,9162,37377,On the Night You Were Born,author_nancy_tillman,decade_2000s
9162,9163,11104030,MWF Seeking BFF: My Yearlong Search For A New Best Friend,author_rachel_bertsche,decade_2010s
9163,9164,20886354,"Skin Deep (Legion, #2)",author_brandon_sanderson author_jon_foster,decade_2010s
9164,9165,22895264,"Wicked (A Wicked Saga, #1)",author_jennifer_l_armentrout,decade_2010s
9165,9166,6953500,"Insatiable (Insatiable, #1)",author_meg_cabot,decade_2010s
9166,9167,22600903,"Where I Belong (Alabama Summer, #1)",author_j__daniels,decade_2010s
9167,9168,366337,"Back on Blossom Street (Blossom Street, #4)",author_debbie_macomber,decade_2000s
9168,9169,8257435,Hector and the Search for Happiness,author_franois_lelord author_lorenza_garca,decade_2000s
9169,9170,241969,"Between, Georgia",author_joshilyn_jackson,decade_2000s
9170,9171,33729,"Faking It (Dempseys, #2)",author_jennifer_crusie,decade_2000s
9171,9172,17801,Underground: The Tokyo Gas Attack and the Japanese Psyche,author_haruki_murakami author_alfred_birnbaum author_philip_gabriel,decade_1990s
9172,9173,27298,"The Twentieth Wife (Taj Mahal Trilogy, #1)",author_indu_sundaresan,decade_2000s
9173,9174,15059301,"Captured (The Captive, #1)",author_erica_stevens,decade_2010s
9174,9175,99461,Split Infinity  (Apprentice Adept #1),author_piers_anthony,decade_1980s
9175,9176,44360,Sex God: Exploring the Endless Connections between Sexuality and Spirituality,author_rob_bell,decade_2000s
9176,9177,5556595,A Vintage Affair,author_isabel_wolff,decade_2000s
9177,9178,302998,The Buddha of Suburbia,author_hanif_kureishi,decade_1990s
9178,9179,11544466,"Breathe (Breathe, #1)",author_sarah_crossan,decade_2010s
9179,9180,64949,The Voice of the Night,author_brian_coffey author_dean_koontz,decade_1980s
9180,9181,25837338,The Girl from Krakow,author_alex_rosenberg,decade_2010s
9181,9182,6452731,Justice: What's the Right Thing to Do?,author_michael_j_sandel,decade_2000s
9182,9183,22608582,13 Hours: The Inside Account of What Really Happened In Benghazi,author_mitchell_zuckoff,decade_2010s
9183,9184,6916963,"Succubus Shadows (Georgina Kincaid, #5)",author_richelle_mead,decade_2010s
9184,9185,6505109,Roses,author_leila_meacham,decade_2010s
9186,9187,4016515,Letter to My Daughter,author_maya_angelou,decade_2000s
9187,9188,393060,The Post-Birthday World,author_lionel_shriver,decade_2000s
9188,9189,349129,The Man Who Walked Between the Towers,author_mordicai_gerstein,decade_2000s
9190,9191,54120,The Double,author_jos_saramago author_margaret_jull_costa,decade_2000s
9191,9192,5996209,"Thorn Queen (Dark Swan, #2)",author_richelle_mead,decade_2000s
9192,9193,697210,"Lost & Found (Rocky Pelligrino, #1)",author_jacqueline_sheehan,decade_2000s
9195,9196,13543138,Blackberry Winter,author_sarah_jio,decade_2010s
9196,9197,11318,Trouble Is My Business,author_raymond_chandler,decade_1950s
9197,9198,24761,"An Acceptable Time (A Wrinkle in Time Quintet, #5)",author_madeleine_lengle,decade_1980s
9198,9199,127249,The Third Secret,author_steve_berry,decade_2000s
9200,9201,38548,Love Bites (Argeneau #2),author_lynsay_sands,decade_2000s
9201,9202,17727276,Hard Choices,author_hillary_rodham_clinton,decade_2010s
9202,9203,137894,"Batman: No Man's Land, Vol. 1",author_bob_gale author_devin_grayson author_alex_maleev author_dale_eaglesham,decade_1990s
9204,9205,11076123,Half Blood Blues,author_esi_edugyan,decade_2010s
9205,9206,15655,The Kindness of Strangers,author_katrina_kittle,decade_2000s
9206,9207,13132816,Emmy & Oliver,author_robin_benway,decade_2010s
9207,9208,22040598,The Sculptor,author_scott_mccloud,decade_2010s
9208,9209,22504701,Roller Girl,author_victoria_jamieson,decade_2010s
9209,9210,160988,The Best Nest,author_pd_eastman,decade_1960s
9210,9211,7296271,"Beyond Exile (Day by Day Armageddon,# 2)",author_jl_bourne,decade_2010s
9211,9212,1105093,Braveheart,author_randall_wallace,decade_1990s
9212,9213,21327,"Fables, Vol. 7: Arabian Nights [and Days] (Fables, #7)",author_bill_willingham author_mark_buckingham author_steve_leialoha author_jim_fern author_jimmy_palmiotti author_andrew_pepoy,decade_2000s
9214,9215,15836,Fugitive Pieces,author_anne_michaels,decade_1990s
9216,9217,376613,The Cobra Event,author_richard___preston,decade_1990s
9217,9218,13115995,"Everbound (Everneath, #2)",author_brodi_ashton,decade_2010s
9218,9219,5291189,The Hole in Our Gospel: What does God expect of Us? The Answer that Changed my Life and Might Just Change the World,author_richard_stearns,decade_2000s
9221,9222,71984,"Ghost Wars: The Secret History of the CIA, Afghanistan, and bin Laden from the Soviet Invasion to September 10, 2001",author_steve_coll,decade_2000s
9223,9224,25866725,Broken Grace,author_ec_diskin,decade_2010s
9224,9225,161846,The Midwich Cuckoos,author_john_wyndham,decade_1950s
9225,9226,20874139,I Am Livia,author_phyllis_t_smith,decade_2010s
9226,9227,2306910,Smoke Screen,author_sandra_brown,decade_2000s
9227,9228,7894870,Bone: Tall Tales,author_jeff_smith author_thomas_e_sniegoski author_steve_hamaker,decade_2010s
9228,9229,19156898,The Fourteenth Goldfish,author_jennifer_l_holm author_tad_carpenter,decade_2010s
9231,9232,400,Libra,author_don_delillo,decade_1980s
9232,9233,18990,The Honourable Schoolboy,author_john_le_carr,decade_1970s
9233,9234,1593623,"Renegade's Magic (Soldier Son, #3)",author_robin_hobb,decade_2000s
9234,9235,16148938,"Second Shift: Order (Shift, #2)",author_hugh_howey,decade_2010s
9235,9236,13105,"The Tenth Insight: Holding the Vision (Celestine Prophecy, #2)",author_james_redfield,decade_1990s
9236,9237,820394,"The Interpretation of Murder (Freud, #1)",author_jed_rubenfeld,decade_2000s
9237,9238,8172,Superman: Birthright,author_mark_waid author_alfred_gough author_miles_millar author_dave_mccaig author_gerry_alanguilan author_leinil_francis_yu,decade_2000s
9238,9239,141935,Curious George Visits the Library,author_margret_rey author_ha_rey author_martha_weston,decade_2000s
9239,9240,45369,Arthur & George,author_julian_barnes,decade_2000s
9241,9242,16029994,"Sins & Needles (The Artists Trilogy, #1)",author_karina_halle,decade_2010s
9242,9243,61505,A Little History of the World,author_eh_gombrich author_caroline_mustill author_clifford_harper,decade_1930s
9243,9244,8542839,"Fire Burn and Cauldron Bubble (Jolie Wilkins, #1)",author_hp_mallory,decade_2010s
9244,9245,836611,"Fruits Basket, Vol. 4",author_natsuki_takaya author_alethea_nibley author_athena_nibley,decade_2000s
9245,9246,6758423,"Women, Food and God: An Unexpected Path to Almost Everything",author_geneen_roth,decade_2000s
9246,9247,762134,Palace Walk (The Cairo Trilogy #1),author_naguib_mahfouz author_william_m_hutchins author_olive_e_kenny,decade_1950s
9247,9248,6630751,"First to Kill (Nathan McBride, #1)",author_andrew__peterson,decade_2000s
9249,9250,15902792,"Still Foolin' 'Em: Where I've Been, Where I'm Going, and Where the Hell Are My Keys",author_billy_crystal,decade_2010s
9250,9251,152402,"Lucky (Lucky Santangelo, #2)",author_jackie_collins,decade_1980s
9252,9253,432283,If Life Is a Bowl of Cherries What Am I Doing in the Pits?,author_erma_bombeck,decade_1970s
9253,9254,68530,"Vagabond (The Grail Quest, #2)",author_bernard_cornwell,decade_2000s
9255,9256,16762211,"Sometimes Never (Sometimes Never, #1)",author_cheryl_mcintyre,decade_2010s
9256,9257,11350430,"The Mystery Knight (The Tales of Dunk and Egg, #3)",author_george_rr_martin,decade_2010s
9257,9258,12710106,"Double Time (Sinners on Tour, #5)",author_olivia_cunning,decade_2010s
9258,9259,8288246,"Red Glove (Curse Workers, #2)",author_holly_black,decade_2010s
9259,9260,13237327,"The Magic (The Secret, #3)",author_rhonda_byrne,decade_2010s
9261,9262,44399,Too Busy Not to Pray: Slowing Down to Be With God,author_bill_hybels author_lavonne_neff,decade_1980s
9262,9263,3015764,Indignation,author_philip_roth,decade_2000s
9263,9264,8526694,Open City,author_teju_cole,decade_2010s
9264,9265,822989,"My Story: ""A Child Called It"", ""The Lost Boy"", ""A Man Named Dave""",author_dave_pelzer,decade_1990s
9265,9266,8113940,"Witches of East End (The Beauchamp Family, #1)",author_melissa_de_la_cruz,decade_2010s
9266,9267,443540,All He Ever Wanted,author_anita_shreve,decade_2000s
9267,9268,52629,The Fifth Dominion (Imajica Part #1/2),author_clive_barker,decade_1990s
9268,9269,18080889,"Worth the Fight (MMA Fighter, #1)",author_vi_keeland,decade_2010s
9269,9270,8089,Rose Daughter,author_robin_mckinley,decade_1990s
9270,9271,6433344,"Fools Rush In (Weddings by Bella, #1)",author_janice__thompson,decade_2000s
9272,9273,7090290,"My Fair Lazy: One Reality Television Addict's Attempt to Discover If Not Being A Dumb Ass Is the New Black, or, a Culture-Up Manifesto",author_jen_lancaster,decade_2010s
9273,9274,17853024,"The Pagan Lord (The Saxon Stories, #7)",author_bernard_cornwell,decade_2010s
9275,9276,25666046,The North Water,author_ian_mcguire,decade_2010s
9276,9277,64732,"The Forge of God (Forge of God, #1)",author_greg_bear,decade_1980s
9277,9278,26214866,"In the Clearing (Tracy Crosswhite, #3)",author_robert_dugoni,decade_2010s
9278,9279,16130723,"Hidden Order (Scot Harvath, #12)",author_brad_thor,decade_2010s
9279,9280,111220,Eleanor of Aquitaine: A Life ,author_alison_weir,decade_1990s
9280,9281,1524,"Agamemnon (Oresteia, #1)",author_aeschylus author_judith_affleck author_philip_de_may author_patricia_e_easterling author_john_____harrison,decade_0s
9281,9282,16280689,"Staked (The Iron Druid Chronicles, #8)",author_kevin_hearne,decade_2010s
9283,9284,4800764,"Sweet Persuasion (Sweet, #2)",author_maya_banks,decade_2000s
9284,9285,16136599,"Redeemed (House of Night, #12)",author_pc_cast author_kristin_cast,decade_2010s
9285,9286,21086818,"Do No Harm: Stories of Life, Death and Brain Surgery",author_henry_marsh,decade_2010s
9286,9287,33356,Jennifer Government,author_max_barry,decade_2000s
9288,9289,313267,"Dark Destiny (Dark, #13)",author_christine_feehan,decade_2000s
9289,9290,52367,"Batman: The Dark Knight Strikes Again (The Dark Knight Saga, #2)",author_frank_miller author_lynn_varley,decade_2000s
9290,9291,145397,Me: Stories of My Life,author_katharine_hepburn,decade_1990s
9291,9292,95708,The Now Habit: A Strategic Program for Overcoming Procrastination and Enjoying Guilt-Free Play,author_neil_a_fiore,decade_1980s
9292,9293,23214408,"After Ever Happy (After, #4)",author_anna_todd,decade_2010s
9293,9294,18232495,The Auschwitz Escape,author_joel_c_rosenberg,decade_2010s
9294,9295,10541,Made in America: An Informal History of the English Language in the United States,author_bill_bryson,decade_1990s
9295,9296,4887,The Drama of the Gifted Child: The Search for the True Self,author_alice__miller author_ruth_ward,decade_1970s
9297,9298,129327,The Case of Charles Dexter Ward,author_hp_lovecraft,decade_1940s
9298,9299,645180,Soon I Will Be Invincible,author_austin_grossman,decade_2000s
9299,9300,33144,Paint it Black,author_janet_fitch,decade_2000s
9300,9301,11429,"Ever After (Lost Love, #2)",author_karen_kingsbury,decade_2000s
9302,9303,51715,Mythologies,author_roland_barthes author_annette_lavers,decade_1950s
9303,9304,13270,Poetics,author_aristotle author_malcolm_heath,decade_0s
9307,9308,11306,The Dark Is Rising Sequence  (The Dark Is Rising #1-5),author_susan_cooper,decade_1980s
9308,9309,12002819,The Flight of Gemma Hardy,author_margot_livesey,decade_2010s
9309,9310,125959,"Saint (Paradise, #2)",author_ted_dekker,decade_2000s
9310,9311,60080,Groundwork of the Metaphysics of Morals,author_immanuel_kant author_mary_j_gregor author_christine_m_korsgaard,decade_1780s
9311,9312,25614598,"Crimson Shore (Pendergast, #15)",author_douglas_preston author_lincoln_child,decade_2010s
9312,9313,541024,More Than Human,author_theodore_sturgeon,decade_1950s
9313,9314,20318201,"Burn (Michael Bennett, #7)",author_james_patterson author_michael_ledwidge,decade_2010s
9314,9315,11996019,The King's Agent,author_donna_russo_morin,decade_2010s
9315,9316,426030,The Healer (O'Malley #5),author_dee_henderson,decade_2000s
9317,9318,359461,The Guardian (O'Malley #2),author_dee_henderson,decade_2000s
9318,9319,8163161,"Ouran High School Host Club, Vol. 15 (Ouran High School Host Club, #15)",author_bisco_hatori,decade_2000s
9319,9320,604635,Naïve. Super,author_erlend_loe author_tor_ketil_solberg,decade_1990s
9321,9322,6261270,"The Noticer: Sometimes, All a Person Needs Is a Little Perspective",author_andy_andrews,decade_2000s
9322,9323,11324,Under the Net,author_iris_murdoch,decade_1950s
9324,9325,11551045,"Lenobia's Vow (House of Night Novellas, #2)",author_pc_cast author_kristin_cast,decade_2010s
9325,9326,28262024,"The Goal (Off-Campus, #4)",author_elle_kennedy,decade_2010s
9326,9327,2358870,"Artemis Fowl Boxed Set, Bks 1-5 (Artemis Fowl, #1-5)",author_eoin_colfer,decade_2000s
9327,9328,11913681,"The Boyfriend Thief (Stolen Kiss, #1)",author_shana_norris,decade_2010s
9328,9329,12782865,"The Lewis Man (The Lewis Trilogy, #2)",author_peter__may,decade_2010s
9329,9330,62233,"The Elves of Cintra (Genesis of Shannara, #2)",author_terry_brooks,decade_2000s
9330,9331,28248,"Priestess of the White (Age of the Five, #1)",author_trudi_canavan,decade_2000s
9331,9332,12760903,"The Vision (Fallen Star, #3)",author_jessica_sorensen,decade_2010s
9332,9333,763594,The Gemini Contenders,author_robert_ludlum,decade_1970s
9333,9334,330944,"The Field of Swords (Emperor, #3)",author_conn_iggulden,decade_2000s
9334,9335,6049585,Abandon,author_blake_crouch,decade_2000s
9335,9336,85425,"Final Jeopardy (Alexandra Cooper, #1)",author_linda_fairstein,decade_1990s
9337,9338,7159016,"The Haunted (The Hollow, #2)",author_jessica_verday,decade_2010s
9338,9339,595822,The Protector (O'Malley #4),author_dee_henderson,decade_2000s
9339,9340,25893582,Tell Me Three Things,author_julie_buxbaum,decade_2010s
9340,9341,561403,"The It Girl (It Girl, #1)",author_cecily_von_ziegesar,decade_2000s
9341,9342,263149,Single White Vampire (Argeneau #3),author_lynsay_sands,decade_2000s
9345,9346,8437379,"Call Me Irresistible (Wynette, Texas #5)",author_susan_elizabeth_phillips,decade_2010s
9346,9347,289029,Who Will Cry When You Die? Life Lessons from the Monk Who Sold His Ferrari,author_robin_s_sharma,decade_1990s
9347,9348,659546,Promise Not to Tell,author_jennifer_mcmahon,decade_2000s
9348,9349,10790376,"A Modern Witch (A Modern Witch, #1)",author_debora_geary,decade_2010s
9349,9350,56466,The Traveler's Gift: Seven Decisions that Determine Personal Success,author_andy_andrews,decade_2000s
9350,9351,17973653,"Shine Not Burn (Shine Not Burn, #1)",author_elle_casey,decade_2010s
9352,9353,17673271,Si-cology 1: Tales and Wisdom from Duck Dynasty’s Favorite Uncle,author_si_robertson author_mark_schlabach,decade_2010s
9353,9354,10803806,"Darth Paper Strikes Back (Origami Yoda, #2)",author_tom_angleberger,decade_2010s
9354,9355,9166877,"The Girl in the Steel Corset (Steampunk Chronicles, #1)",author_kady_cross,decade_2010s
9356,9357,122756,My Brother Sam Is Dead,author_james_lincoln_collier author_christopher_collier,decade_1970s
9357,9358,72623,Dream Man,author_linda_howard,decade_1990s
9358,9359,91017,Rubicon: The Last Years of the Roman Republic,author_tom_holland,decade_2000s
9359,9360,71823,"The Green Mile, Part 6: Coffey on the Mile",author_stephen_king,decade_1990s
9360,9361,170171,Catalyst,author_laurie_halse_anderson,decade_2000s
9361,9362,5618698,"Nice Girls Don't Have Fangs (Jane Jameson, #1)",author_molly_harper,decade_2000s
9362,9363,31334,Belinda,author_anne_rice author_anne_rampling,decade_1980s
9363,9364,8449698,"When Beauty Tamed the Beast (Fairy Tales, #2)",author_eloisa_james,decade_2010s
9365,9366,107781,"The Gift (Crown's Spies, #3)",author_julie_garwood,decade_1990s
9366,9367,12959045,My Friend Dahmer,author_derf_backderf,decade_2010s
9367,9368,107783,"The Lion's Lady (Crown's Spies, #1)",author_julie_garwood,decade_1980s
9369,9370,10295484,Heart on a Chain,author_cindy_c_bennett,decade_2010s
9371,9372,646195,Babe: The Gallant Pig,author_dick_kingsmith author_maggie_kneen,decade_1980s
9372,9373,8152697,Wishin' and Hopin',author_wally_lamb,decade_2000s
9373,9374,13152668,"Dream Team: How Michael, Magic, Larry, Charles, and the Greatest Team of All Time Conquered the World and Changed the Game of Basketball Forever",author_jack_mccallum,decade_2010s
9374,9375,914211,Influencer: The Power to Change Anything,author_kerry_patterson author_joseph_grenny author_david_maxfield author_ron_mcmillan author_al_switzler,decade_2000s
9375,9376,116982,The Hand of Oberon (The Chronicles of Amber #4),author_roger_zelazny,decade_1970s
9376,9377,7828781,"No Place to Run (KGI, #2)",author_maya_banks,decade_2010s
9377,9378,106124,"The Dragonslayer (Bone, #4)",author_jeff_smith author_steve_hamaker,decade_1990s
9379,9380,11738128,"A Week to Be Wicked (Spindle Cove, #2)",author_tessa_dare,decade_2010s
9380,9381,20575434,Rain Reign,author_ann_m_martin,decade_2010s
9381,9382,207365,"Claimed By Shadow (Cassandra Palmer, #2)",author_karen_chance,decade_2000s
9382,9383,200963,"Meet Samantha: An American Girl (American Girls: Samantha, #1)",author_susan_s_adler author_rene_graef author_nancy_niles,decade_1980s
9383,9384,3419808,The Secret Scripture,author_sebastian_barry,decade_2000s
9384,9385,6911529,Batwoman: Elegy,author_greg_rucka author_jh_williams_iii author_rachel_maddow,decade_2010s
9385,9386,764073,When the Emperor Was Divine,author_julie_otsuka,decade_2000s
9386,9387,17254035,"Foreplay (The Ivy Chronicles, #1)",author_sophie_jordan,decade_2010s
9387,9388,37296,"Night Prey (Lucas Davenport, #6)",author_john_sandford,decade_1990s
9388,9389,192888,"Clouds of Witness (Lord Peter Wimsey, #2)",author_dorothy_l_sayers,decade_1920s
9389,9390,1176884,"Body Movers (Body Movers, #1)",author_stephanie_bond,decade_2000s
9391,9392,29906980,Lincoln in the Bardo,author_george_saunders,decade_2010s
9392,9393,7745031,"Zero History (Blue Ant, #3)",author_william_gibson,decade_2010s
9393,9394,12021559,Sophie & Carter,author_chelsea_fine,decade_2010s
9394,9395,38703,"Small Steps (Holes, #2)",author_louis_sachar,decade_2000s
9395,9396,11940384,The Wicked Girls,author_alex_marwood,decade_2000s
9396,9397,155291,"Agents of Light and Darkness (Nightside, #2)",author_simon_r_green,decade_2000s
9397,9398,41069,Stand on Zanzibar,author_john_brunner,decade_1960s
9398,9399,6261477,Homer's Odyssey,author_gwen_cooper,decade_2000s
9399,9400,433035,"Sad Cypress (Hercule Poirot, #21)",author_agatha_christie,decade_1940s
9400,9401,1070527,Avatar Volume 1: The Last Airbender (Avatar #1),author_michael_dante_dimartino author_bryan_konietzko,decade_2000s
9401,9402,17478,"Five Go to Smuggler's Top (Famous Five, #4)",author_enid_blyton,decade_1940s
9402,9403,643988,"Indemnity Only (V.I. Warshawski, #1)",author_sara_paretsky,decade_1980s
9403,9404,74997,"Five Run Away Together (Famous Five, #3)",author_enid_blyton,decade_1940s
9404,9405,59887,The Promise,author_danielle_steel,decade_1970s
9405,9406,199532,A Redbird Christmas,author_fannie_flagg,decade_2000s
9406,9407,42691,The Haj,author_leon_uris,decade_1980s
9407,9408,290628,"The Darkest Road (The Fionavar Tapestry, #3)",author_guy_gavriel_kay,decade_1980s
9409,9410,20168816,Rogues,author_george_rr_martin author_gardner_r_dozois author_joe_abercrombie author_gillian_flynn author_matthew_hughes author_joe_r_lansdale author_michael_swanwick author_david__ball author_carrie_vaughn author_scott_lynch author_bradley_denton author_cherie_priest author_daniel_abraham author_paul_cornell author_steven_saylor author_garth_nix author_walter_jon_williams author_phyllis_eisenstein author_lisa_tuttle author_neil_gaiman author_connie_willis author_patrick_rothfuss,decade_2010s
9410,9411,24961498,"The Midwife's Revolt (The Midwife Series, #1)",author_jodi_daynard,decade_2010s
9411,9412,23357188,"Bound by Honor (Born in Blood Mafia Chronicles, #1)",author_cora_reilly,decade_2010s
9412,9413,30253700,Anti-Stepbrother,author_tijan,decade_2010s
9413,9414,8150317,"Deeper Than Midnight (Midnight Breed, #9)",author_lara_adrian,decade_2010s
9414,9415,8100979,"Mercy Blade (Jane Yellowrock, #3)",author_faith_hunter,decade_2010s
9416,9417,244115,"Skippyjon Jones in Mummy Trouble (Skippyjon Jones, #3)",author_judy_schachner,decade_2000s
9417,9418,15799151,Daily Rituals: How Artists Work,author_mason_currey,decade_2010s
9418,9419,8100288,"The Boy Who Came Back from Heaven: A Remarkable Account of Miracles, Angels, and Life beyond This World",author_kevin_malarkey author_alex_malarkey,decade_2010s
9419,9420,16704759,"Knight & Stay (Knight, #2)",author_kitty_french,decade_2010s
9420,9421,1468706,"An Incomplete Revenge (Maisie Dobbs, #5)",author_jacqueline_winspear,decade_2000s
9421,9422,24040551,The Night Sister,author_jennifer_mcmahon,decade_2010s
9422,9423,8471815,You Don't Have to Say You Love Me,author_sarra_manning,decade_2010s
9423,9424,13659,"Tales from Earthsea (Earthsea Cycle, #5)",author_ursula_k_le_guin,decade_2000s
9424,9425,16171259,The Sound of Things Falling,author_juan_gabriel_vsquez author_anne_mclean,decade_2010s
9425,9426,11239856,"Maid for the Billionaire (Legacy Collection, #1)",author_ruth_cardello,decade_2010s
9426,9427,25241477,Ashley Bell,author_dean_koontz,decade_2010s
9427,9428,313998,Johnny Mnemonic,author_william_gibson author_terry_bisson,decade_1980s
9428,9429,513176,"Rogue Squadron (Star Wars: X-Wing, #1)",author_michael_a_stackpole,decade_1990s
9430,9431,550940,"The Chase (Isaac Bell, #1)",author_clive_cussler,decade_2000s
9431,9432,74034,Amusing Ourselves to Death: Public Discourse in the Age of Show Business,author_neil_postman author_andrew_postman,decade_1980s
9432,9433,61974,"Nerilka's Story (Pern, #8)",author_anne_mccaffrey,decade_1980s
9434,9435,1153709,Hairy Maclary from Donaldson's Dairy,author_lynley_dodd,decade_1980s
9435,9436,764063,Wonderful Tonight,author_pattie_boyd author_penny_junor,decade_2000s
9436,9437,17573684,The Obituary Writer,author_ann_hood,decade_2010s
9437,9438,1175893,"Tunnels (Tunnels, #1)",author_roderick_gordon author_brian__williams,decade_2000s
9438,9439,35539,The Beatles: The Biography,author_bob_spitz,decade_2000s
9440,9441,630621,The Incredible Hulk: Planet Hulk,author_greg_pak author_aaron_lopresti author_carlo_pagulayan author_juan_santacruz author_gary_frank author_takeshi_miyazawa,decade_2000s
9442,9443,571508,"Rumors of War (Children of the Promise, #1)",author_dean_hughes,decade_1990s
9445,9446,10049436,The Single Girl's To-Do List,author_lindsey_kelk,decade_2010s
9446,9447,112517,"Rama Revealed (Rama, #4)",author_arthur_c_clarke author_gentry_lee,decade_1990s
9447,9448,9399336,"The Redhead Revealed (Redhead, #2)",author_alice_clayton,decade_2010s
9449,9450,20662728,"Clariel (Abhorsen, #4)",author_garth_nix,decade_2010s
9450,9451,68099,"Death at La Fenice (Commissario Brunetti, #1)",author_donna_leon,decade_1990s
9451,9452,36058,"The Big Nowhere (L.A. Quartet, #2)",author_james_ellroy,decade_1980s
9455,9456,73860,Dibs in Search of Self,author_virginia_m_axline,decade_1960s
9456,9457,46908,"Fruits Basket, Vol. 14",author_natsuki_takaya author_alethea_nibley author_athena_nibley,decade_2000s
9457,9458,17277800,"Hawkeye, Volume 2: Little Hits",author_matt_fraction author_david_aja author_francesco_francavilla author_steve_lieber author_jesse_hamm author_annie_wu author_matt_hollingsworth author_chris_eliopoulos,decade_2010s
9459,9460,87280,Too Loud a Solitude,author_bohumil_hrabal,decade_1970s
9460,9461,65113,A Series of Unfortunate Events Box: The Complete Wreck (Books 1-13),author_lemony_snicket author_brett_helquist,decade_2000s
9461,9462,11445880,"Midnight in Austenland (Austenland, #2)",author_shannon_hale,decade_2010s
9462,9463,41820,Pebble in the Sky (Galactic Empire #3),author_isaac_asimov,decade_1950s
9463,9464,5024334,Too Good to Be True,author_kristan_higgins,decade_2000s
9464,9465,105920,"Ultimate Spider-Man, Volume 1: Power and Responsibility",author_brian_michael_bendis author_mark_bagley,decade_2000s
9465,9466,13519844,"Independence (Significance, #4)",author_shelly_crane,decade_2010s
9466,9467,20646604,"Night Owl (Night Owl, #1)",author_m_pierce,decade_2010s
9467,9468,85310,"Mortal Prey (Lucas Davenport, #13)",author_john_sandford,decade_2000s
9468,9469,16312,"One, Two, Buckle My Shoe (Hercule Poirot, #22)",author_agatha_christie author_hugh_fraser,decade_1940s
9469,9470,29236299,"Gemina (The Illuminae Files, #2)",author_amie_kaufman author_jay_kristoff author_marie_lu,decade_2010s
9470,9471,51740,Staying Fat for Sarah Byrnes,author_chris_crutcher,decade_1990s
9471,9472,73960,Lorna Doone,author_rd_blackmore author_michelle_allen,decade_1860s
9473,9474,10599302,"Head Over Heels (Lucky Harbor, #3)",author_jill_shalvis,decade_2010s
9474,9475,1866046,Adam,author_ted_dekker,decade_2000s
9475,9476,388018,"The Clocks (Hercule Poirot, #34)",author_agatha_christie author_robin_bailey,decade_1960s
9476,9477,15818278,The One I Left Behind,author_jennifer_mcmahon,decade_2010s
9477,9478,89370,Tao of Pooh and Te of Piglet Boxed Set,author_benjamin_hoff,decade_1990s
9478,9479,21433251,Manga Classics: Les Misérables,author_stacy_king author_sunneko_lee author_crystal_s_chan author_victor_hugo,decade_2010s
9479,9480,280125,"The Orc King (Forgotten Realms: Transitions, #1; Legend of Drizzt, #17)",author_ra_salvatore,decade_2000s
9480,9481,127567,"The Dolphins of Pern (Pern, #13)",author_anne_mccaffrey,decade_1990s
9482,9483,77866,Any Human Heart,author_william__boyd,decade_2000s
9483,9484,10720733,"The Abduction (Theodore Boone, #2)",author_john_grisham,decade_2010s
9484,9485,15776904,"The Beggar King (The Hangman's Daughter, #3)",author_oliver_ptzsch author_lee_chadeayne,decade_2010s
9485,9486,16084702,"Fifty Shades Duo: Fifty Shades Darker / Fifty Shades Freed (Fifty Shades, #2-3)",author_el_james,decade_2010s
9487,9488,20821249,"Festive in Death (In Death, #39)",author_jd_robb,decade_2010s
9488,9489,94064,"Rainbow Boys (Rainbow Trilogy, #1)",author_alex___sanchez,decade_2000s
9490,9491,38562,A Bite to Remember (Argeneau #5),author_lynsay_sands,decade_2000s
9491,9492,13722526,"The Nightmare (Joona Linna, #2)",author_lars_kepler author_laura_a_wideburg,decade_2010s
9492,9493,114143,The Reef,author_nora_roberts,decade_1990s
9493,9494,68930,"They Do It with Mirrors (Miss Marple, #6)",author_agatha_christie,decade_1950s
9494,9495,9260507,5 Very Good Reasons to Punch a Dolphin in the Mouth and Other Useful Guides,author_matthew_inman,decade_2010s
9495,9496,239381,Just a Mess (Little Critter),author_mercer_mayer,decade_1980s
9497,9498,221298,"The Gods of War (Emperor, #4)",author_conn_iggulden,decade_2000s
9499,9500,13056511,"Heaven (Halo, #3)",author_alexandra_adornetto,decade_2010s
9500,9501,17285330,The Last Time We Say Goodbye,author_cynthia_hand,decade_2010s
9502,9503,25347,"Out of Egypt (Christ the Lord, #1)",author_anne_rice,decade_2000s
9503,9504,26228034,"The Obelisk Gate (The Broken Earth, #2)",author_nk_jemisin,decade_2010s
9504,9505,23363874,Reasons to Stay Alive,author_matt_haig,decade_2010s
9505,9506,6280379,The Children's Book,author_as_byatt,decade_2000s
9506,9507,7262166,Tough Customer (Mitchell & Associates #2),author_sandra_brown,decade_2010s
9507,9508,961831,The Shadowy Horses,author_susanna_kearsley,decade_1990s
9508,9509,820517,"Joey Pigza Swallowed the Key (Joey Pigza, #1)",author_jack_gantos,decade_1990s
9509,9510,3690427,"Among the Mad (Maisie Dobbs, #6)",author_jacqueline_winspear author_orlagh_cassidy,decade_2000s
9510,9511,6054190,Dune Road,author_jane_green,decade_2000s
9512,9513,4530,Olivia Joules and the Overactive Imagination,author_helen_fielding,decade_2000s
9514,9515,5750628,"Johannes Cabal the Necromancer (Johannes Cabal, #1)",author_jonathan_l_howard,decade_2000s
9515,9516,7199,The Way the Crow Flies,author_annmarie_macdonald,decade_2000s
9516,9517,17810,In the Miso Soup,author_ry_murakami author_ralph_mccarthy,decade_1990s
9517,9518,6403690,"Counterfeit Gods: The Empty Promises of Money, Sex, and Power, and the Only Hope that Matters",author_timothy_j_keller,decade_2000s
9519,9520,15803037,Red Sparrow (Red Sparrow Trilogy #1),author_jason__matthews,decade_2010s
9520,9521,7632329,Operation Mincemeat: How a Dead Man and a Bizarre Plan Fooled the Nazis and Assured an Allied Victory,author_ben_macintyre,decade_2010s
9521,9522,487666,Beyond Band of Brothers: The War Memoirs of Major Dick Winters,author_dick_winters author_cole_c_kingseed,decade_2000s
9522,9523,19523454,Beautiful You,author_chuck_palahniuk,decade_2010s
9523,9524,232268,"The Locket (The Locket, #1)",author_richard_paul_evans,decade_1990s
9524,9525,400881,"Shadows Linger (The Chronicles of the Black Company, #2)",author_glen_cook,decade_1980s
9526,9527,10859509,"Altered (Altered, #1)",author_jennifer_rush,decade_2010s
9527,9528,22571696,"Obsession in Death (In Death, #40)",author_jd_robb,decade_2010s
9529,9530,139176,"The Quiche of Death (Agatha Raisin, #1)",author_mc_beaton,decade_1990s
9530,9531,96259,Crush,author_richard_siken,decade_2000s
9531,9532,179565,"The Marvelous Land of Oz (Oz, #2)",author_l_frank_baum author_david_mckee,decade_1900s
9532,9533,6159,Reservation Blues,author_sherman_alexie,decade_1990s
9535,9536,46906,"Fruits Basket, Vol. 15",author_natsuki_takaya author_alethea_nibley author_athena_nibley,decade_2000s
9536,9537,8086216,Plenty,author_yotam_ottolenghi,decade_2010s
9537,9538,88072,Agent to the Stars,author_john_scalzi,decade_2000s
9538,9539,15707526,"The First Confessor (The Legend of Magda Searus, #1)",author_terry_goodkind,decade_2010s
9539,9540,581552,In the Penal Colony,author_franz_kafka,decade_1910s
9541,9542,91439,The Beet Queen,author_louise_erdrich,decade_1980s
9542,9543,16041169,"Disastrous (Disastrous, #1)",author_el_montes,decade_2010s
9543,9544,481743,The Wave,author_morton_rhue author_todd_strasser,decade_1980s
9544,9545,576666,And Ladies of the Club,author_helen_hooven_santmyer,decade_1980s
9545,9546,23460830,"Secondhand Souls (Grim Reaper, #2)",author_christopher_moore,decade_2010s
9546,9547,21535784,"The Cinderella Murder (Under Suspicion, #2)",author_mary_higgins_clark author_alafair_burke,decade_2010s
9547,9548,30839185,"Vicious (Sinners of Saint, #1)",author_lj_shen,decade_2010s
9548,9549,18266,Gargantua and Pantagruel,author_franois_rabelais author_ma_screech,decade_1530s
9549,9550,93453,When Will Jesus Bring the Pork Chops?,author_george_carlin,decade_2000s
9550,9551,23566909,The Marvels,author_brian_selznick,decade_2010s
9551,9552,9532302,"The Last Werewolf (The Last Werewolf, #1)",author_glen_duncan,decade_2010s
9552,9553,19138879,"Attack on Titan: No Regrets, Volume 01",author_hajime_isayama author_hikaru_suruga author_gan_sunaaku,decade_2010s
9553,9554,54666,What's the Matter with Kansas? How Conservatives Won the Heart of America,author_thomas_frank,decade_2000s
9555,9556,14460,"Kitty Goes to Washington (Kitty Norville, #2)",author_carrie_vaughn,decade_2000s
9557,9558,21857294,"Reasonable Doubt: Volume 3 (Reasonable Doubt, #3)",author_whitney_g,decade_2010s
9558,9559,11605,Riding the Bullet,author_stephen_king author_josh_hamilton,decade_2000s
9560,9561,19106,The Nose,author_nikolai_gogol author_kevin_hawkes,decade_1830s
9561,9562,1624920,"Kitty and the Silver Bullet (Kitty Norville, #4)",author_carrie_vaughn,decade_2000s
9562,9563,381440,The Society of the Spectacle,author_guy_debord author_donald_nicholsonsmith,decade_1960s
9563,9564,603911,"SilverFin (Young Bond, #1)",author_charlie_higson,decade_2000s
9565,9566,70487,Attack of the Deranged Mutant Killer Monster Snow Goons,author_bill_watterson,decade_1990s
9566,9567,11556960,"Crewel (Crewel World, #1)",author_gennifer_albin,decade_2010s
9568,9569,32075671,The Hate U Give,author_angie_thomas,decade_2010s
9570,9571,6351910,"Dynasty of Evil (Star Wars: Darth Bane, #3)",author_drew_karpyshyn,decade_2000s
9571,9572,16042305,Love Left Behind,author_sh_kolee,decade_2010s
9572,9573,12075886,Keep Holding On,author_susane_colasanti,decade_2010s
9573,9574,4162673,The Private Patient (Adam Dalgliesh #14),author_pd_james,decade_2000s
9574,9575,77738,"Flag in Exile (Honor Harrington, #5)",author_david_weber,decade_1990s
9575,9576,25955,The Medium is the Massage,author_marshall_mcluhan author_quentin_fiore author_jerome_agel,decade_1960s
9576,9577,96463,"The Chronicles of Pern: First Fall (Pern, #12)",author_anne_mccaffrey,decade_1990s
9577,9578,248871,"Berserk, Vol. 1 (Berserk, #1)",author_kentaro_miura author_jason_deangelis,decade_1990s
9578,9579,3710,The Autograph Man,author_zadie_smith,decade_2000s
9582,9583,8487363,"My Soul to Steal (Soul Screamers, #4)",author_rachel_vincent,decade_2010s
9583,9584,110388,"On the Way to the Wedding (Bridgertons, #8)",author_julia_quinn,decade_2000s
9585,9586,8411749,"The Rogue (Traitor Spy Trilogy, #2)",author_trudi_canavan,decade_2010s
9586,9587,175078,The Seven Storey Mountain,author_thomas_merton author_robert_giroux author_william_h_shannon,decade_1940s
9587,9588,86655,The Keep,author_jennifer_egan,decade_2000s
9588,9589,562763,Scaredy Squirrel (Scaredy Squirrel),author_mlanie_watt,decade_2000s
9590,9591,17342700,"Gathering Darkness (Falling Kingdoms, #3)",author_morgan_rhodes author_michelle_rowen,decade_2010s
9591,9592,51362,The Survivors Club,author_lisa_gardner,decade_2000s
9592,9593,1830755,Mine to Possess (Psy-Changeling #4),author_nalini_singh,decade_2000s
9593,9594,9581507,Don't Breathe a Word,author_jennifer_mcmahon,decade_2010s
9594,9595,25387202,The Force Awakens (Star Wars),author_alan_dean_foster author_lawrence_kasdan author_jj_abrams author_michael_arndt,decade_2010s
9595,9596,7707538,"Sugar and Spice (L.A. Candy, #3)",author_lauren_conrad,decade_2010s
9596,9597,9565574,"Grave Dance (Alex Craft, #2)",author_kalayna_price,decade_2010s
9597,9598,6448482,"Soul Eater, Vol. 02 (Soul Eater, #2)",author_atsushi_ohkubo,decade_2000s
9598,9599,69477,Z for Zachariah,author_robert_c_obrien,decade_1970s
9599,9600,6251222,Await Your Reply,author_dan_chaon,decade_2000s
9600,9601,161275,Superman: Whatever Happened to the Man of Tomorrow?,author_alan_moore author_curt_swan author_george_prez author_kurt_schaffenberger,decade_1980s
9601,9602,76706,"Track of the Cat (Anna Pigeon, #1)",author_nevada_barr,decade_1990s
9602,9603,341027,"The Mane Event (Pride, #1)",author_shelly_laurenston,decade_2000s
9603,9604,17262206,"Lawrence in Arabia: War, Deceit, Imperial Folly, and the Making of the Modern Middle East",author_scott_anderson,decade_2010s
9606,9607,81992,"Singularity Sky (Eschaton, #1)",author_charles_stross,decade_2000s
9608,9609,400906,"The White Rose (The Chronicles of the Black Company, #3)",author_glen_cook,decade_1980s
9610,9611,22571275,"All Fall Down (Embassy Row, #1)",author_ally_carter,decade_2010s
9611,9612,14680,The Charterhouse of Parma,author_stendhal author_richard_howard author_robert_andrew_parker,decade_1830s
9612,9613,18722887,Little Mercies,author_heather_gudenkauf,decade_2010s
9613,9614,341553,"The Faithful Spy (John Wells, #1)",author_alex_berenson,decade_2000s
9614,9615,348489,Snowflake Bentley,author_jacqueline_briggs_martin author_mary_azarian,decade_1990s
9615,9616,562930,The Book of Luke,author_jenny_oconnell,decade_2000s
9616,9617,182683,"Fame (Firstborn, #1)",author_karen_kingsbury,decade_2000s
9617,9618,3295695,"Dragon Actually (Dragon Kin, #1)",author_ga_aiken,decade_2000s
9618,9619,21411058,"Bad Romeo (Starcrossed, #1)",author_leisa_rayven,decade_2010s
9619,9620,420278,The Complete Poems 1927-1979,author_elizabeth_bishop,decade_1980s
9620,9621,6330323,Day After Night,author_anita_diamant,decade_2000s
9621,9622,15557,"Jarka Ruus (High Druid of Shannara, #1)",author_terry_brooks,decade_2000s
9622,9623,12448,"Look Homeward, Angel",author_thomas_wolfe,decade_1920s
9623,9624,5571,Cradle to Cradle: Remaking the Way We Make Things,author_william_mcdonough author_michael_braungart,decade_2000s
9624,9625,831635,"Healthy Sleep Habits, Happy Child",author_marc_weissbluth,decade_1980s
9625,9626,22421,"Transmetropolitan, Vol. 4: The New Scum (Transmetropolitan, #4)",author_warren_ellis author_darick_robertson author_rodney_ramos author_keith_akin,decade_2000s
9626,9627,6939939,The Hand That First Held Mine,author_maggie_ofarrell,decade_2000s
9627,9628,78972,The Fourth Estate,author_jeffrey_archer,decade_1990s
9628,9629,8515,The Man Who Listens to Horses,author_monty_roberts author_lucy_grealy author_lawrence_scanlan,decade_1990s
9629,9630,6749,Oblivion,author_david_foster_wallace,decade_2000s
9630,9631,606818,"Holy Blood, Holy Grail",author_michael_baigent author_richard_leigh author_henry_lincoln,decade_1980s
9631,9632,28700,Falling Man,author_don_delillo author__,decade_2000s
9632,9633,20510241,"The Calling (Endgame, #1)",author_james_frey author_nils_johnsonshelton,decade_2010s
9634,9635,8765012,"Mystery (Alex Delaware, #26)",author_jonathan_kellerman,decade_2010s
9635,9636,100476,"The Sea of Trolls (Sea of Trolls, #1)",author_nancy_farmer,decade_2000s
9636,9637,6596542,The Man from Beijing,author_henning_mankell author_laurie_thompson,decade_2000s
9637,9638,20454076,"Day 21 (The 100, #2)",author_kass_morgan,decade_2010s
9638,9639,199531,Daisy Fay and the Miracle Man ,author_fannie_flagg,decade_1980s
9639,9640,10931321,"Against All Enemies (Max Moore, #1)",author_tom_clancy author_peter_telep,decade_2010s
9640,9641,23289469,The Girl in the Red Coat,author_kate_hamer,decade_2010s
9641,9642,9648,Keep the Aspidistra Flying,author_george_orwell,decade_1930s
9642,9643,15793068,"The Gate Thief (Mither Mages, #2)",author_orson_scott_card,decade_2010s
9643,9644,22840421,"My Lady Jane (The Lady Janies, #1)",author_cynthia_hand author_brodi_ashton author_jodi_meadows,decade_2010s
9644,9645,23031,Time's Arrow,author_martin_amis,decade_1990s
9645,9646,27207654,"Blood Defense (Samantha Brinkman, #1)",author_marcia_clark,decade_2010s
9646,9647,48974,I Am the Cheese,author_robert_cormier,decade_1970s
9647,9648,75162,Soul on Ice,author_eldridge_cleaver,decade_1960s
9650,9651,27170141,You'll Grow Out of It,author_jessi_klein,decade_2010s
9651,9652,17352874,"Truce (Neighbor from Hell, #4)",author_rl_mathewson,decade_2010s
9652,9653,176892,"The Elvenbane (Halfblood Chronicles, #1)",author_andre_norton author_mercedes_lackey,decade_1990s
9654,9655,85737,"Treasure (Dirk Pitt, #9)",author_clive_cussler,decade_1980s
9655,9656,1422252,"Vampire, Interrupted (Argeneau #9)",author_lynsay_sands,decade_2000s
9656,9657,22411,"Invisible Prey (Lucas Davenport, #17)",author_john_sandford,decade_2000s
9657,9658,89195,"The Prefect (Prefect Dreyfus Emergency, #1)",author_alastair_reynolds,decade_2000s
9658,9659,20505127,Daughter,author_jane_shemilt,decade_2010s
9659,9660,107172,"DC: The New Frontier, Volume 1",author_darwyn_cooke author_dave_stewart author_jared_k_fletcher,decade_2000s
9660,9661,25053,"Hello, Mrs. Piggle-Wiggle (Mrs. Piggle Wiggle, #4)",author_betty_macdonald author_alexandra_boiger,decade_1950s
9661,9662,6933152,"Web of Lies (Elemental Assassin, #2)",author_jennifer_estep,decade_2010s
9663,9664,179174,"The Secret of the Unicorn (Tintin, #11)",author_herg,decade_1940s
9664,9665,930612,"Judy Moody (Judy Moody, # 1)",author_megan_mcdonald author_peter_h_reynolds,decade_2000s
9665,9666,21480734,Dataclysm: Who We Are (When We Think No One's Looking),author_christian_rudder,decade_2010s
9666,9667,94578,The Gay Science,author_friedrich_nietzsche author_walter_kaufmann,decade_1880s
9667,9668,7904453,"The Broken Kingdoms (Inheritance, #2)",author_nk_jemisin,decade_2010s
9668,9669,18453110,"The Three (The Three, #1)",author_sarah_lotz,decade_2010s
9669,9670,1032,Trump: The Art of the Deal,author_donald_j_trump author_tony_schwartz,decade_1980s
9670,9671,190344,"First Term at Malory Towers (Malory Towers, #1)",author_enid_blyton,decade_1940s
9671,9672,82553,"The Night Is for Hunting (Tomorrow, #6)",author_john_marsden,decade_1990s
9672,9673,836607,"Fruits Basket, Vol. 3",author_natsuki_takaya author_alethea_nibley author_athena_nibley,decade_1990s
9673,9674,25801299,After Anna,author_alex_lake,decade_2010s
9674,9675,20252,House Corrino (Prelude to Dune #3),author_brian_herbert author_kevin_j_anderson,decade_2000s
9675,9676,6542645,"Fantasy in Death (In Death, #30)",author_jd_robb,decade_2010s
9676,9677,663098,"The Devil You Know (Felix Castor, #1)",author_mike_carey,decade_2000s
9678,9679,290882,The Upanishads: Translations from the Sanskrit,author_anonymous author_juan_mascar,decade_0s
9679,9680,18594634,"Thrive: The Third Metric to Redefining Success and Creating a Life of Well-Being, Wisdom, and Wonder",author_arianna_huffington,decade_2010s
9680,9681,12389310,"Crow's Row (Crow's Row, #1)",author_julie_hockley,decade_2010s
9681,9682,1008231,"H.I.V.E. Higher Institute of Villainous Education (H.I.V.E., #1)",author_mark_walden,decade_2000s
9683,9684,6311614,The Law of Nines,author_terry_goodkind,decade_2000s
9685,9686,17487,"Five Go Adventuring Again (Famous Five, #2)",author_enid_blyton,decade_1940s
9686,9687,8534899,"Forsaken (The Demon Trappers, #1)",author_jana_oliver,decade_2010s
9688,9689,113091,A Death in the Family,author_james_agee,decade_1950s
9691,9692,7948945,"Falling Under (Falling Under, #1)",author_gwen_hayes,decade_2010s
9692,9693,17404452,"Forever You (Forever, #2)",author_sandi_lynn,decade_2010s
9693,9694,4505161,"The House on Tradd Street (Tradd Street, #1)",author_karen___white,decade_2000s
9694,9695,2309720,"Wild Ones, Vol. 1 (Wild Ones, #1)",author_kiyo_fujiwara,decade_2000s
9695,9696,10843036,"Perfect Shadow (Night Angel, #0.5)",author_brent_weeks,decade_2010s
9696,9697,10468258,"The Finding (Law of the Lycans, #5)",author_nicky_charles,decade_2010s
9697,9698,7785,I Can Read With My Eyes Shut!,author_dr_seuss,decade_1970s
9698,9699,302625,Nemesis,author_isaac_asimov,decade_1980s
9699,9700,15824358,"The First 90 Days, Updated and Expanded: Critical Success Strategies for New Leaders at All Levels",author_michael_d_watkins,decade_2000s
9700,9701,25067046,Lost Stars (Star Wars: Journey to the Force Awakens),author_claudia_gray,decade_2010s
9701,9702,128048,"Carry On, Mr. Bowditch",author_jean_lee_latham,decade_1950s
9704,9705,17794657,The Lake (The Lake Trilogy #1),author_annalisa_grant,decade_2010s
9705,9706,18243828,"Jake Undone (Jake, #1)",author_penelope_ward,decade_2010s
9706,9707,171201,Wit,author_margaret_edson,decade_1990s
9708,9709,13031445,The Hunger Pains: A Parody,author_the_harvard_lampoon,decade_2010s
9709,9710,397867,"The Rats (Rats, #1)",author_james_herbert,decade_1970s
9710,9711,104088,"The Wandering Fire (The Fionavar Tapestry, #2)",author_guy_gavriel_kay,decade_1980s
9711,9712,17333174,"Magic Binds (Kate Daniels, #9)",author_ilona_andrews,decade_2010s
9712,9713,15761241,"The Wild Ones (The Wild Ones, #1)",author_m_leighton,decade_2010s
9714,9715,701738,Incendiary,author_chris_cleave,decade_2000s
9715,9716,586516,Hammer of the Gods,author_stephen_davis,decade_1980s
9716,9717,891671,Winter in Madrid,author_cj_sansom,decade_2000s
9717,9718,13414599,"Happier at Home: Kiss More, Jump More, Abandon a Project, Read Samuel Johnson, and My Other Experiments in the Practice of Everyday Life",author_gretchen_rubin author_kthe_mazur,decade_2010s
9718,9719,2895896,Silver Bay,author_jojo_moyes,decade_2000s
9719,9720,94486,The Invention of Morel,author_adolfo_bioy_casares author_suzanne_jill_levine author_jorge_luis_borges author_ruth_lc_simms author_norah_borges_de_torre,decade_1940s
9720,9721,42661,The Fall of Berlin 1945,author_antony_beevor,decade_1990s
9722,9723,552987,"A War of Gifts (Ender's Saga, #1.1)",author_orson_scott_card,decade_2000s
9723,9724,153866,"Captain Underpants and the Perilous Plot of Professor Poopypants (Captain Underpants, #4)",author_dav_pilkey,decade_2000s
9724,9725,17950614,"UnDivided (Unwind, #4)",author_neal_shusterman,decade_2010s
9725,9726,17934655,The Empathy Exams: Essays,author_leslie_jamison,decade_2010s
9727,9728,27209407,"Bay of Sighs (The Guardians Trilogy, #2)",author_nora_roberts,decade_2010s
9728,9729,13489919,"The Duchess War (Brothers Sinister, #1)",author_courtney_milan,decade_2010s
9729,9730,484167,"Millennium Snow, Vol. 1",author_bisco_hatori,decade_2000s
9730,9731,13068,Double Whammy,author_carl_hiaasen,decade_1980s
9732,9733,12042279,"Darker After Midnight (Midnight Breed, #10)",author_lara_adrian,decade_2010s
9733,9734,2025787,"Mad Dogs (Cherub, #8)",author_robert_muchamore,decade_2000s
9734,9735,20329634,"Lines of Departure (Frontlines, #2)",author_marko_kloos,decade_2010s
9735,9736,25817528,Be Frank With Me,author_julia_claiborne_johnson,decade_2010s
9736,9737,73051,Better than Life (Red Dwarf #2),author_grant_naylor,decade_1990s
9737,9738,25671827,"Dirty (Dive Bar, #1)",author_kylie_scott,decade_2010s
9738,9739,94798,Halo: Ghosts of Onyx,author_eric_s_nylund,decade_2000s
9741,9742,710969,"Mates, Dates, and Inflatable Bras (Mates, Dates, #1)",author_cathy_hopkins,decade_2000s
9742,9743,3446,Going After Cacciato,author_tim_obrien,decade_1970s
9743,9744,854252,"Little House on Rocky Ridge (Little House: The Rocky Ridge Years, #1)",author_roger_lea_macbride author_david_gilleece,decade_1990s
9744,9745,15954546,"Not Quite Dating (Not Quite, #1)",author_catherine_bybee,decade_2010s
9745,9746,934700,In a People House,author_dr_seuss author_theo_lesieg author_roy_mckie,decade_1970s
9746,9747,5943970,"Kindred in Death (In Death, #29)",author_jd_robb,decade_2000s
9747,9748,294430,Lucky You,author_carl_hiaasen,decade_1990s
9748,9749,20249,Hunters of Dune (Dune Chronicles #7),author_brian_herbert author_kevin_j_anderson,decade_2000s
9749,9750,20575440,"Deep Down Dark: The Untold Stories of 33 Men Buried in a Chilean Mine, and the Miracle That Set Them Free",author_hctor_tobar,decade_2010s
9752,9753,14403,The Story of Ruby Bridges,author_robert_coles author_george_ford,decade_1990s
9753,9754,376561,Invitation to a Beheading,author_vladimir_nabokov,decade_1930s
9754,9755,21400356,"Debt Inheritance (Indebted, #1)",author_pepper_winters,decade_2010s
9755,9756,13508021,The Midwife of Hope River,author_patricia_harman,decade_2010s
9756,9757,1145862,"Stand Tall, Molly Lou Melon",author_patty_lovell author_david_catrow,decade_1990s
9757,9758,50091,The Complete Robot (Robot #0.3),author_isaac_asimov,decade_1980s
9758,9759,386,Another Bullshit Night in Suck City,author_nick_flynn,decade_2000s
9760,9761,40496,How Green Was My Valley,author_richard_llewellyn,decade_1930s
9762,9763,5303373,The Chosen One,author_carol_lynch_williams,decade_2000s
9763,9764,109510,The Negotiator,author_frederick_forsyth,decade_1980s
9764,9765,68985,"The Power of Full Engagement: Managing Energy, Not Time, Is the Key to High Performance and Personal Renewal",author_jim_loehr author_tony_schwartz,decade_2000s
9765,9766,19400,The Decline and Fall of the Roman Empire,author_edward_gibbon author_daniel_j_boorstin author_gian_battista_piranesi author_hansfriedrich_mueller,decade_1770s
9766,9767,608601,Ox-Cart Man (Picture Puffin),author_donald_hall author_barbara_cooney,decade_1970s
9767,9768,52318,"Wild Seed (Patternmaster, #1)",author_octavia_e_butler,decade_1980s
9768,9769,11410104,The Summer I Turned Pretty Trilogy: The Summer I Turned Pretty; It's Not Summer Without You; We'll Always Have Summer,author_jenny_han,decade_2000s
9773,9774,8113344,"Mortal Coil (Skulduggery Pleasant, #5)",author_derek_landy,decade_2010s
9774,9775,6954438,"Sweet Tooth, Volume 1: Out of the Deep Woods",author_jeff_lemire author_jos_villarrubia author_carlos_m_mangual,decade_2010s
9775,9776,19286674,"Seventh Grave and No Body (Charley Davidson, #7)",author_darynda_jones,decade_2010s
9776,9777,8428984,Half Way Home,author_hugh_howey,decade_2010s
9777,9778,158446,Captain Blood,author_rafael_sabatini,decade_1920s
9778,9779,43739,Iron Man: Extremis,author_warren_ellis author_adi_granov,decade_2000s
9779,9780,1335019,Necronomicon: The Best Weird Tales,author_hp_lovecraft author_les_edwards author_stephen_jones,decade_1930s
9780,9781,6081686,Maid-sama! Vol. 02 (Maid-sama! #2),author_hiro_fujiwara,decade_2000s
9781,9782,13431827,"The Remaining (The Remaining, #1)",author_dj_molles,decade_2010s
9782,9783,17671913,"Batman, Volume 3: Death of the Family",author_scott_snyder author_greg_capullo author_jonathan_glapion,decade_2010s
9783,9784,26599,Selected Poems,author_ee_cummings author_richard_s_kennedy,decade_1990s
9785,9786,13035050,The Good Father,author_diane_chamberlain,decade_2010s
9786,9787,18271235,We Are Called to Rise,author_laura__mcbride,decade_2010s
9787,9788,23399022,Hope: A Memoir of Survival in Cleveland,author_amanda_berry author_gina_dejesus author_mary_jordan author_kevin_sullivan,decade_2010s
9788,9789,818372,"Night Probe! (Dirk Pitt, #6)",author_clive_cussler,decade_1980s
9789,9790,214579,The Story of B: An Adventure of the Mind and Spirit,author_daniel_quinn,decade_1990s
9790,9791,23569783,A Window Opens,author_elisabeth_egan,decade_2010s
9792,9793,15677,Strangers on a Train,author_patricia_highsmith,decade_1950s
9793,9794,74462,Unless,author_carol_shields,decade_2000s
9794,9795,267869,"Silent in the Grave (Lady Julia Grey, #1)",author_deanna_raybourn,decade_2000s
9796,9797,18342283,"Command Authority (Jack Ryan Universe, #16)",author_tom_clancy author_mark_greaney,decade_2010s
9797,9798,271264,"Bleach, Volume 03",author_tite_kubo,decade_2000s
9798,9799,21418017,"The Space Between (Outlander, #7.5)",author_diana_gabaldon,decade_2010s
9799,9800,209631,Cinderella,author_loek_koopmans author_charles_perrault author_anthea_bell,decade_1810s
9801,9802,15766776,Rump: The True Story of Rumpelstiltskin,author_liesl_shurtliff,decade_2010s
9802,9803,201138,The Berenstain Bears and Too Much TV,author_stan_berenstain author_jan_berenstain,decade_1980s
9803,9804,7027569,"Heartstone (Matthew Shardlake, #5)",author_cj_sansom,decade_2010s
9804,9805,420734,Open Season,author_linda_howard,decade_2000s
9806,9807,21981841,"Corrupt (Devil's Night, #1)",author_penelope_douglas author_jeremy_york author_tatiana_sokolov,decade_2010s
9807,9808,1098486,The Center Cannot Hold: My Journey Through Madness,author_elyn_r_saks,decade_2000s
9808,9809,25614984,Spark Joy: An Illustrated Master Class on the Art of Organizing and Tidying Up,author_marie_kond,decade_2010s
9809,9810,109509,The Afghan,author_frederick_forsyth,decade_2000s
9810,9811,10518110,"The Bite Before Christmas (Argeneau, #15.5; Night Huntress, #6.5)",author_lynsay_sands author_jeaniene_frost,decade_2010s
9811,9812,311196,Frederica,author_georgette_heyer,decade_1960s
9812,9813,97408,Perfect,author_natasha_friend,decade_2000s
9813,9814,513207,"Champions of the Force (Star Wars: The Jedi Academy Trilogy, #3)",author_kevin_j_anderson,decade_1990s
9816,9817,1422250,Vampires are Forever (Argeneau #8),author_lynsay_sands,decade_2000s
9817,9818,1350249,The Lion King (Disney's Wonderful World of Reading),author_justine_korman_fontes,decade_1990s
9818,9819,335397,Two Years Before the Mast: A Sailor's Life at Sea,author_richard_henry_dana_jr,decade_1840s
9819,9820,7078265,"Think Twice (Rosato & Associates, #11)",author_lisa_scottoline,decade_2010s
9821,9822,716944,Owl Babies,author_martin_waddell author_patrick_benson,decade_1970s
9822,9823,22749750,The Turner House,author_angela_flournoy,decade_2010s
9823,9824,359463,Danger in the Shadows (O'Malley #0.5),author_dee_henderson,decade_1990s
9824,9825,17257484,Trouble,author_samantha_towle,decade_2010s
9825,9826,67863,Animal-Speak: The Spiritual & Magical Powers of Creatures Great & Small,author_ted_andrews author_winston_allen author_margaret_k_andrews,decade_1990s
9826,9827,5981415,"Summer on Blossom Street (Blossom Street, #6)",author_debbie_macomber,decade_2000s
9827,9828,34295,Whitethorn Woods,author_maeve_binchy,decade_2000s
9829,9830,96702,Broken for You,author_stephanie_kallos,decade_2000s
9830,9831,12413949,White Girl Problems,author_babe_walker,decade_2010s
9832,9833,10111087,Turn Right at Machu Picchu: Rediscovering the Lost City One Step at a Time,author_mark____adams,decade_2010s
9833,9834,25014,The Map That Changed the World,author_simon_winchester,decade_2000s
9834,9835,72855,"Lake in the Clouds (Wilderness, #3)",author_sara_donati,decade_2000s
9835,9836,25711641,"Tyrant (King, #2)",author_tm_frazier,decade_2010s
9836,9837,18079719,Grasshopper Jungle,author_andrew__smith,decade_2010s
9837,9838,65633,"The Chronicles of Narnia - The Lion, the Witch, and the Wardrobe Official Illustrated Movie Companion",author_perry_moore author_andrew_adamson author_cs_lewis,decade_2000s
9840,9841,15101,Blackberry Wine,author_joanne_harris,decade_1990s
9841,9842,24019187,Humans of New York: Stories,author_brandon_stanton,decade_2010s
9843,9844,17235347,"Life Before Legend: Stories of the Criminal and the Prodigy (Legend, #0.5)",author_marie_lu,decade_2010s
9844,9845,13360101,"Never Seduce a Scot (The Montgomerys and Armstrongs, #1)",author_maya_banks,decade_2010s
9847,9848,61899,"A Civil Campaign (Vorkosigan Saga, #12)",author_lois_mcmaster_bujold,decade_1990s
9849,9850,17563539,The Egg,author_andy_weir,decade_2000s
9850,9851,784222,"Vampire Knight, Vol. 3 (Vampire Knight, #3)",author_matsuri_hino author_tomo_kimura,decade_2000s
9852,9853,690955,Bad Kitty,author_nick_bruel,decade_2000s
9854,9855,5266667,A Kiss in Time,author_alex_flinn,decade_2000s
9855,9856,268955,"Mummies in the Morning (Magic Tree House, #3)",author_mary_pope_osborne author_salvatore_murdocca,decade_2010s
9856,9857,10461,Desolation Angels,author_jack_kerouac author_joyce_johnson,decade_1950s
9858,9859,26771521,"Beacon 23: The Complete Novel (Beacon 23, #1-5)",author_hugh_howey,decade_2010s
9859,9860,50051,The Last Picture Show,author_larry_mcmurtry,decade_1960s
9860,9861,714569,A Countess Below Stairs,author_eva_ibbotson,decade_1980s
9861,9862,4772110,Nocturnes: Five Stories of Music and Nightfall,author_kazuo_ishiguro,decade_2000s
9862,9863,64394,"The Stainless Steel Rat (Stainless Steel Rat, #4)",author_harry_harrison,decade_1960s
9863,9864,88442,Austerlitz,author_wg_sebald author_anthea_bell,decade_2000s
9865,9866,78976,A Twist in the Tale,author_jeffrey_archer,decade_1980s
9866,9867,90420,Copper Sun,author_sharon_m_draper,decade_2000s
9867,9868,61938,"The Rowan (The Tower and the Hive, #1)",author_anne_mccaffrey,decade_1990s
9868,9869,114170,"Then Came You (The Gamblers, #1)",author_lisa_kleypas,decade_1990s
9870,9871,55019,"Black Cherry Blues (Dave Robicheaux, #3)",author_james_lee_burke,decade_1980s
9871,9872,24480276,The Versions of Us,author_laura__barnett,decade_2010s
9872,9873,10537195,"The Last Council (Amulet, #4)",author_kazu_kibuishi,decade_2010s
9873,9874,64794,Dancing Wu Li Masters: An Overview of the New Physics (Perennial Classics),author_gary_zukav,decade_1970s
9875,9876,10165727,"Froi of the Exiles (Lumatere Chronicles, #2)",author_melina_marchetta,decade_2010s
9876,9877,536790,"Trumps of Doom (The Chronicles of Amber, #6)",author_roger_zelazny,decade_1980s
9877,9878,13426114,The Honest Truth About Dishonesty: How We Lie to Everyone - Especially Ourselves,author_dan_ariely,decade_2010s
9878,9879,12687461,"Locked On (Jack Ryan Universe, #14)",author_tom_clancy author_mark_greaney,decade_2010s
9879,9880,11721314,Meant to Be,author_lauren_morrill,decade_2010s
9880,9881,511684,The Illustrated Mum,author_jacqueline_wilson author_nick_sharratt,decade_1990s
9881,9882,18367581,Afterworlds (Afterworlds #1),author_scott_westerfeld,decade_2010s
9882,9883,16158563,The Bookman’s Tale,author_charlie_lovett,decade_2010s
9884,9885,8682579,I'll Walk Alone,author_mary_higgins_clark,decade_2010s
9885,9886,10473214,"13 Gifts (Willow Falls, #3)",author_wendy_mass,decade_2010s
9886,9887,503248,My Lobotomy,author_howard_dully author_charles_fleming,decade_2000s
9887,9888,31087,The Last Boleyn,author_karen_harper,decade_1980s
9888,9889,22923997,"Overruled (The Legal Briefs, #1)",author_emma_chase,decade_2010s
9889,9890,481335,The Vision,author_dean_koontz,decade_1970s
9891,9892,2494204,"Salvation in Death (In Death, #27)",author_jd_robb,decade_2000s
9892,9893,16081202,Open Road Summer,author_emery_lord,decade_2010s
9894,9895,27152124,"Dirty English (English, #1)",author_ilsa_maddenmills,decade_2010s
9896,9897,655601,"Divine Madness (Cherub, #5)",author_robert_muchamore,decade_2000s
9897,9898,12977172,"Spark (Elemental, #2)",author_brigid_kemmerer,decade_2010s
9898,9899,25813921,"Grit: Passion, Perseverance, and the Science of Success",author_angela_duckworth,decade_2010s
9899,9900,6395833,Guts,author_chuck_palahniuk,decade_2000s
9900,9901,7257982,"Innocent (Kindle County Legal Thriller, #8)",author_scott_turow,decade_2000s
9901,9902,236862,"Death Without Company (Walt Longmire, #2)",author_craig_johnson,decade_2000s
9902,9903,625603,Horus Rising,author_dan_abnett,decade_2000s
9903,9904,18680106,"Hard as It Gets (Hard Ink, #1)",author_laura_kaye,decade_2010s
9904,9905,449,Timbuktu,author_paul_auster,decade_1990s
9905,9906,1087207,"Ouran High School Host Club, Vol. 4 (Ouran High School Host Club, #4)",author_bisco_hatori,decade_1990s
9906,9907,7914058,Rescue,author_anita_shreve,decade_2010s
9907,9908,10009,Homo Faber,author_max_frisch,decade_1950s
9908,9909,24612624,George,author_alex_gino,decade_2010s
9910,9911,420496,"A Knight of the Word (Word & Void, #2)",author_terry_brooks,decade_1990s
9911,9912,315882,Henry's Freedom Box: A True Story from the Underground Railroad,author_ellen_levine author_kadir_nelson,decade_2000s
9912,9913,25912358,A Thousand Boy Kisses,author_tillie_cole,decade_2010s
9913,9914,8702806,"Eve (Eve Duncan, #12; Eve, Quinn and Bonnie #1)",author_iris_johansen,decade_2010s
9914,9915,10196362,The Accident,author_linwood_barclay,decade_2010s
9915,9916,25809756,"Shopaholic to the Rescue (Shopaholic, #8)",author_sophie_kinsella,decade_2010s
9916,9917,12989112,Such a Rush,author_jennifer_echols,decade_2010s
9917,9918,5053547,"Trouble in Mudbug (Ghost-in-Law, #1)",author_jana_deleon,decade_2000s
9919,9920,11568316,"Dream Dark (Caster Chronicles, #2.5)",author_kami_garcia author_margaret_stohl,decade_2010s
9920,9921,99713,A Coney Island of the Mind,author_lawrence_ferlinghetti,decade_1950s
9922,9923,228200,"The Green Mile, Part 5: Night Journey",author_stephen_king,decade_1990s
9923,9924,24769,"Blue Noon (Midnighters, #3)",author_scott_westerfeld,decade_2000s
9924,9925,86737,"City of Masks (Stravaganza, #1)",author_mary_hoffman,decade_2000s
9925,9926,12522507,"Hidden (Firelight, #3)",author_sophie_jordan,decade_2010s
9927,9928,33896,Thirteen Moons,author_charles_frazier,decade_2000s
9929,9930,16128105,Big Brother,author_lionel_shriver,decade_2010s
9930,9931,10940958,"Blue Monday (Frieda Klein, #1)",author_nicci_french,decade_2010s
9931,9932,16182601,Bread and   Wine: A Love Letter to Life Around the Table with Recipes,author_shauna_niequist,decade_2010s
9932,9933,1197646,"Parts (Parts, #1)",author_tedd_arnold,decade_1990s
9934,9935,37300,"Broken Prey (Lucas Davenport, #16)",author_john_sandford,decade_2000s
9936,9937,13010211,"Promised (Birthmarked, #3)",author_caragh_m_obrien,decade_2010s
9937,9938,18089900,"The Serpent of Venice (The Fool, #2)",author_christopher_moore,decade_2010s
9938,9939,8034188,Where Good Ideas Come From: The Natural History of Innovation,author_steven_johnson,decade_2010s
9941,9942,16074758,Dangerous Girls,author_abigail_haas author_abby_mcdonald,decade_2010s
9942,9943,653559,Sherlock Holmes and the Case of the Hound of the Baskervilles (Illustrated Classic Editions),author_malvina_g_vogel author_arthur_conan_doyle,decade_1970s
9943,9944,16158498,Give and Take: A Revolutionary Approach to Success,author_adam_m_grant,decade_2010s
9944,9945,18943009,"Rock Bottom (Tristan & Danika, #2)",author_rk_lilley,decade_2010s
9945,9946,3559,From Beirut to Jerusalem,author_thomas_l_friedman,decade_1980s
9946,9947,21393526,"Magonia (Magonia, #1)",author_maria_dahvana_headley,decade_2010s
9947,9948,263173,"Vampire Knight, Vol. 2 (Vampire Knight, #2)",author_matsuri_hino author_tomo_kimura,decade_2000s
9948,9949,1824,The Men Who Stare at Goats,author_jon_ronson,decade_2000s
9949,9950,23341855,"Ride Steady (Chaos, #3)",author_kristen_ashley,decade_2010s
9950,9951,2227371,"The Girl with No Shadow (Chocolat, #2)",author_joanne_harris,decade_2000s
9952,9953,22062202,"Marked in Flesh (The Others, #4)",author_anne_bishop,decade_2010s
9954,9955,13065327,"Wild Cards (Wild Cards, #1)",author_simone_elkeles,decade_2010s
9955,9956,31975,"Astonishing X-Men, Volume 2: Dangerous",author_joss_whedon author_john_cassaday,decade_2000s
9956,9957,6332526,"Inside of a Dog: What Dogs See, Smell, and Know",author_alexandra_horowitz,decade_2000s
9957,9958,7494887,The Pacific,author_hugh_ambrose,decade_2000s
9958,9959,13178410,"Proper Gauge (Wool, #2)",author_hugh_howey,decade_2010s
9960,9961,6872,The Comfort of Strangers,author_ian_mcewan,decade_1980s
9961,9962,52588,Cunt: A Declaration of Independence,author_inga_muscio author_betty_dodson,decade_1990s
9962,9963,92918,"Krondor: The Betrayal (The Riftwar Legacy, #1)",author_raymond_e_feist,decade_1990s
9963,9964,17901125,"The Mime Order (The Bone Season, #2)",author_samantha_shannon,decade_2010s
9964,9965,1011632,Mister B. Gone,author_clive_barker,decade_2000s
9965,9966,9864,The Ground Beneath Her Feet,author_salman_rushdie,decade_1990s
9968,9969,23013953,Gut: The Inside Story of Our Body’s Most Underrated Organ,author_giulia_enders author_jill_enders,decade_2010s
9970,9971,12602078,"The Tycoon's Revenge (Baby for the Billionaire, #1)",author_melody_anne,decade_2010s
9971,9972,4984,Bagombo Snuff Box,author_kurt_vonnegut_jr,decade_1990s
9974,9975,613991,"The King Beyond the Gate (The Drenai Saga, #2)",author_david_gemmell,decade_1980s
9975,9976,6351939,"Sea Glass (Glass, #2)",author_maria_v_snyder,decade_2000s
9977,9978,162332,The Sailor Who Fell from Grace with the Sea,author_yukio_mishima author_john_nathan,decade_1960s
9978,9979,16951,"When the Lion Feeds (Courtney, #1)",author_wilbur_smith,decade_1960s
9979,9980,946899,The Measure of a Lady,author_deeanne_gist,decade_2000s
9980,9981,106312,"The Twelfth Card (Lincoln Rhyme, #6)",author_jeffery_deaver,decade_2000s
9981,9982,12444298,"Feverborn (Fever, #8)",author_karen_marie_moning,decade_2010s
9983,9984,764165,The Snow Leopard,author_peter_matthiessen,decade_1970s
9984,9985,19688,"Breaking Point (Tom Clancy's Net Force, #4)",author_steve_perry author_tom_clancy author_steve_pieczenik,decade_2000s
9986,9987,8087038,"Chasing The Night (Eve Duncan, #11; Catherine Ling, #1)",author_iris_johansen,decade_2010s
9987,9988,129237,A Theory of Justice,author_john_rawls,decade_1970s
9988,9989,13489518,"Out of the Dark (The Grey Wolves, #4)",author_quinn_loftis,decade_2010s
9989,9990,294081,The Mambo Kings Play Songs of Love,author_oscar_hijuelos,decade_1980s
9990,9991,101094,The Famished Road,author_ben_okri,decade_1990s
9991,9992,13616278,"The Red Knight (The Traitor Son Cycle, #1)",author_miles__cameron,decade_2010s
9992,9993,4936457,The Time Traveller's Guide to Medieval England: A Handbook for Visitors to the Fourteenth Century,author_ian_mortimer,decade_2000s
9993,9994,4769651,"The Everafter War (The Sisters Grimm, #7)",author_michael_buckley author_peter_ferguson,decade_2000s
9994,9995,15613,"Billy Budd, Sailor",author_herman_melville,decade_1920s
9995,9996,7130616,"Bayou Moon (The Edge, #2)",author_ilona_andrews,decade_2010s
9996,9997,208324,"Means of Ascent (The Years of Lyndon Johnson, #2)",author_robert_a_caro,decade_1990s
9997,9998,77431,The Mauritius Command,author_patrick_obrian,decade_1970s
9998,9999,8565083,Cinderella Ate My Daughter: Dispatches from the Frontlines of the New Girlie-Girl Culture,author_peggy_orenstein,decade_2010s
